State,AreaID,yearmo,LOB,MEMB_CNT,AVG_AGE,PCT_F,RiskScore,TOTAL_ALLOWED_PMPM,IP_Allowed_PMPM,OP_Allowed_PMPM,PROF_Allowed_PMPM,RX_Allowed_PMPM,Other_Allowed_PMPM,MED_ADMT_CNT,FOP_WO_ED_CNT,ED_ADMT_CNT,UC_ADMT_CNT,PCP_VIST_CNT,SPEC_VIST_CNT,ALG_TST_CNT,ALG_IMT_CNT,E_TOTPOP,AREA_SQMI,E_HU,E_HH,E_UNEMP,E_NOHSDP,E_UNINSUR,E_AGE65,E_AGE17,E_LIMENG,E_MINRTY,E_MUNIT,E_MOBILE,E_CROWD,E_NOVEH,E_GROUPQ
CA,CA1,201701,ADV,47530,73.38560909,0.573616663,0.560346055,$702.23 ,$257.41 ,$96.82 ,$189.98 ,$158.01 ,$0.00 ,477,31,432,590,10976,856,19,39,3302833,4208.762531,1204884,1118980,106962,286008,279602,439595,726344,216965,1787453,255366,42081,75015,61486,89451
CA,CA10,201701,ADV,59,79.94915254,0.644067797,1.089813559,"$1,062.03 ",$279.56 ,$220.76 ,$367.63 ,$194.09 ,$0.00 ,0,0,1,0,18,18,0,0,460477,4824.376542,147791,136106,18321,81345,44779,50391,143528,61208,326860,6561,10023,13317,8274,5426
CA,CA11,201701,ADV,13,74.69230769,0.615384615,1.091538462,$442.88 ,$0.00 ,$155.79 ,$178.68 ,$108.41 ,$0.00 ,0,0,1,0,4,7,0,0,150075,1390.308446,45792,42735,4855,24270,10946,14567,40935,13829,101017,2919,1938,3483,2730,14912
CA,CA12,201701,ADV,120,76.975,0.583333333,1.1961,"$1,522.07 ",$657.33 ,$167.66 ,$403.83 ,$293.26 ,$0.00 ,1,0,2,2,29,39,0,0,978130,5958.095977,328577,304624,41276,147389,92035,114438,279979,108140,686675,23756,12508,28262,25805,16750
CA,CA13,201701,ADV,129,76.88372093,0.410852713,1.12803876,"$1,472.71 ",$564.38 ,$160.81 ,$358.47 ,$389.05 ,$0.00 ,2,0,10,0,26,26,0,1,342954,21389.49918,163854,119622,10594,41422,24903,67475,74845,21273,143965,5802,14241,5844,5879,17935
CA,CA14,201701,ADV,1671,72.9293836,0.55176541,1.010056254,"$1,018.01 ",$231.82 ,$320.87 ,$251.86 ,$213.46 ,$0.00 ,12,5,38,3,409,193,2,4,2255381,3124.860076,789873,749021,60919,189668,113096,295103,502048,188257,1461149,154299,25948,59669,38303,48904
CA,CA15,201701,ADV,40,77,0.55,1.364125,$542.00 ,$0.00 ,$95.77 ,$286.11 ,$160.12 ,$0.00 ,0,0,0,1,17,8,0,0,269075,1935.645521,84795,79606,14912,48433,23145,29320,80062,34066,193067,3236,5216,7611,5801,5926
CA,CA16,201701,ADV,946,77.53911205,0.599365751,1.100344609,"$1,147.52 ",$306.28 ,$182.60 ,$388.63 ,$270.02 ,$0.00 ,13,1,25,10,219,286,0,7,4673221,2470.336258,1796567,1692047,128698,373438,232541,689629,936866,360315,2804353,396804,19220,110888,205390,80356
CA,CA17,201701,ADV,337,75.98516321,0.572700297,1.043,$834.24 ,$137.05 ,$203.39 ,$252.02 ,$241.78 ,$0.00 ,4,0,12,4,98,63,0,1,539301,1496.015066,181213,172682,26130,73664,35012,67770,146907,48530,309505,12059,7723,11489,11100,5269
CA,CA18,201701,ADV,82,76.08536585,0.609756098,1.309414634,$904.65 ,$108.01 ,$209.41 ,$430.01 ,$157.23 ,$0.00 ,1,0,3,1,23,21,0,0,732212,1392.385418,241055,226727,28989,96905,53972,89461,201506,62038,494325,20238,8143,16525,14450,15994
CA,CA19,201701,ADV,332,77.05120482,0.584337349,1.086668675,$789.52 ,$105.45 ,$146.62 ,$337.40 ,$200.05 ,$0.00 ,2,0,5,3,92,81,0,1,2291738,5095.099057,896341,819372,75758,168734,134416,335498,532415,114749,1083594,101802,25772,34828,51388,38576
CA,CA2,201701,ADV,29,73.86206897,0.379310345,0.771034483,"$1,092.92 ",$569.82 ,$8.90 ,$312.16 ,$202.04 ,$0.00 ,1,0,0,1,9,2,0,0,180216,4176.578436,57468,44057,10782,33928,15883,22446,51676,34263,160443,3448,6076,4616,3242,9708
CA,CA20,201701,ADV,49,74.73469388,0.653061225,1.215020408,"$1,277.95 ",$577.05 ,$226.43 ,$343.15 ,$131.31 ,$0.00 ,1,1,1,2,12,4,0,0,438530,821.7515515,156896,149067,15346,36031,23696,64390,98813,20223,269660,13520,4468,7695,7541,10444
CA,CA21,201701,ADV,106,77.77358491,0.556603774,1.132481132,$990.55 ,$266.49 ,$168.98 ,$367.68 ,$187.40 ,$0.00 ,1,0,7,5,26,30,0,0,641847,2324.181643,263188,238371,17271,57501,43401,116457,130712,38050,249451,23427,13544,12933,11677,12597
CA,CA22,201701,ADV,15,75.73333333,0.6,0.818666667,$733.94 ,$429.49 ,$23.41 ,$149.27 ,$131.78 ,$0.00 ,1,0,1,0,5,2,0,0,171365,1234.545845,62685,58539,6792,22175,14964,23303,45990,13426,84511,4555,4913,3992,3786,2411
CA,CA23,201701,ADV,68,74.48529412,0.397058824,1.051485294,$815.76 ,$430.48 ,$152.03 ,$179.46 ,$53.79 ,$0.00 ,1,0,1,0,4,9,0,0,151906,9005.172163,84579,59685,4117,9269,9764,35175,25619,1701,28770,2723,7154,1011,2769,11716
CA,CA24,201701,ADV,221,77.92760181,0.583710407,0.991380091,"$1,083.17 ",$432.88 ,$126.40 ,$272.48 ,$251.41 ,$0.00 ,1,0,10,1,54,48,0,1,428006,8864.022501,193696,163983,16804,39396,35478,79271,91192,17615,138500,10651,26639,6204,11021,9809
CA,CA25,201701,ADV,99,77.92929293,0.454545455,1.018323232,"$1,516.83 ",$715.23 ,$181.59 ,$344.26 ,$275.74 ,$0.00 ,4,0,7,0,30,18,0,1,470990,24672.40534,218386,187277,15591,36021,38019,90963,98766,8104,114440,8163,28551,6986,13481,12724
CA,CA3,201701,ADV,7853,76.03590984,0.595568573,0.450386222,$508.74 ,$134.47 ,$58.89 ,$95.32 ,$220.06 ,$0.00 ,32,1,92,21,388,301,2,10,4518699,27266.44488,1549773,1348982,180356,553160,432652,561952,1186660,340581,3038969,129608,113905,106066,62893,91930
CA,CA4,201701,ADV,8058,74.592827,0.56341524,0.665493795,$752.68 ,$214.02 ,$74.94 ,$199.86 ,$263.86 ,$0.00 ,49,2,102,32,1009,1215,4,19,13262234,4850.972611,4615697,4338482,441609,1781058,1352330,1739765,2957709,1601964,9307146,1149887,86507,469799,343744,220875
CA,CA5,201701,ADV,268,75.67164179,0.597014925,1.135776119,"$1,138.73 ",$338.19 ,$83.26 ,$416.10 ,$301.18 ,$0.00 ,2,0,6,1,64,67,0,2,848112,1842.466511,287498,271226,25853,88185,78474,123435,199599,77382,459811,31090,10988,17892,11400,12601
CA,,201701,ADV,90,78.66666667,0.633333333,1.217666667,"$1,188.43 ",$79.55 ,$286.01 ,$402.19 ,$420.68 ,$0.00 ,2,0,5,0,29,30,0,0,443738,2735.137621,156210,144962,13861,52042,46478,64775,99117,45552,244382,21169,6950,15410,8052,19863
CA,CA7,201701,ADV,2154,71.87836583,0.551532033,0.259189415,$203.29 ,$14.37 ,$5.87 ,$31.11 ,$151.94 ,$0.00 ,1,0,2,1,27,17,0,1,883053,8132.256436,295756,267913,39056,139584,77216,92005,257750,84735,576023,15490,21557,24792,18281,31126
CA,CA8,201701,ADV,91,77.69230769,0.593406593,0.942461539,$587.25 ,$0.00 ,$170.91 ,$238.43 ,$177.91 ,$0.00 ,0,0,4,3,17,22,0,0,281455,3300.636162,121095,105317,6175,17123,20715,52758,50492,9045,86881,7329,9630,3482,4557,16435
CA,CA9,201701,ADV,59,76.45762712,0.593220339,1.01379661,"$1,219.89 ",$455.60 ,$122.70 ,$408.35 ,$233.24 ,$0.00 ,1,0,0,0,22,15,0,0,433212,3281.719108,141155,126052,10475,78816,46650,55515,114125,75432,301974,14534,6567,17221,5984,17741
CA,CA1,201702,ADV,48023,73.39970431,0.57372509,0.560369032,$689.09 ,$238.81 ,$95.58 ,$181.38 ,$173.32 ,$0.00 ,449,31,419,549,10193,972,21,47,3302833,4208.762531,1204884,1118980,106962,286008,279602,439595,726344,216965,1787453,255366,42081,75015,61486,89451
CA,CA10,201702,ADV,60,79.81666667,0.65,1.101466667,$504.17 ,$0.00 ,$81.79 ,$270.38 ,$152.01 ,$0.00 ,0,0,2,0,14,15,0,0,460477,4824.376542,147791,136106,18321,81345,44779,50391,143528,61208,326860,6561,10023,13317,8274,5426
CA,CA11,201702,ADV,13,74.76923077,0.615384615,1.091538462,$516.61 ,$0.00 ,$95.08 ,$172.32 ,$249.21 ,$0.00 ,0,0,2,0,6,2,0,0,150075,1390.308446,45792,42735,4855,24270,10946,14567,40935,13829,101017,2919,1938,3483,2730,14912
CA,CA12,201702,ADV,122,76.8852459,0.581967213,1.1815,$930.94 ,$276.00 ,$119.65 ,$269.63 ,$265.66 ,$0.00 ,3,0,3,3,30,36,0,0,978130,5958.095977,328577,304624,41276,147389,92035,114438,279979,108140,686675,23756,12508,28262,25805,16750
CA,CA13,201702,ADV,129,76.92248062,0.410852713,1.12803876,$843.39 ,$248.79 ,$168.37 ,$232.46 ,$193.77 ,$0.00 ,2,0,2,0,26,30,0,1,342954,21389.49918,163854,119622,10594,41422,24903,67475,74845,21273,143965,5802,14241,5844,5879,17935
CA,CA14,201702,ADV,1695,72.9280236,0.552212389,1.00640767,"$1,021.15 ",$221.32 ,$381.49 ,$217.22 ,$201.12 ,$0.00 ,14,3,28,2,365,186,1,3,2255381,3124.860076,789873,749021,60919,189668,113096,295103,502048,188257,1461149,154299,25948,59669,38303,48904
CA,CA15,201702,ADV,40,77.075,0.55,1.364125,"$1,309.33 ",$0.00 ,$861.67 ,$257.93 ,$189.73 ,$0.00 ,0,0,1,2,8,5,0,0,269075,1935.645521,84795,79606,14912,48433,23145,29320,80062,34066,193067,3236,5216,7611,5801,5926
CA,CA16,201702,ADV,951,77.56361725,0.599369085,1.097499474,"$1,075.79 ",$289.84 ,$165.38 ,$364.06 ,$256.51 ,$0.00 ,12,1,26,6,206,231,0,4,4673221,2470.336258,1796567,1692047,128698,373438,232541,689629,936866,360315,2804353,396804,19220,110888,205390,80356
CA,CA17,201702,ADV,339,75.99115044,0.572271386,1.039619469,$704.85 ,$69.30 ,$162.07 ,$256.22 ,$217.25 ,$0.00 ,3,0,5,4,88,67,0,1,539301,1496.015066,181213,172682,26130,73664,35012,67770,146907,48530,309505,12059,7723,11489,11100,5269
CA,CA18,201702,ADV,82,76.1097561,0.609756098,1.309414634,"$1,402.95 ",$312.40 ,$459.52 ,$393.13 ,$237.90 ,$0.00 ,3,0,4,1,24,16,0,0,732212,1392.385418,241055,226727,28989,96905,53972,89461,201506,62038,494325,20238,8143,16525,14450,15994
CA,CA19,201702,ADV,332,77.11445783,0.584337349,1.086668675,"$1,050.45 ",$335.34 ,$150.21 ,$366.24 ,$198.66 ,$0.00 ,3,0,11,1,75,69,0,1,2291738,5095.099057,896341,819372,75758,168734,134416,335498,532415,114749,1083594,101802,25772,34828,51388,38576
CA,CA2,201702,ADV,29,73.93103448,0.379310345,0.771034483,$228.07 ,$0.00 ,$4.51 ,$165.94 ,$57.62 ,$0.00 ,0,0,0,0,4,2,0,0,180216,4176.578436,57468,44057,10782,33928,15883,22446,51676,34263,160443,3448,6076,4616,3242,9708
CA,CA20,201702,ADV,49,74.79591837,0.653061225,1.215020408,"$1,079.24 ",$190.75 ,$244.05 ,$312.19 ,$332.25 ,$0.00 ,1,0,2,0,10,7,0,0,438530,821.7515515,156896,149067,15346,36031,23696,64390,98813,20223,269660,13520,4468,7695,7541,10444
CA,CA21,201702,ADV,108,77.73148148,0.555555556,1.116472222,$891.35 ,$220.82 ,$80.95 ,$352.40 ,$237.17 ,$0.00 ,1,0,2,4,26,26,0,0,641847,2324.181643,263188,238371,17271,57501,43401,116457,130712,38050,249451,23427,13544,12933,11677,12597
CA,CA22,201702,ADV,15,75.73333333,0.6,0.818666667,$342.44 ,$0.00 ,$24.73 ,$237.08 ,$80.63 ,$0.00 ,0,0,1,0,6,3,0,0,171365,1234.545845,62685,58539,6792,22175,14964,23303,45990,13426,84511,4555,4913,3992,3786,2411
CA,CA23,201702,ADV,67,74.64179105,0.402985075,1.061656716,$295.93 ,$0.00 ,$135.89 ,$136.39 ,$23.66 ,$0.00 ,0,0,4,0,5,8,0,0,151906,9005.172163,84579,59685,4117,9269,9764,35175,25619,1701,28770,2723,7154,1011,2769,11716
CA,CA24,201702,ADV,221,77.95927602,0.583710407,0.991380091,$914.87 ,$228.78 ,$91.89 ,$274.85 ,$319.35 ,$0.00 ,2,0,3,1,52,48,0,2,428006,8864.022501,193696,163983,16804,39396,35478,79271,91192,17615,138500,10651,26639,6204,11021,9809
CA,CA25,201702,ADV,100,77.98,0.45,1.01876,"$1,274.90 ",$592.19 ,$214.96 ,$306.43 ,$161.33 ,$0.00 ,0,0,4,0,20,21,0,1,470990,24672.40534,218386,187277,15591,36021,38019,90963,98766,8104,114440,8163,28551,6986,13481,12724
CA,CA3,201702,ADV,7919,75.99898977,0.595529739,0.451848466,$430.60 ,$99.60 ,$51.05 ,$87.07 ,$192.88 ,$0.00 ,29,1,80,13,371,279,3,12,4518699,27266.44488,1549773,1348982,180356,553160,432652,561952,1186660,340581,3038969,129608,113905,106066,62893,91930
CA,CA4,201702,ADV,8196,74.51464129,0.563201562,0.664413616,$679.87 ,$147.66 ,$90.71 ,$202.36 ,$239.14 ,$0.00 ,35,1,89,28,1018,1224,7,20,13262234,4850.972611,4615697,4338482,441609,1781058,1352330,1739765,2957709,1601964,9307146,1149887,86507,469799,343744,220875
CA,CA5,201702,ADV,268,75.71641791,0.597014925,1.135776119,"$1,257.44 ",$469.38 ,$118.42 ,$425.42 ,$244.22 ,$0.00 ,2,0,4,1,57,77,1,2,848112,1842.466511,287498,271226,25853,88185,78474,123435,199599,77382,459811,31090,10988,17892,11400,12601
CA,CA6,201702,ADV,92,78.81521739,0.630434783,1.269032609,"$1,222.18 ",$402.74 ,$199.76 ,$417.12 ,$202.56 ,$0.00 ,0,0,4,0,17,29,0,0,443738,2735.137621,156210,144962,13861,52042,46478,64775,99117,45552,244382,21169,6950,15410,8052,19863
CA,CA7,201702,ADV,2177,71.8277446,0.552595315,0.259264125,$179.66 ,$5.73 ,$6.22 ,$24.75 ,$142.96 ,$0.00 ,0,0,3,2,21,25,0,1,883053,8132.256436,295756,267913,39056,139584,77216,92005,257750,84735,576023,15490,21557,24792,18281,31126
CA,CA8,201702,ADV,91,77.73626374,0.593406593,0.942461539,$569.24 ,$0.00 ,$125.02 ,$255.55 ,$188.67 ,$0.00 ,0,0,2,2,25,20,0,0,281455,3300.636162,121095,105317,6175,17123,20715,52758,50492,9045,86881,7329,9630,3482,4557,16435
CA,CA9,201702,ADV,61,76.19672131,0.606557377,1.001573771,"$1,553.52 ",$801.78 ,$296.82 ,$310.71 ,$144.22 ,$0.00 ,1,0,2,0,14,11,0,0,433212,3281.719108,141155,126052,10475,78816,46650,55515,114125,75432,301974,14534,6567,17221,5984,17741
CA,CA1,201703,ADV,48425,73.42300465,0.57348477,0.559854022,$767.83 ,$241.10 ,$112.34 ,$213.21 ,$201.18 ,$0.00 ,549,40,479,554,10665,1818,26,38,3302833,4208.762531,1204884,1118980,106962,286008,279602,439595,726344,216965,1787453,255366,42081,75015,61486,89451
CA,CA10,201703,ADV,60,79.88333333,0.65,1.101466667,"$1,185.83 ",$409.02 ,$101.80 ,$412.55 ,$262.46 ,$0.00 ,2,0,2,0,17,18,0,0,460477,4824.376542,147791,136106,18321,81345,44779,50391,143528,61208,326860,6561,10023,13317,8274,5426
CA,CA11,201703,ADV,13,74.84615385,0.615384615,1.091538462,$855.77 ,$0.00 ,$256.77 ,$353.25 ,$245.75 ,$0.00 ,0,0,0,0,5,3,0,0,150075,1390.308446,45792,42735,4855,24270,10946,14567,40935,13829,101017,2919,1938,3483,2730,14912
CA,CA12,201703,ADV,122,76.90983607,0.581967213,1.1815,$747.03 ,$0.00 ,$77.27 ,$329.73 ,$340.03 ,$0.00 ,0,0,2,1,28,39,0,0,978130,5958.095977,328577,304624,41276,147389,92035,114438,279979,108140,686675,23756,12508,28262,25805,16750
CA,CA13,201703,ADV,129,76.99224806,0.410852713,1.12803876,$759.43 ,$160.06 ,$94.39 ,$226.14 ,$278.84 ,$0.00 ,1,0,2,0,35,33,0,1,342954,21389.49918,163854,119622,10594,41422,24903,67475,74845,21273,143965,5802,14241,5844,5879,17935
CA,CA14,201703,ADV,1720,72.95639535,0.551162791,1.00014593,"$1,380.74 ",$451.45 ,$457.36 ,$263.24 ,$208.69 ,$0.00 ,17,6,46,7,389,212,4,5,2255381,3124.860076,789873,749021,60919,189668,113096,295103,502048,188257,1461149,154299,25948,59669,38303,48904
CA,CA15,201703,ADV,40,77.1,0.55,1.364125,"$1,366.32 ",$671.21 ,$68.19 ,$426.68 ,$200.25 ,$0.00 ,1,0,2,0,11,10,0,0,269075,1935.645521,84795,79606,14912,48433,23145,29320,80062,34066,193067,3236,5216,7611,5801,5926
CA,CA16,201703,ADV,955,77.56963351,0.6,1.09515288,"$1,131.70 ",$227.80 ,$181.51 ,$443.60 ,$278.79 ,$0.00 ,7,1,24,6,267,304,0,7,4673221,2470.336258,1796567,1692047,128698,373438,232541,689629,936866,360315,2804353,396804,19220,110888,205390,80356
CA,CA17,201703,ADV,342,75.98538012,0.573099415,1.034061404,$798.63 ,$164.98 ,$193.16 ,$250.83 ,$189.66 ,$0.00 ,2,0,8,2,117,78,0,1,539301,1496.015066,181213,172682,26130,73664,35012,67770,146907,48530,309505,12059,7723,11489,11100,5269
CA,CA18,201703,ADV,82,76.14634146,0.609756098,1.309414634,"$1,160.16 ",$270.99 ,$353.94 ,$335.19 ,$200.04 ,$0.00 ,2,0,3,1,23,22,0,0,732212,1392.385418,241055,226727,28989,96905,53972,89461,201506,62038,494325,20238,8143,16525,14450,15994
CA,CA19,201703,ADV,333,77.08408408,0.585585586,1.085396396,"$1,153.07 ",$354.98 ,$145.54 ,$423.27 ,$229.29 ,$0.00 ,5,0,6,2,83,88,0,1,2291738,5095.099057,896341,819372,75758,168734,134416,335498,532415,114749,1083594,101802,25772,34828,51388,38576
CA,CA2,201703,ADV,29,74,0.379310345,0.771034483,"$1,122.71 ",$749.21 ,$99.90 ,$250.34 ,$23.25 ,$0.00 ,1,0,1,0,5,7,0,0,180216,4176.578436,57468,44057,10782,33928,15883,22446,51676,34263,160443,3448,6076,4616,3242,9708
CA,,201703,ADV,49,74.83673469,0.653061225,1.215020408,"$1,217.08 ",$0.00 ,$583.24 ,$405.61 ,$228.24 ,$0.00 ,0,0,1,1,14,4,0,0,438530,821.7515515,156896,149067,15346,36031,23696,64390,98813,20223,269660,13520,4468,7695,7541,10444
CA,CA21,201703,ADV,109,77.6146789,0.550458716,1.123183486,$684.98 ,$0.00 ,$147.92 ,$348.19 ,$188.87 ,$0.00 ,0,0,5,4,29,36,0,0,641847,2324.181643,263188,238371,17271,57501,43401,116457,130712,38050,249451,23427,13544,12933,11677,12597
CA,CA22,201703,ADV,15,75.86666667,0.6,0.818666667,$440.14 ,$0.00 ,$58.82 ,$233.91 ,$147.42 ,$0.00 ,0,0,0,0,4,1,0,0,171365,1234.545845,62685,58539,6792,22175,14964,23303,45990,13426,84511,4555,4913,3992,3786,2411
CA,CA23,201703,ADV,68,74.58823529,0.397058824,1.051485294,$666.73 ,$158.39 ,$245.25 ,$212.36 ,$50.73 ,$0.00 ,1,0,1,1,6,16,0,0,151906,9005.172163,84579,59685,4117,9269,9764,35175,25619,1701,28770,2723,7154,1011,2769,11716
CA,CA24,201703,ADV,223,77.88789238,0.582959641,0.993484305,"$1,207.10 ",$532.13 ,$103.73 ,$294.78 ,$276.46 ,$0.00 ,4,0,5,3,70,59,0,1,428006,8864.022501,193696,163983,16804,39396,35478,79271,91192,17615,138500,10651,26639,6204,11021,9809
CA,CA25,201703,ADV,100,78.05,0.45,1.01876,$954.84 ,$263.83 ,$221.09 ,$268.26 ,$201.67 ,$0.00 ,3,0,4,1,25,23,1,1,470990,24672.40534,218386,187277,15591,36021,38019,90963,98766,8104,114440,8163,28551,6986,13481,12724
CA,CA3,201703,ADV,7956,76.0130719,0.595274007,0.452102564,$480.04 ,$110.94 ,$48.67 ,$100.18 ,$220.24 ,$0.00 ,23,0,90,16,424,334,1,12,4518699,27266.44488,1549773,1348982,180356,553160,432652,561952,1186660,340581,3038969,129608,113905,106066,62893,91930
CA,CA4,201703,ADV,8284,74.44314341,0.56361661,0.664403066,$766.83 ,$164.31 ,$91.06 ,$229.57 ,$281.89 ,$0.00 ,31,0,106,29,1075,1361,4,21,13262234,4850.972611,4615697,4338482,441609,1781058,1352330,1739765,2957709,1601964,9307146,1149887,86507,469799,343744,220875
CA,CA5,201703,ADV,269,75.56877323,0.598513011,1.132490706,$881.48 ,$0.00 ,$190.35 ,$411.43 ,$279.69 ,$0.00 ,0,0,8,0,61,76,1,2,848112,1842.466511,287498,271226,25853,88185,78474,123435,199599,77382,459811,31090,10988,17892,11400,12601
CA,CA6,201703,ADV,92,78.84782609,0.630434783,1.269032609,"$1,368.10 ",$161.99 ,$160.08 ,$449.21 ,$596.82 ,$0.00 ,1,0,1,0,28,34,1,0,443738,2735.137621,156210,144962,13861,52042,46478,64775,99117,45552,244382,21169,6950,15410,8052,19863
CA,CA7,201703,ADV,2186,71.86276304,0.552150046,0.259668802,$274.34 ,$38.14 ,$11.41 ,$35.84 ,$188.95 ,$0.00 ,0,0,4,0,29,26,0,1,883053,8132.256436,295756,267913,39056,139584,77216,92005,257750,84735,576023,15490,21557,24792,18281,31126
CA,CA8,201703,ADV,91,77.76923077,0.593406593,0.942461539,"$1,328.91 ",$206.68 ,$577.40 ,$360.13 ,$184.71 ,$0.00 ,0,0,2,2,23,33,0,0,281455,3300.636162,121095,105317,6175,17123,20715,52758,50492,9045,86881,7329,9630,3482,4557,16435
CA,CA9,201703,ADV,61,76.27868853,0.606557377,1.001573771,"$1,402.56 ",$324.58 ,$288.34 ,$468.47 ,$321.17 ,$0.00 ,0,0,1,1,14,17,0,0,433212,3281.719108,141155,126052,10475,78816,46650,55515,114125,75432,301974,14534,6567,17221,5984,17741
CA,CA1,201704,ADV,48405,73.49459767,0.573473815,0.559697779,$678.39 ,$217.17 ,$84.28 ,$179.74 ,$197.21 ,$0.00 ,687,25,509,667,8534,2981,22,34,3302833,4208.762531,1204884,1118980,106962,286008,279602,439595,726344,216965,1787453,255366,42081,75015,61486,89451
CA,CA10,201704,ADV,60,79.9,0.65,1.101466667,"$1,331.14 ",$208.86 ,$525.25 ,$414.39 ,$182.64 ,$0.00 ,0,0,2,0,24,19,0,0,460477,4824.376542,147791,136106,18321,81345,44779,50391,143528,61208,326860,6561,10023,13317,8274,5426
CA,CA11,201704,ADV,13,74.84615385,0.615384615,1.091538462,$668.58 ,$0.00 ,$336.52 ,$193.71 ,$138.35 ,$0.00 ,0,0,0,0,8,3,0,0,150075,1390.308446,45792,42735,4855,24270,10946,14567,40935,13829,101017,2919,1938,3483,2730,14912
CA,CA12,201704,ADV,122,76.98360656,0.581967213,1.1815,"$1,281.91 ",$485.85 ,$156.17 ,$374.86 ,$265.02 ,$0.00 ,1,0,1,0,32,42,0,0,978130,5958.095977,328577,304624,41276,147389,92035,114438,279979,108140,686675,23756,12508,28262,25805,16750
CA,CA13,201704,ADV,129,77.07751938,0.410852713,1.12803876,$766.19 ,$0.00 ,$316.20 ,$221.46 ,$228.53 ,$0.00 ,0,0,6,0,26,30,0,1,342954,21389.49918,163854,119622,10594,41422,24903,67475,74845,21273,143965,5802,14241,5844,5879,17935
CA,CA14,201704,ADV,1722,73.0174216,0.551684088,0.99973403,$992.71 ,$243.93 ,$332.10 ,$207.46 ,$209.22 ,$0.00 ,16,2,46,3,340,198,3,5,2255381,3124.860076,789873,749021,60919,189668,113096,295103,502048,188257,1461149,154299,25948,59669,38303,48904
CA,CA15,201704,ADV,40,77.175,0.55,1.364125,$775.65 ,$0.00 ,$157.85 ,$399.91 ,$217.89 ,$0.00 ,0,0,1,0,13,8,0,0,269075,1935.645521,84795,79606,14912,48433,23145,29320,80062,34066,193067,3236,5216,7611,5801,5926
CA,CA16,201704,ADV,955,77.6104712,0.6,1.09515288,"$1,198.86 ",$381.31 ,$227.97 ,$332.85 ,$256.72 ,$0.00 ,11,0,26,7,224,262,0,5,4673221,2470.336258,1796567,1692047,128698,373438,232541,689629,936866,360315,2804353,396804,19220,110888,205390,80356
CA,CA17,201704,ADV,342,76.04385965,0.573099415,1.034061404,$931.10 ,$319.95 ,$172.59 ,$261.17 ,$177.40 ,$0.00 ,5,0,7,2,90,80,0,0,539301,1496.015066,181213,172682,26130,73664,35012,67770,146907,48530,309505,12059,7723,11489,11100,5269
CA,CA18,201704,ADV,82,76.20731707,0.609756098,1.309414634,"$1,230.03 ",$353.66 ,$276.91 ,$376.95 ,$222.50 ,$0.00 ,0,0,0,1,20,25,0,0,732212,1392.385418,241055,226727,28989,96905,53972,89461,201506,62038,494325,20238,8143,16525,14450,15994
CA,CA19,201704,ADV,333,77.14414414,0.585585586,1.085396396,$757.11 ,$155.78 ,$168.72 ,$280.66 ,$151.96 ,$0.00 ,2,0,17,2,95,70,0,1,2291738,5095.099057,896341,819372,75758,168734,134416,335498,532415,114749,1083594,101802,25772,34828,51388,38576
CA,CA2,201704,ADV,29,74.06896552,0.379310345,0.771034483,$885.80 ,$140.14 ,$440.49 ,$152.62 ,$152.56 ,$0.00 ,0,0,1,1,5,5,0,0,180216,4176.578436,57468,44057,10782,33928,15883,22446,51676,34263,160443,3448,6076,4616,3242,9708
CA,CA20,201704,ADV,49,74.83673469,0.653061225,1.215020408,$732.85 ,$0.00 ,$326.00 ,$263.06 ,$143.79 ,$0.00 ,0,0,1,1,13,6,0,0,438530,821.7515515,156896,149067,15346,36031,23696,64390,98813,20223,269660,13520,4468,7695,7541,10444
CA,CA21,201704,ADV,109,77.64220184,0.550458716,1.123183486,"$1,125.06 ",$283.62 ,$353.80 ,$318.99 ,$168.65 ,$0.00 ,1,0,5,4,25,25,0,0,641847,2324.181643,263188,238371,17271,57501,43401,116457,130712,38050,249451,23427,13544,12933,11677,12597
CA,CA22,201704,ADV,15,76,0.6,0.818666667,$490.95 ,$0.00 ,$125.16 ,$290.38 ,$75.41 ,$0.00 ,0,0,0,0,5,2,0,0,171365,1234.545845,62685,58539,6792,22175,14964,23303,45990,13426,84511,4555,4913,3992,3786,2411
CA,CA23,201704,ADV,67,74.82089552,0.402985075,1.061656716,"$1,171.97 ",$582.61 ,$309.90 ,$217.61 ,$61.85 ,$0.00 ,2,0,1,1,7,12,0,0,151906,9005.172163,84579,59685,4117,9269,9764,35175,25619,1701,28770,2723,7154,1011,2769,11716
CA,CA24,201704,ADV,223,77.92376682,0.582959641,0.993484305,$711.04 ,$62.40 ,$139.74 ,$289.11 ,$219.79 ,$0.00 ,1,0,14,1,56,52,0,0,428006,8864.022501,193696,163983,16804,39396,35478,79271,91192,17615,138500,10651,26639,6204,11021,9809
CA,CA25,201704,ADV,100,78.13,0.45,1.01876,$785.60 ,$87.57 ,$317.39 ,$294.61 ,$86.03 ,$0.00 ,1,0,5,0,26,20,0,1,470990,24672.40534,218386,187277,15591,36021,38019,90963,98766,8104,114440,8163,28551,6986,13481,12724
CA,CA3,201704,ADV,7956,76.06096028,0.595274007,0.452102564,$437.94 ,$93.45 ,$61.85 ,$85.57 ,$197.07 ,$0.00 ,31,2,94,24,333,333,4,13,4518699,27266.44488,1549773,1348982,180356,553160,432652,561952,1186660,340581,3038969,129608,113905,106066,62893,91930
CA,CA4,201704,ADV,8284,74.47501207,0.56361661,0.664403066,$662.95 ,$123.73 ,$76.84 ,$194.46 ,$267.93 ,$0.00 ,34,0,117,34,983,1181,8,20,13262234,4850.972611,4615697,4338482,441609,1781058,1352330,1739765,2957709,1601964,9307146,1149887,86507,469799,343744,220875
CA,CA5,201704,ADV,269,75.60594796,0.598513011,1.132490706,"$1,127.85 ",$354.01 ,$104.74 ,$376.04 ,$293.07 ,$0.00 ,4,0,8,3,62,75,1,1,848112,1842.466511,287498,271226,25853,88185,78474,123435,199599,77382,459811,31090,10988,17892,11400,12601
CA,CA6,201704,ADV,92,78.91304348,0.630434783,1.269032609,"$1,514.65 ",$606.30 ,$205.79 ,$421.12 ,$281.44 ,$0.00 ,1,1,7,2,27,28,0,0,443738,2735.137621,156210,144962,13861,52042,46478,64775,99117,45552,244382,21169,6950,15410,8052,19863
CA,CA7,201704,ADV,2186,71.90805124,0.552150046,0.259668802,$207.98 ,$5.99 ,$7.86 ,$24.87 ,$169.26 ,$0.00 ,0,0,4,0,15,25,1,1,883053,8132.256436,295756,267913,39056,139584,77216,92005,257750,84735,576023,15490,21557,24792,18281,31126
CA,CA8,201704,ADV,91,77.79120879,0.593406593,0.942461539,$940.78 ,$0.00 ,$505.26 ,$236.96 ,$198.56 ,$0.00 ,0,0,2,2,20,28,0,0,281455,3300.636162,121095,105317,6175,17123,20715,52758,50492,9045,86881,7329,9630,3482,4557,16435
CA,CA9,201704,ADV,61,76.27868853,0.606557377,1.001573771,"$1,792.63 ",$923.67 ,$342.02 ,$300.22 ,$226.72 ,$0.00 ,0,0,2,0,17,15,0,0,433212,3281.719108,141155,126052,10475,78816,46650,55515,114125,75432,301974,14534,6567,17221,5984,17741
CA,CA1,201705,ADV,48412,73.57097414,0.573514831,0.559858775,$742.91 ,$227.21 ,$103.39 ,$202.71 ,$209.60 ,$0.00 ,662,22,506,675,9758,3226,27,43,3302833,4208.762531,1204884,1118980,106962,286008,279602,439595,726344,216965,1787453,255366,42081,75015,61486,89451
CA,CA10,201705,ADV,60,79.9,0.65,1.101466667,"$1,178.24 ",$81.32 ,$312.48 ,$551.70 ,$232.74 ,$0.00 ,0,0,2,0,16,17,0,0,460477,4824.376542,147791,136106,18321,81345,44779,50391,143528,61208,326860,6561,10023,13317,8274,5426
CA,CA11,201705,ADV,13,74.84615385,0.615384615,1.091538462,$307.02 ,$0.00 ,$54.68 ,$166.00 ,$86.34 ,$0.00 ,0,0,0,0,6,2,0,0,150075,1390.308446,45792,42735,4855,24270,10946,14567,40935,13829,101017,2919,1938,3483,2730,14912
CA,CA12,201705,ADV,122,77.04098361,0.581967213,1.1815,"$1,216.08 ",$210.59 ,$402.44 ,$316.05 ,$287.00 ,$0.00 ,4,0,0,1,28,35,0,0,978130,5958.095977,328577,304624,41276,147389,92035,114438,279979,108140,686675,23756,12508,28262,25805,16750
CA,CA13,201705,ADV,129,77.17829457,0.410852713,1.12803876,$834.32 ,$43.60 ,$347.28 ,$247.79 ,$195.64 ,$0.00 ,1,0,3,0,34,32,0,1,342954,21389.49918,163854,119622,10594,41422,24903,67475,74845,21273,143965,5802,14241,5844,5879,17935
CA,CA14,201705,ADV,1721,73.07611854,0.552004649,1.000125508,"$1,287.38 ",$328.45 ,$509.28 ,$222.82 ,$226.82 ,$0.00 ,15,6,37,5,342,220,2,6,2255381,3124.860076,789873,749021,60919,189668,113096,295103,502048,188257,1461149,154299,25948,59669,38303,48904
CA,CA15,201705,ADV,40,77.2,0.55,1.364125,"$1,215.27 ",$214.90 ,$169.91 ,$684.79 ,$145.68 ,$0.00 ,1,0,3,1,14,13,0,0,269075,1935.645521,84795,79606,14912,48433,23145,29320,80062,34066,193067,3236,5216,7611,5801,5926
CA,CA16,201705,ADV,955,77.64921466,0.6,1.09515288,"$1,159.63 ",$257.57 ,$187.42 ,$414.54 ,$300.10 ,$0.00 ,14,0,35,7,241,295,1,6,4673221,2470.336258,1796567,1692047,128698,373438,232541,689629,936866,360315,2804353,396804,19220,110888,205390,80356
CA,CA17,201705,ADV,342,76.11111111,0.573099415,1.034061404,"$1,062.74 ",$330.62 ,$195.57 ,$332.42 ,$204.13 ,$0.00 ,4,0,8,1,99,68,0,1,539301,1496.015066,181213,172682,26130,73664,35012,67770,146907,48530,309505,12059,7723,11489,11100,5269
CA,CA18,201705,ADV,82,76.24390244,0.609756098,1.309414634,"$1,288.26 ",$330.85 ,$338.12 ,$303.18 ,$316.11 ,$0.00 ,1,0,3,0,22,24,0,0,732212,1392.385418,241055,226727,28989,96905,53972,89461,201506,62038,494325,20238,8143,16525,14450,15994
CA,CA19,201705,ADV,333,77.2042042,0.585585586,1.085396396,"$1,006.33 ",$220.84 ,$232.98 ,$321.40 ,$231.10 ,$0.00 ,3,0,9,3,85,87,0,1,2291738,5095.099057,896341,819372,75758,168734,134416,335498,532415,114749,1083594,101802,25772,34828,51388,38576
CA,CA2,201705,ADV,29,74.06896552,0.379310345,0.771034483,"$1,610.11 ","$1,174.84 ",$65.37 ,$276.59 ,$93.31 ,$0.00 ,1,1,1,1,5,3,0,0,180216,4176.578436,57468,44057,10782,33928,15883,22446,51676,34263,160443,3448,6076,4616,3242,9708
CA,CA20,201705,ADV,49,74.89795918,0.653061225,1.215020408,$745.86 ,$149.90 ,$191.88 ,$180.07 ,$224.01 ,$0.00 ,1,0,0,0,14,8,0,0,438530,821.7515515,156896,149067,15346,36031,23696,64390,98813,20223,269660,13520,4468,7695,7541,10444
CA,CA21,201705,ADV,109,77.67889908,0.550458716,1.123183486,"$1,257.50 ",$386.64 ,$184.07 ,$378.89 ,$307.90 ,$0.00 ,0,0,5,2,28,42,0,0,641847,2324.181643,263188,238371,17271,57501,43401,116457,130712,38050,249451,23427,13544,12933,11677,12597
CA,CA22,201705,ADV,15,76,0.6,0.818666667,$296.69 ,$0.00 ,$4.59 ,$191.72 ,$100.38 ,$0.00 ,0,0,0,0,5,3,0,0,171365,1234.545845,62685,58539,6792,22175,14964,23303,45990,13426,84511,4555,4913,3992,3786,2411
CA,CA23,201705,ADV,68,74.77941177,0.397058824,1.051485294,$630.63 ,$66.18 ,$230.73 ,$304.59 ,$29.12 ,$0.00 ,0,0,2,0,5,11,0,0,151906,9005.172163,84579,59685,4117,9269,9764,35175,25619,1701,28770,2723,7154,1011,2769,11716
CA,CA24,201705,ADV,223,77.94618834,0.582959641,0.993484305,"$1,236.58 ",$363.97 ,$178.98 ,$350.05 ,$343.58 ,$0.00 ,1,0,7,0,57,65,0,0,428006,8864.022501,193696,163983,16804,39396,35478,79271,91192,17615,138500,10651,26639,6204,11021,9809
CA,CA25,201705,ADV,100,78.19,0.45,1.01876,$837.91 ,$288.32 ,$110.00 ,$242.11 ,$197.48 ,$0.00 ,3,0,4,1,23,22,0,1,470990,24672.40534,218386,187277,15591,36021,38019,90963,98766,8104,114440,8163,28551,6986,13481,12724
CA,CA3,201705,ADV,7956,76.11048266,0.595274007,0.452102564,$463.35 ,$90.92 ,$51.49 ,$99.70 ,$221.24 ,$0.00 ,27,0,112,24,381,363,1,13,4518699,27266.44488,1549773,1348982,180356,553160,432652,561952,1186660,340581,3038969,129608,113905,106066,62893,91930
CA,CA4,201705,ADV,8284,74.50024143,0.56361661,0.664403066,$717.80 ,$126.23 ,$90.44 ,$215.29 ,$285.84 ,$0.00 ,38,1,102,32,1125,1346,7,18,13262234,4850.972611,4615697,4338482,441609,1781058,1352330,1739765,2957709,1601964,9307146,1149887,86507,469799,343744,220875
CA,CA5,201705,ADV,269,75.65055762,0.598513011,1.132490706,"$1,305.24 ",$427.68 ,$97.32 ,$468.73 ,$311.50 ,$0.00 ,3,0,9,3,63,64,0,2,848112,1842.466511,287498,271226,25853,88185,78474,123435,199599,77382,459811,31090,10988,17892,11400,12601
CA,CA6,201705,ADV,92,78.95652174,0.630434783,1.269032609,"$1,386.42 ",$307.49 ,$197.88 ,$444.86 ,$436.19 ,$0.00 ,1,0,2,1,28,36,0,0,443738,2735.137621,156210,144962,13861,52042,46478,64775,99117,45552,244382,21169,6950,15410,8052,19863
CA,CA7,201705,ADV,2186,71.94693504,0.552150046,0.259668802,$227.43 ,$17.22 ,$8.41 ,$32.89 ,$168.92 ,$0.00 ,0,0,11,1,24,21,1,1,883053,8132.256436,295756,267913,39056,139584,77216,92005,257750,84735,576023,15490,21557,24792,18281,31126
CA,CA8,201705,ADV,91,77.82417582,0.593406593,0.942461539,$964.63 ,$0.00 ,$495.79 ,$296.79 ,$172.04 ,$0.00 ,0,0,5,1,21,28,0,0,281455,3300.636162,121095,105317,6175,17123,20715,52758,50492,9045,86881,7329,9630,3482,4557,16435
CA,CA9,201705,ADV,61,76.27868853,0.606557377,1.001573771,"$1,029.89 ",$0.00 ,$390.72 ,$333.15 ,$306.02 ,$0.00 ,0,0,2,0,14,17,0,0,433212,3281.719108,141155,126052,10475,78816,46650,55515,114125,75432,301974,14534,6567,17221,5984,17741
CA,CA1,201706,ADV,48424,73.63871221,0.573517264,0.55983533,$779.04 ,$246.23 ,$105.60 ,$202.87 ,$224.35 ,$0.00 ,706,31,519,659,9523,3525,21,39,3302833,4208.762531,1204884,1118980,106962,286008,279602,439595,726344,216965,1787453,255366,42081,75015,61486,89451
CA,CA10,201706,ADV,60,79.95,0.65,1.101466667,$865.95 ,$97.91 ,$276.16 ,$281.94 ,$209.94 ,$0.00 ,1,0,1,1,23,26,0,0,460477,4824.376542,147791,136106,18321,81345,44779,50391,143528,61208,326860,6561,10023,13317,8274,5426
CA,CA11,201706,ADV,13,74.84615385,0.615384615,1.091538462,$401.39 ,$0.00 ,$152.81 ,$162.95 ,$85.63 ,$0.00 ,0,0,1,0,6,4,0,0,150075,1390.308446,45792,42735,4855,24270,10946,14567,40935,13829,101017,2919,1938,3483,2730,14912
CA,CA12,201706,ADV,122,77.09836066,0.581967213,1.1815,"$1,175.96 ",$374.29 ,$174.61 ,$318.63 ,$308.43 ,$0.00 ,2,0,0,2,25,29,0,0,978130,5958.095977,328577,304624,41276,147389,92035,114438,279979,108140,686675,23756,12508,28262,25805,16750
CA,CA13,201706,ADV,127,77.13385827,0.409448819,1.122094488,$632.55 ,$208.88 ,$126.22 ,$242.61 ,$54.84 ,$0.00 ,3,0,3,2,32,21,0,1,342954,21389.49918,163854,119622,10594,41422,24903,67475,74845,21273,143965,5802,14241,5844,5879,17935
CA,CA14,201706,ADV,1722,73.15853659,0.551684088,0.99973403,"$1,156.53 ",$297.33 ,$375.39 ,$243.08 ,$240.73 ,$0.00 ,13,3,41,8,350,201,3,5,2255381,3124.860076,789873,749021,60919,189668,113096,295103,502048,188257,1461149,154299,25948,59669,38303,48904
CA,CA15,201706,ADV,40,77.225,0.55,1.364125,"$1,102.19 ",$211.24 ,$291.37 ,$287.00 ,$312.58 ,$0.00 ,1,0,1,0,10,9,0,0,269075,1935.645521,84795,79606,14912,48433,23145,29320,80062,34066,193067,3236,5216,7611,5801,5926
CA,CA16,201706,ADV,955,77.68586387,0.6,1.09515288,"$1,041.38 ",$180.39 ,$179.82 ,$366.70 ,$314.46 ,$0.00 ,8,2,27,10,246,300,0,7,4673221,2470.336258,1796567,1692047,128698,373438,232541,689629,936866,360315,2804353,396804,19220,110888,205390,80356
CA,CA17,201706,ADV,342,76.14619883,0.573099415,1.034061404,"$1,025.42 ",$384.44 ,$143.50 ,$309.86 ,$187.62 ,$0.00 ,6,0,11,3,99,72,0,1,539301,1496.015066,181213,172682,26130,73664,35012,67770,146907,48530,309505,12059,7723,11489,11100,5269
CA,CA18,201706,ADV,82,76.34146342,0.609756098,1.309414634,"$5,937.57 ","$4,984.05 ",$258.88 ,$410.40 ,$284.25 ,$0.00 ,0,0,6,0,18,23,0,0,732212,1392.385418,241055,226727,28989,96905,53972,89461,201506,62038,494325,20238,8143,16525,14450,15994
CA,CA19,201706,ADV,333,77.24924925,0.585585586,1.085396396,$885.70 ,$240.81 ,$140.54 ,$286.89 ,$217.46 ,$0.00 ,6,1,7,3,76,78,0,1,2291738,5095.099057,896341,819372,75758,168734,134416,335498,532415,114749,1083594,101802,25772,34828,51388,38576
CA,CA2,201706,ADV,29,74.20689655,0.379310345,0.771034483,$272.84 ,$0.00 ,$72.49 ,$114.25 ,$86.09 ,$0.00 ,0,0,2,0,5,7,0,0,180216,4176.578436,57468,44057,10782,33928,15883,22446,51676,34263,160443,3448,6076,4616,3242,9708
CA,CA20,201706,ADV,49,74.91836735,0.653061225,1.215020408,$830.08 ,$288.37 ,$30.94 ,$356.97 ,$153.80 ,$0.00 ,0,0,1,0,11,6,0,0,438530,821.7515515,156896,149067,15346,36031,23696,64390,98813,20223,269660,13520,4468,7695,7541,10444
CA,CA21,201706,ADV,109,77.71559633,0.550458716,1.123183486,"$1,289.28 ",$649.27 ,$84.01 ,$294.08 ,$261.92 ,$0.00 ,3,0,4,2,23,24,0,0,641847,2324.181643,263188,238371,17271,57501,43401,116457,130712,38050,249451,23427,13544,12933,11677,12597
CA,CA22,201706,ADV,15,76.06666667,0.6,0.818666667,$297.67 ,$0.00 ,$36.36 ,$175.67 ,$85.64 ,$0.00 ,0,0,0,0,5,5,0,0,171365,1234.545845,62685,58539,6792,22175,14964,23303,45990,13426,84511,4555,4913,3992,3786,2411
CA,CA23,201706,ADV,68,74.92647059,0.397058824,1.051485294,$905.81 ,$0.00 ,$606.85 ,$215.78 ,$83.17 ,$0.00 ,0,0,4,0,7,15,0,0,151906,9005.172163,84579,59685,4117,9269,9764,35175,25619,1701,28770,2723,7154,1011,2769,11716
CA,CA24,201706,ADV,223,77.97757848,0.582959641,0.993484305,$688.10 ,$76.48 ,$124.82 ,$269.64 ,$217.17 ,$0.00 ,3,0,7,4,58,44,0,1,428006,8864.022501,193696,163983,16804,39396,35478,79271,91192,17615,138500,10651,26639,6204,11021,9809
CA,CA25,201706,ADV,100,78.25,0.45,1.01876,$692.82 ,$0.00 ,$165.23 ,$288.59 ,$239.00 ,$0.00 ,0,0,4,0,22,19,1,1,470990,24672.40534,218386,187277,15591,36021,38019,90963,98766,8104,114440,8163,28551,6986,13481,12724
CA,CA3,201706,ADV,7956,76.15987934,0.595274007,0.452102564,$497.59 ,$113.34 ,$61.58 ,$101.79 ,$220.88 ,$0.00 ,32,2,98,15,395,376,1,13,4518699,27266.44488,1549773,1348982,180356,553160,432652,561952,1186660,340581,3038969,129608,113905,106066,62893,91930
CA,CA4,201706,ADV,8284,74.5305408,0.56361661,0.664403066,$695.40 ,$123.76 ,$87.52 ,$203.59 ,$280.53 ,$0.00 ,28,1,84,37,1045,1315,1,22,13262234,4850.972611,4615697,4338482,441609,1781058,1352330,1739765,2957709,1601964,9307146,1149887,86507,469799,343744,220875
CA,CA5,201706,ADV,269,75.70260223,0.598513011,1.132490706,"$2,504.46 ","$1,497.39 ",$135.52 ,$602.70 ,$268.86 ,$0.00 ,4,0,8,2,61,74,1,2,848112,1842.466511,287498,271226,25853,88185,78474,123435,199599,77382,459811,31090,10988,17892,11400,12601
CA,CA6,201706,ADV,92,78.97826087,0.630434783,1.269032609,$952.12 ,$0.00 ,$145.77 ,$335.67 ,$470.67 ,$0.00 ,0,0,3,0,28,35,0,0,443738,2735.137621,156210,144962,13861,52042,46478,64775,99117,45552,244382,21169,6950,15410,8052,19863
CA,CA7,201706,ADV,2186,71.99085087,0.552150046,0.259668802,$289.80 ,$26.40 ,$2.85 ,$32.85 ,$227.70 ,$0.00 ,2,0,4,0,22,24,0,1,883053,8132.256436,295756,267913,39056,139584,77216,92005,257750,84735,576023,15490,21557,24792,18281,31126
CA,CA8,201706,ADV,91,77.86813187,0.593406593,0.942461539,"$1,278.93 ",$220.22 ,$543.44 ,$330.46 ,$184.81 ,$0.00 ,0,0,1,1,23,30,0,0,281455,3300.636162,121095,105317,6175,17123,20715,52758,50492,9045,86881,7329,9630,3482,4557,16435
CA,CA9,201706,ADV,61,76.36065574,0.606557377,1.001573771,"$1,145.90 ",$0.00 ,$724.19 ,$235.78 ,$185.93 ,$0.00 ,0,0,3,0,10,16,0,0,433212,3281.719108,141155,126052,10475,78816,46650,55515,114125,75432,301974,14534,6567,17221,5984,17741
CA,CA1,201707,ADV,48423,73.7670322,0.573529108,0.559842657,$741.30 ,$250.33 ,$86.47 ,$191.52 ,$212.97 ,$0.00 ,681,36,517,685,7209,5779,20,43,3302833,4208.762531,1204884,1118980,106962,286008,279602,439595,726344,216965,1787453,255366,42081,75015,61486,89451
CA,CA10,201707,ADV,60,80.45,0.65,1.101466667,"$1,023.15 ",$236.87 ,$111.07 ,$402.52 ,$272.70 ,$0.00 ,1,0,2,0,16,23,0,0,460477,4824.376542,147791,136106,18321,81345,44779,50391,143528,61208,326860,6561,10023,13317,8274,5426
CA,CA11,201707,ADV,13,74.84615385,0.615384615,1.091538462,"$4,705.62 ","$4,000.03 ",$32.38 ,$560.17 ,$113.04 ,$0.00 ,1,0,0,0,3,4,0,0,150075,1390.308446,45792,42735,4855,24270,10946,14567,40935,13829,101017,2919,1938,3483,2730,14912
CA,CA12,201707,ADV,122,77.3852459,0.581967213,1.1815,"$1,009.12 ",$0.00 ,$120.19 ,$469.33 ,$419.61 ,$0.00 ,0,0,4,1,28,37,0,0,978130,5958.095977,328577,304624,41276,147389,92035,114438,279979,108140,686675,23756,12508,28262,25805,16750
CA,CA13,201707,ADV,129,77.36434109,0.410852713,1.12803876,$996.64 ,$595.53 ,$102.97 ,$196.77 ,$101.37 ,$0.00 ,5,0,6,0,24,33,0,1,342954,21389.49918,163854,119622,10594,41422,24903,67475,74845,21273,143965,5802,14241,5844,5879,17935
CA,CA14,201707,ADV,1722,73.25377468,0.551684088,0.99973403,"$1,061.04 ",$310.14 ,$321.29 ,$217.02 ,$212.60 ,$0.00 ,16,4,44,7,315,194,1,6,2255381,3124.860076,789873,749021,60919,189668,113096,295103,502048,188257,1461149,154299,25948,59669,38303,48904
CA,CA15,201707,ADV,40,77.45,0.55,1.364125,"$1,094.29 ",$419.29 ,$179.30 ,$349.21 ,$146.50 ,$0.00 ,0,0,2,1,11,8,0,0,269075,1935.645521,84795,79606,14912,48433,23145,29320,80062,34066,193067,3236,5216,7611,5801,5926
CA,CA16,201707,ADV,955,78.0973822,0.6,1.09515288,"$1,192.49 ",$343.59 ,$161.65 ,$401.67 ,$285.58 ,$0.00 ,10,1,26,7,215,267,2,4,4673221,2470.336258,1796567,1692047,128698,373438,232541,689629,936866,360315,2804353,396804,19220,110888,205390,80356
CA,CA17,201707,ADV,342,76.38596491,0.573099415,1.034061404,"$1,120.08 ",$473.22 ,$142.20 ,$309.79 ,$194.87 ,$0.00 ,7,0,10,0,78,74,0,1,539301,1496.015066,181213,172682,26130,73664,35012,67770,146907,48530,309505,12059,7723,11489,11100,5269
CA,CA18,201707,ADV,82,76.64634146,0.609756098,1.309414634,$779.89 ,$0.00 ,$170.52 ,$327.03 ,$282.34 ,$0.00 ,0,0,3,0,24,20,0,0,732212,1392.385418,241055,226727,28989,96905,53972,89461,201506,62038,494325,20238,8143,16525,14450,15994
CA,CA19,201707,ADV,333,77.55555556,0.585585586,1.085396396,$799.49 ,$200.29 ,$146.21 ,$266.40 ,$186.58 ,$0.00 ,4,0,9,3,69,65,0,1,2291738,5095.099057,896341,819372,75758,168734,134416,335498,532415,114749,1083594,101802,25772,34828,51388,38576
CA,CA2,201707,ADV,29,74.5862069,0.379310345,0.771034483,$897.26 ,$582.65 ,$23.63 ,$168.57 ,$122.40 ,$0.00 ,1,0,1,0,4,8,0,0,180216,4176.578436,57468,44057,10782,33928,15883,22446,51676,34263,160443,3448,6076,4616,3242,9708
CA,CA20,201707,ADV,49,75.2244898,0.653061225,1.215020408,"$4,246.43 ","$3,589.16 ",$76.14 ,$431.67 ,$149.47 ,$0.00 ,3,0,2,0,11,6,0,0,438530,821.7515515,156896,149067,15346,36031,23696,64390,98813,20223,269660,13520,4468,7695,7541,10444
CA,CA21,201707,ADV,109,78.13761468,0.550458716,1.123183486,"$1,612.65 ",$792.82 ,$143.32 ,$415.11 ,$261.40 ,$0.00 ,4,0,4,1,29,28,0,0,641847,2324.181643,263188,238371,17271,57501,43401,116457,130712,38050,249451,23427,13544,12933,11677,12597
CA,CA22,201707,ADV,15,76.33333333,0.6,0.818666667,$609.72 ,$0.00 ,$140.92 ,$295.20 ,$173.59 ,$0.00 ,0,0,1,0,5,2,0,0,171365,1234.545845,62685,58539,6792,22175,14964,23303,45990,13426,84511,4555,4913,3992,3786,2411
CA,CA23,201707,ADV,68,75.02941177,0.397058824,1.051485294,$857.57 ,$433.22 ,$178.52 ,$199.73 ,$46.09 ,$0.00 ,1,0,2,0,4,13,0,0,151906,9005.172163,84579,59685,4117,9269,9764,35175,25619,1701,28770,2723,7154,1011,2769,11716
CA,CA24,201707,ADV,223,78.46188341,0.582959641,0.993484305,$983.14 ,$274.14 ,$69.39 ,$321.00 ,$318.61 ,$0.00 ,3,0,6,3,58,55,0,1,428006,8864.022501,193696,163983,16804,39396,35478,79271,91192,17615,138500,10651,26639,6204,11021,9809
CA,CA25,201707,ADV,100,78.4,0.45,1.01876,$662.85 ,$144.50 ,$104.91 ,$277.58 ,$135.86 ,$0.00 ,2,0,2,0,21,17,0,1,470990,24672.40534,218386,187277,15591,36021,38019,90963,98766,8104,114440,8163,28551,6986,13481,12724
CA,CA3,201707,ADV,7956,76.49899447,0.595274007,0.452102564,$483.08 ,$105.68 ,$70.01 ,$93.61 ,$213.77 ,$0.00 ,31,1,111,16,287,347,2,12,4518699,27266.44488,1549773,1348982,180356,553160,432652,561952,1186660,340581,3038969,129608,113905,106066,62893,91930
CA,CA4,201707,ADV,8282,75.13475006,0.563631973,0.664496257,$744.35 ,$160.46 ,$88.45 ,$208.41 ,$287.03 ,$0.00 ,34,1,111,30,975,1255,5,21,13262234,4850.972611,4615697,4338482,441609,1781058,1352330,1739765,2957709,1601964,9307146,1149887,86507,469799,343744,220875
CA,CA5,201707,ADV,270,76.14444444,0.6,1.129577778,"$1,512.81 ",$615.65 ,$102.34 ,$482.95 ,$311.87 ,$0.00 ,1,0,6,2,53,63,1,2,848112,1842.466511,287498,271226,25853,88185,78474,123435,199599,77382,459811,31090,10988,17892,11400,12601
CA,CA6,201707,ADV,92,79.48913044,0.630434783,1.269032609,"$1,400.19 ",$60.25 ,$124.58 ,$384.85 ,$830.51 ,$0.00 ,1,0,3,3,24,26,0,0,443738,2735.137621,156210,144962,13861,52042,46478,64775,99117,45552,244382,21169,6950,15410,8052,19863
CA,CA7,201707,ADV,2186,72.47987191,0.552150046,0.259668802,$208.52 ,$16.67 ,$6.42 ,$39.78 ,$145.66 ,$0.00 ,2,0,5,0,16,22,0,1,883053,8132.256436,295756,267913,39056,139584,77216,92005,257750,84735,576023,15490,21557,24792,18281,31126
CA,CA8,201707,ADV,91,78.37362637,0.593406593,0.942461539,$427.35 ,$0.00 ,$67.02 ,$210.80 ,$149.53 ,$0.00 ,0,0,0,2,17,28,0,0,281455,3300.636162,121095,105317,6175,17123,20715,52758,50492,9045,86881,7329,9630,3482,4557,16435
CA,CA9,201707,ADV,61,76.68852459,0.606557377,1.001573771,"$1,059.73 ",$440.23 ,$183.24 ,$268.79 ,$167.47 ,$0.00 ,1,0,1,0,18,14,0,0,433212,3281.719108,141155,126052,10475,78816,46650,55515,114125,75432,301974,14534,6567,17221,5984,17741
CA,CA1,201708,ADV,48427,73.83967621,0.573481735,0.559845582,$882.05 ,$245.93 ,$108.57 ,$228.28 ,$299.27 ,$0.00 ,708,59,546,650,3954,9251,15,46,3302833,4208.762531,1204884,1118980,106962,286008,279602,439595,726344,216965,1787453,255366,42081,75015,61486,89451
CA,CA10,201708,ADV,60,80.46666667,0.65,1.101466667,$975.27 ,$216.08 ,$151.51 ,$322.16 ,$285.52 ,$0.00 ,0,0,1,0,19,19,0,0,460477,4824.376542,147791,136106,18321,81345,44779,50391,143528,61208,326860,6561,10023,13317,8274,5426
CA,CA11,201708,ADV,13,75,0.615384615,1.091538462,"$1,841.57 ","$1,050.77 ",$169.60 ,$423.41 ,$197.79 ,$0.00 ,1,0,1,0,5,4,0,0,150075,1390.308446,45792,42735,4855,24270,10946,14567,40935,13829,101017,2919,1938,3483,2730,14912
CA,CA12,201708,ADV,122,77.43442623,0.581967213,1.1815,"$1,214.81 ",$299.97 ,$255.66 ,$359.56 ,$299.61 ,$0.00 ,2,0,1,3,29,38,0,0,978130,5958.095977,328577,304624,41276,147389,92035,114438,279979,108140,686675,23756,12508,28262,25805,16750
CA,CA13,201708,ADV,129,77.45736434,0.410852713,1.12803876,"$1,389.83 ",$519.71 ,$287.99 ,$288.48 ,$293.65 ,$0.00 ,1,1,4,0,29,37,0,1,342954,21389.49918,163854,119622,10594,41422,24903,67475,74845,21273,143965,5802,14241,5844,5879,17935
CA,CA14,201708,ADV,1722,73.32578397,0.551684088,0.99973403,"$1,121.63 ",$236.46 ,$435.64 ,$219.96 ,$229.57 ,$0.00 ,13,6,40,3,374,225,3,6,2255381,3124.860076,789873,749021,60919,189668,113096,295103,502048,188257,1461149,154299,25948,59669,38303,48904
CA,CA15,201708,ADV,40,77.5,0.55,1.364125,"$2,002.63 ",$848.97 ,$352.55 ,$622.36 ,$178.76 ,$0.00 ,3,0,1,0,16,16,0,0,269075,1935.645521,84795,79606,14912,48433,23145,29320,80062,34066,193067,3236,5216,7611,5801,5926
CA,CA16,201708,ADV,955,78.13926702,0.6,1.09515288,"$1,372.95 ",$399.61 ,$201.51 ,$448.09 ,$323.74 ,$0.00 ,13,0,30,7,234,293,0,5,4673221,2470.336258,1796567,1692047,128698,373438,232541,689629,936866,360315,2804353,396804,19220,110888,205390,80356
CA,CA17,201708,ADV,342,76.4502924,0.573099415,1.034061404,$899.87 ,$206.86 ,$193.70 ,$277.15 ,$222.17 ,$0.00 ,5,0,13,2,98,96,0,0,539301,1496.015066,181213,172682,26130,73664,35012,67770,146907,48530,309505,12059,7723,11489,11100,5269
CA,CA18,201708,ADV,82,76.68292683,0.609756098,1.309414634,"$1,291.18 ",$405.37 ,$197.27 ,$368.20 ,$320.34 ,$0.00 ,3,0,2,0,19,23,0,0,732212,1392.385418,241055,226727,28989,96905,53972,89461,201506,62038,494325,20238,8143,16525,14450,15994
CA,CA19,201708,ADV,333,77.5945946,0.585585586,1.085396396,$824.76 ,$130.64 ,$182.73 ,$305.09 ,$206.29 ,$0.00 ,2,0,7,1,83,79,1,1,2291738,5095.099057,896341,819372,75758,168734,134416,335498,532415,114749,1083594,101802,25772,34828,51388,38576
CA,CA2,201708,ADV,29,74.65517241,0.379310345,0.771034483,"$3,489.30 ","$2,027.17 ",$22.97 ,$764.32 ,$674.83 ,$0.00 ,1,0,0,0,6,5,0,0,180216,4176.578436,57468,44057,10782,33928,15883,22446,51676,34263,160443,3448,6076,4616,3242,9708
CA,CA20,201708,ADV,49,75.26530612,0.653061225,1.215020408,"$1,259.98 ",$412.68 ,$153.28 ,$356.39 ,$337.63 ,$0.00 ,0,0,2,0,18,14,0,0,438530,821.7515515,156896,149067,15346,36031,23696,64390,98813,20223,269660,13520,4468,7695,7541,10444
CA,CA21,201708,ADV,109,78.17431193,0.550458716,1.123183486,"$1,199.82 ",$245.19 ,$242.16 ,$439.23 ,$273.24 ,$0.00 ,1,0,2,4,17,33,0,0,641847,2324.181643,263188,238371,17271,57501,43401,116457,130712,38050,249451,23427,13544,12933,11677,12597
CA,CA22,201708,ADV,15,76.4,0.6,0.818666667,"$1,592.99 ","$1,187.84 ",$49.38 ,$267.41 ,$88.36 ,$0.00 ,0,0,0,0,4,3,0,0,171365,1234.545845,62685,58539,6792,22175,14964,23303,45990,13426,84511,4555,4913,3992,3786,2411
CA,CA23,201708,ADV,68,75.10294118,0.397058824,1.051485294,$567.42 ,$117.30 ,$218.90 ,$176.70 ,$54.52 ,$0.00 ,0,0,2,1,7,11,0,0,151906,9005.172163,84579,59685,4117,9269,9764,35175,25619,1701,28770,2723,7154,1011,2769,11716
CA,CA24,201708,ADV,223,78.49327354,0.582959641,0.993484305,"$1,113.36 ",$224.05 ,$210.41 ,$324.19 ,$354.71 ,$0.00 ,2,0,11,3,60,57,0,0,428006,8864.022501,193696,163983,16804,39396,35478,79271,91192,17615,138500,10651,26639,6204,11021,9809
CA,CA25,201708,ADV,100,78.5,0.45,1.01876,"$1,050.31 ",$240.83 ,$123.47 ,$354.62 ,$331.39 ,$0.00 ,3,0,0,0,31,24,0,1,470990,24672.40534,218386,187277,15591,36021,38019,90963,98766,8104,114440,8163,28551,6986,13481,12724
CA,CA3,201708,ADV,7956,76.55077929,0.595274007,0.452102564,$541.32 ,$121.05 ,$67.68 ,$111.74 ,$240.85 ,$0.00 ,36,1,112,17,318,409,1,13,4518699,27266.44488,1549773,1348982,180356,553160,432652,561952,1186660,340581,3038969,129608,113905,106066,62893,91930
CA,CA4,201708,ADV,8282,75.16300411,0.563631973,0.664496257,$722.01 ,$96.00 ,$99.41 ,$227.17 ,$299.43 ,$0.00 ,34,0,105,32,983,1363,2,25,13262234,4850.972611,4615697,4338482,441609,1781058,1352330,1739765,2957709,1601964,9307146,1149887,86507,469799,343744,220875
CA,CA5,201708,ADV,270,76.1962963,0.6,1.129577778,"$1,393.25 ",$351.35 ,$137.53 ,$584.85 ,$319.52 ,$0.00 ,1,0,7,3,67,81,0,2,848112,1842.466511,287498,271226,25853,88185,78474,123435,199599,77382,459811,31090,10988,17892,11400,12601
CA,CA6,201708,ADV,92,79.51086957,0.630434783,1.269032609,"$1,176.82 ",$201.97 ,$140.68 ,$360.60 ,$473.56 ,$0.00 ,2,0,4,3,19,33,0,0,443738,2735.137621,156210,144962,13861,52042,46478,64775,99117,45552,244382,21169,6950,15410,8052,19863
CA,CA7,201708,ADV,2186,72.52058554,0.552150046,0.259668802,$222.04 ,$2.85 ,$11.27 ,$39.89 ,$168.03 ,$0.00 ,1,1,4,1,26,16,0,1,883053,8132.256436,295756,267913,39056,139584,77216,92005,257750,84735,576023,15490,21557,24792,18281,31126
CA,CA8,201708,ADV,91,78.3956044,0.593406593,0.942461539,$630.48 ,$0.00 ,$130.17 ,$316.27 ,$184.04 ,$0.00 ,0,0,4,1,16,32,0,0,281455,3300.636162,121095,105317,6175,17123,20715,52758,50492,9045,86881,7329,9630,3482,4557,16435
CA,CA9,201708,ADV,61,76.73770492,0.606557377,1.001573771,"$1,290.03 ",$127.92 ,$477.44 ,$280.22 ,$404.46 ,$0.00 ,1,0,5,0,14,13,0,0,433212,3281.719108,141155,126052,10475,78816,46650,55515,114125,75432,301974,14534,6567,17221,5984,17741
CA,CA1,201709,ADV,48425,73.91628291,0.57348477,0.559848136,$812.17 ,$274.12 ,$105.41 ,$209.41 ,$223.22 ,$0.00 ,765,45,528,654,3535,8558,15,48,3302833,4208.762531,1204884,1118980,106962,286008,279602,439595,726344,216965,1787453,255366,42081,75015,61486,89451
CA,CA10,201709,ADV,60,80.5,0.65,1.101466667,"$1,579.41 ",$274.45 ,$630.87 ,$400.63 ,$273.46 ,$0.00 ,0,0,4,0,15,21,0,0,460477,4824.376542,147791,136106,18321,81345,44779,50391,143528,61208,326860,6561,10023,13317,8274,5426
CA,CA11,201709,ADV,13,75.07692308,0.615384615,1.091538462,$749.89 ,$0.00 ,$189.92 ,$375.17 ,$184.80 ,$0.00 ,0,0,3,1,3,6,0,0,150075,1390.308446,45792,42735,4855,24270,10946,14567,40935,13829,101017,2919,1938,3483,2730,14912
CA,CA12,201709,ADV,122,77.49180328,0.581967213,1.1815,"$1,156.58 ",$0.00 ,$378.23 ,$350.31 ,$428.04 ,$0.00 ,0,0,2,4,26,39,0,0,978130,5958.095977,328577,304624,41276,147389,92035,114438,279979,108140,686675,23756,12508,28262,25805,16750
CA,CA13,201709,ADV,129,77.50387597,0.410852713,1.12803876,$606.45 ,$155.74 ,$120.67 ,$138.48 ,$191.56 ,$0.00 ,1,0,1,0,22,28,0,1,342954,21389.49918,163854,119622,10594,41422,24903,67475,74845,21273,143965,5802,14241,5844,5879,17935
CA,CA14,201709,ADV,1722,73.39140534,0.551684088,0.99973403,"$1,069.26 ",$275.35 ,$362.70 ,$223.44 ,$207.78 ,$0.00 ,18,3,41,4,295,204,3,6,2255381,3124.860076,789873,749021,60919,189668,113096,295103,502048,188257,1461149,154299,25948,59669,38303,48904
CA,CA15,201709,ADV,40,77.6,0.55,1.364125,"$1,473.99 ",$348.91 ,$317.23 ,$580.74 ,$227.12 ,$0.00 ,0,1,4,0,11,9,0,0,269075,1935.645521,84795,79606,14912,48433,23145,29320,80062,34066,193067,3236,5216,7611,5801,5926
CA,CA16,201709,ADV,954,78.18972746,0.600628931,1.095938155,"$1,300.59 ",$391.71 ,$169.02 ,$423.62 ,$316.24 ,$0.00 ,8,0,25,4,222,277,0,5,4673221,2470.336258,1796567,1692047,128698,373438,232541,689629,936866,360315,2804353,396804,19220,110888,205390,80356
CA,CA17,201709,ADV,342,76.51461988,0.573099415,1.034061404,$890.43 ,$283.54 ,$191.57 ,$232.16 ,$183.15 ,$0.00 ,3,0,9,1,92,72,0,0,539301,1496.015066,181213,172682,26130,73664,35012,67770,146907,48530,309505,12059,7723,11489,11100,5269
CA,CA18,201709,ADV,83,76.6626506,0.602409639,1.297807229,"$1,872.74 ",$820.27 ,$307.65 ,$437.95 ,$306.87 ,$0.00 ,4,0,2,0,11,25,0,0,732212,1392.385418,241055,226727,28989,96905,53972,89461,201506,62038,494325,20238,8143,16525,14450,15994
CA,CA19,201709,ADV,333,77.65165165,0.585585586,1.085396396,"$1,054.20 ",$341.48 ,$159.87 ,$346.54 ,$206.31 ,$0.00 ,4,0,5,4,84,88,0,1,2291738,5095.099057,896341,819372,75758,168734,134416,335498,532415,114749,1083594,101802,25772,34828,51388,38576
CA,CA2,201709,ADV,29,74.68965517,0.379310345,0.771034483,$880.31 ,$286.26 ,$129.13 ,$339.98 ,$124.94 ,$0.00 ,1,0,1,2,3,8,0,0,180216,4176.578436,57468,44057,10782,33928,15883,22446,51676,34263,160443,3448,6076,4616,3242,9708
CA,CA20,201709,ADV,49,75.30612245,0.653061225,1.215020408,"$3,257.00 ","$2,135.80 ",$163.61 ,$778.87 ,$178.71 ,$0.00 ,2,0,1,0,11,9,0,0,438530,821.7515515,156896,149067,15346,36031,23696,64390,98813,20223,269660,13520,4468,7695,7541,10444
CA,CA21,201709,ADV,109,78.21100917,0.550458716,1.123183486,$874.75 ,$0.00 ,$151.13 ,$280.97 ,$442.65 ,$0.00 ,0,0,4,3,26,35,0,0,641847,2324.181643,263188,238371,17271,57501,43401,116457,130712,38050,249451,23427,13544,12933,11677,12597
CA,CA22,201709,ADV,15,76.46666667,0.6,0.818666667,$836.44 ,$0.00 ,$460.37 ,$303.36 ,$72.71 ,$0.00 ,0,0,0,0,5,3,0,0,171365,1234.545845,62685,58539,6792,22175,14964,23303,45990,13426,84511,4555,4913,3992,3786,2411
CA,CA23,201709,ADV,68,75.16176471,0.397058824,1.051485294,$770.79 ,$360.47 ,$216.05 ,$149.32 ,$44.95 ,$0.00 ,0,0,1,1,6,14,0,0,151906,9005.172163,84579,59685,4117,9269,9764,35175,25619,1701,28770,2723,7154,1011,2769,11716
CA,CA24,201709,ADV,223,78.52466368,0.582959641,0.993484305,$761.68 ,$198.17 ,$106.73 ,$265.12 ,$191.65 ,$0.00 ,0,0,4,2,62,43,0,0,428006,8864.022501,193696,163983,16804,39396,35478,79271,91192,17615,138500,10651,26639,6204,11021,9809
CA,CA25,201709,ADV,100,78.54,0.45,1.01876,$453.82 ,$95.84 ,$39.15 ,$190.63 ,$128.20 ,$0.00 ,1,0,1,0,20,23,0,1,470990,24672.40534,218386,187277,15591,36021,38019,90963,98766,8104,114440,8163,28551,6986,13481,12724
CA,CA3,201709,ADV,7956,76.60356963,0.595274007,0.452102564,$499.92 ,$104.04 ,$61.32 ,$99.14 ,$235.43 ,$0.00 ,26,0,105,12,297,401,0,10,4518699,27266.44488,1549773,1348982,180356,553160,432652,561952,1186660,340581,3038969,129608,113905,106066,62893,91930
CA,CA4,201709,ADV,8283,75.19413256,0.563563926,0.664441507,$748.31 ,$167.84 ,$80.25 ,$211.09 ,$289.14 ,$0.00 ,38,1,99,40,1022,1269,7,26,13262234,4850.972611,4615697,4338482,441609,1781058,1352330,1739765,2957709,1601964,9307146,1149887,86507,469799,343744,220875
CA,CA5,201709,ADV,270,76.22962963,0.6,1.129577778,"$1,048.41 ",$237.07 ,$130.12 ,$402.15 ,$279.07 ,$0.00 ,1,0,10,1,64,69,2,1,848112,1842.466511,287498,271226,25853,88185,78474,123435,199599,77382,459811,31090,10988,17892,11400,12601
CA,CA6,201709,ADV,92,79.54347826,0.630434783,1.269032609,"$1,505.52 ",$89.38 ,$199.23 ,$437.21 ,$779.70 ,$0.00 ,1,0,1,4,13,30,1,0,443738,2735.137621,156210,144962,13861,52042,46478,64775,99117,45552,244382,21169,6950,15410,8052,19863
CA,CA7,201709,ADV,2186,72.56358646,0.552150046,0.259668802,$230.94 ,$13.98 ,$10.69 ,$40.49 ,$165.78 ,$0.00 ,2,0,6,2,19,19,0,1,883053,8132.256436,295756,267913,39056,139584,77216,92005,257750,84735,576023,15490,21557,24792,18281,31126
CA,CA8,201709,ADV,91,78.41758242,0.593406593,0.942461539,$720.23 ,$138.95 ,$65.79 ,$288.11 ,$227.37 ,$0.00 ,1,0,2,3,21,24,0,0,281455,3300.636162,121095,105317,6175,17123,20715,52758,50492,9045,86881,7329,9630,3482,4557,16435
CA,CA9,201709,ADV,61,76.75409836,0.606557377,1.001573771,$774.99 ,$219.66 ,$179.78 ,$234.56 ,$140.99 ,$0.00 ,1,0,0,1,8,19,0,0,433212,3281.719108,141155,126052,10475,78816,46650,55515,114125,75432,301974,14534,6567,17221,5984,17741
CA,CA1,201710,ADV,48424,73.99176028,0.573496613,0.559865666,$885.35 ,$295.48 ,$114.99 ,$244.22 ,$230.66 ,$0.00 ,854,42,783,674,3946,9064,24,49,3302833,4208.762531,1204884,1118980,106962,286008,279602,439595,726344,216965,1787453,255366,42081,75015,61486,89451
CA,CA10,201710,ADV,60,80.55,0.65,1.101466667,$939.19 ,$248.41 ,$132.98 ,$347.19 ,$210.61 ,$0.00 ,1,0,2,0,21,11,0,0,460477,4824.376542,147791,136106,18321,81345,44779,50391,143528,61208,326860,6561,10023,13317,8274,5426
CA,CA11,201710,ADV,13,75.15384615,0.615384615,1.091538462,$982.04 ,$501.42 ,$149.73 ,$275.00 ,$55.89 ,$0.00 ,1,0,0,0,6,3,0,0,150075,1390.308446,45792,42735,4855,24270,10946,14567,40935,13829,101017,2919,1938,3483,2730,14912
CA,CA12,201710,ADV,122,77.54918033,0.581967213,1.1815,"$1,616.37 ",$840.67 ,$67.67 ,$385.99 ,$322.04 ,$0.00 ,1,0,2,2,19,41,0,0,978130,5958.095977,328577,304624,41276,147389,92035,114438,279979,108140,686675,23756,12508,28262,25805,16750
CA,CA13,201710,ADV,129,77.5503876,0.410852713,1.12803876,"$1,017.70 ",$304.32 ,$278.07 ,$206.35 ,$228.96 ,$0.00 ,1,0,2,1,19,30,0,1,342954,21389.49918,163854,119622,10594,41422,24903,67475,74845,21273,143965,5802,14241,5844,5879,17935
CA,CA14,201710,ADV,1722,73.4680604,0.551684088,0.99973403,"$1,437.26 ",$571.40 ,$390.55 ,$275.08 ,$200.23 ,$0.00 ,29,3,51,3,330,206,1,6,2255381,3124.860076,789873,749021,60919,189668,113096,295103,502048,188257,1461149,154299,25948,59669,38303,48904
CA,CA15,201710,ADV,40,77.625,0.55,1.364125,$842.15 ,$0.00 ,$96.84 ,$574.65 ,$170.66 ,$0.00 ,0,0,1,0,19,16,0,0,269075,1935.645521,84795,79606,14912,48433,23145,29320,80062,34066,193067,3236,5216,7611,5801,5926
CA,CA16,201710,ADV,954,78.22536688,0.600628931,1.095938155,"$1,633.56 ",$617.80 ,$219.08 ,$484.09 ,$312.59 ,$0.00 ,15,1,28,9,235,295,0,5,4673221,2470.336258,1796567,1692047,128698,373438,232541,689629,936866,360315,2804353,396804,19220,110888,205390,80356
CA,CA17,201710,ADV,342,76.60526316,0.573099415,1.034061404,"$1,050.96 ",$274.97 ,$182.25 ,$361.20 ,$232.54 ,$0.00 ,5,0,12,2,103,79,0,0,539301,1496.015066,181213,172682,26130,73664,35012,67770,146907,48530,309505,12059,7723,11489,11100,5269
CA,CA18,201710,ADV,83,76.72289157,0.602409639,1.297807229,"$4,147.07 ","$3,067.40 ",$315.32 ,$447.49 ,$316.85 ,$0.00 ,2,0,1,2,22,20,0,0,732212,1392.385418,241055,226727,28989,96905,53972,89461,201506,62038,494325,20238,8143,16525,14450,15994
CA,CA19,201710,ADV,333,77.70870871,0.585585586,1.085396396,"$1,179.79 ",$295.80 ,$295.58 ,$375.25 ,$213.16 ,$0.00 ,5,1,14,0,91,83,0,1,2291738,5095.099057,896341,819372,75758,168734,134416,335498,532415,114749,1083594,101802,25772,34828,51388,38576
CA,CA2,201710,ADV,29,74.68965517,0.379310345,0.771034483,$324.48 ,$0.00 ,$100.33 ,$122.10 ,$102.05 ,$0.00 ,0,0,1,0,3,6,0,0,180216,4176.578436,57468,44057,10782,33928,15883,22446,51676,34263,160443,3448,6076,4616,3242,9708
CA,CA20,201710,ADV,49,75.36734694,0.653061225,1.215020408,$757.69 ,$0.00 ,$205.37 ,$399.17 ,$153.15 ,$0.00 ,0,0,4,1,14,13,0,0,438530,821.7515515,156896,149067,15346,36031,23696,64390,98813,20223,269660,13520,4468,7695,7541,10444
CA,CA21,201710,ADV,109,78.25688073,0.550458716,1.123183486,"$2,090.57 ",$884.49 ,$191.58 ,$564.48 ,$450.02 ,$0.00 ,3,0,6,4,21,29,0,0,641847,2324.181643,263188,238371,17271,57501,43401,116457,130712,38050,249451,23427,13544,12933,11677,12597
CA,CA22,201710,ADV,15,76.6,0.6,0.818666667,$414.23 ,$0.00 ,$86.78 ,$192.51 ,$134.94 ,$0.00 ,0,0,1,0,6,0,0,0,171365,1234.545845,62685,58539,6792,22175,14964,23303,45990,13426,84511,4555,4913,3992,3786,2411
CA,CA23,201710,ADV,68,75.22058824,0.397058824,1.051485294,$938.27 ,$488.82 ,$167.11 ,$218.53 ,$63.81 ,$0.00 ,1,0,1,0,7,12,0,0,151906,9005.172163,84579,59685,4117,9269,9764,35175,25619,1701,28770,2723,7154,1011,2769,11716
CA,CA24,201710,ADV,223,78.56053812,0.582959641,0.993484305,"$1,218.56 ",$410.58 ,$95.97 ,$355.69 ,$356.33 ,$0.00 ,2,0,7,0,65,38,0,0,428006,8864.022501,193696,163983,16804,39396,35478,79271,91192,17615,138500,10651,26639,6204,11021,9809
CA,CA25,201710,ADV,100,78.61,0.45,1.01876,$490.77 ,$78.44 ,$62.85 ,$274.77 ,$74.70 ,$0.00 ,1,0,1,0,31,25,0,1,470990,24672.40534,218386,187277,15591,36021,38019,90963,98766,8104,114440,8163,28551,6986,13481,12724
CA,CA3,201710,ADV,7956,76.65284062,0.595274007,0.452102564,$532.96 ,$123.19 ,$58.84 ,$100.63 ,$250.30 ,$0.00 ,45,0,99,20,301,415,2,12,4518699,27266.44488,1549773,1348982,180356,553160,432652,561952,1186660,340581,3038969,129608,113905,106066,62893,91930
CA,CA4,201710,ADV,8283,75.2252807,0.563563926,0.664441507,$858.26 ,$202.40 ,$105.41 ,$252.37 ,$298.08 ,$0.00 ,53,0,91,41,1060,1348,2,23,13262234,4850.972611,4615697,4338482,441609,1781058,1352330,1739765,2957709,1601964,9307146,1149887,86507,469799,343744,220875
CA,CA5,201710,ADV,270,76.28518519,0.6,1.129577778,"$1,167.99 ",$354.79 ,$106.44 ,$419.01 ,$287.74 ,$0.00 ,8,0,9,1,61,79,0,2,848112,1842.466511,287498,271226,25853,88185,78474,123435,199599,77382,459811,31090,10988,17892,11400,12601
CA,CA6,201710,ADV,92,79.59782609,0.630434783,1.269032609,"$1,262.10 ",$314.83 ,$102.84 ,$370.78 ,$473.65 ,$0.00 ,1,0,5,1,25,29,0,0,443738,2735.137621,156210,144962,13861,52042,46478,64775,99117,45552,244382,21169,6950,15410,8052,19863
CA,CA7,201710,ADV,2186,72.61070448,0.552150046,0.259668802,$222.58 ,$0.00 ,$12.18 ,$41.53 ,$168.87 ,$0.00 ,0,0,7,0,23,22,1,1,883053,8132.256436,295756,267913,39056,139584,77216,92005,257750,84735,576023,15490,21557,24792,18281,31126
CA,CA8,201710,ADV,91,78.45054945,0.593406593,0.942461539,$987.08 ,$365.51 ,$119.96 ,$371.02 ,$130.59 ,$0.00 ,0,0,1,1,18,28,0,0,281455,3300.636162,121095,105317,6175,17123,20715,52758,50492,9045,86881,7329,9630,3482,4557,16435
CA,CA9,201710,ADV,61,76.81967213,0.606557377,1.001573771,$636.15 ,$0.00 ,$222.17 ,$229.75 ,$184.23 ,$0.00 ,0,0,2,0,11,18,0,0,433212,3281.719108,141155,126052,10475,78816,46650,55515,114125,75432,301974,14534,6567,17221,5984,17741
CA,CA1,201711,ADV,48118,74.06087119,0.573486014,0.557217445,$825.91 ,$282.95 ,$104.46 ,$215.93 ,$222.57 ,$0.00 ,781,39,739,710,3633,8544,19,45,3302833,4208.762531,1204884,1118980,106962,286008,279602,439595,726344,216965,1787453,255366,42081,75015,61486,89451
CA,CA10,201711,ADV,59,80.44067797,0.661016949,1.066440678,"$1,229.34 ",$560.04 ,$185.71 ,$304.13 ,$179.46 ,$0.00 ,1,0,0,3,15,14,0,0,460477,4824.376542,147791,136106,18321,81345,44779,50391,143528,61208,326860,6561,10023,13317,8274,5426
CA,CA11,201711,ADV,12,74.91666667,0.666666667,1.161,"$1,213.85 ",$0.00 ,$710.94 ,$362.01 ,$140.89 ,$0.00 ,0,0,2,0,5,4,0,0,150075,1390.308446,45792,42735,4855,24270,10946,14567,40935,13829,101017,2919,1938,3483,2730,14912
CA,CA12,201711,ADV,122,77.59016393,0.581967213,1.1815,"$1,742.51 ",$702.13 ,$270.97 ,$481.89 ,$287.51 ,$0.00 ,3,0,10,1,34,39,0,0,978130,5958.095977,328577,304624,41276,147389,92035,114438,279979,108140,686675,23756,12508,28262,25805,16750
CA,CA13,201711,ADV,128,77.6171875,0.40625,1.135125,$643.71 ,$174.90 ,$136.78 ,$156.08 ,$175.94 ,$0.00 ,1,0,4,0,18,28,0,1,342954,21389.49918,163854,119622,10594,41422,24903,67475,74845,21273,143965,5802,14241,5844,5879,17935
CA,CA14,201711,ADV,1704,73.5064554,0.550469484,0.991703639,"$1,184.68 ",$372.28 ,$374.55 ,$235.03 ,$202.82 ,$0.00 ,25,3,43,4,328,224,2,6,2255381,3124.860076,789873,749021,60919,189668,113096,295103,502048,188257,1461149,154299,25948,59669,38303,48904
CA,CA15,201711,ADV,40,77.75,0.55,1.364125,"$1,009.78 ",$0.00 ,$466.68 ,$303.97 ,$239.13 ,$0.00 ,0,0,2,1,8,13,1,0,269075,1935.645521,84795,79606,14912,48433,23145,29320,80062,34066,193067,3236,5216,7611,5801,5926
CA,CA16,201711,ADV,949,78.25289779,0.599578504,1.09333509,"$1,122.08 ",$279.34 ,$178.53 ,$378.56 ,$285.65 ,$0.00 ,15,0,28,8,211,275,0,5,4673221,2470.336258,1796567,1692047,128698,373438,232541,689629,936866,360315,2804353,396804,19220,110888,205390,80356
CA,CA17,201711,ADV,339,76.69321534,0.572271386,1.017020649,$938.85 ,$174.86 ,$191.97 ,$353.48 ,$218.54 ,$0.00 ,6,0,16,5,96,78,0,0,539301,1496.015066,181213,172682,26130,73664,35012,67770,146907,48530,309505,12059,7723,11489,11100,5269
CA,CA18,201711,ADV,81,76.88888889,0.604938272,1.269320988,"$1,796.57 ",$508.69 ,$525.76 ,$442.33 ,$319.79 ,$0.00 ,1,0,4,0,21,18,1,0,732212,1392.385418,241055,226727,28989,96905,53972,89461,201506,62038,494325,20238,8143,16525,14450,15994
CA,CA19,201711,ADV,329,77.74772037,0.58662614,1.088942249,$837.64 ,$48.22 ,$250.67 ,$355.11 ,$183.64 ,$0.00 ,1,0,7,4,71,90,0,1,2291738,5095.099057,896341,819372,75758,168734,134416,335498,532415,114749,1083594,101802,25772,34828,51388,38576
CA,CA2,201711,ADV,28,74.67857143,0.392857143,0.788642857,$579.77 ,$0.00 ,$2.99 ,$161.31 ,$415.47 ,$0.00 ,0,0,0,1,4,9,0,0,180216,4176.578436,57468,44057,10782,33928,15883,22446,51676,34263,160443,3448,6076,4616,3242,9708
CA,CA20,201711,ADV,48,75.14583333,0.645833333,1.208166667,"$1,153.95 ",$372.16 ,$127.50 ,$400.41 ,$253.89 ,$0.00 ,0,0,2,0,14,13,0,0,438530,821.7515515,156896,149067,15346,36031,23696,64390,98813,20223,269660,13520,4468,7695,7541,10444
CA,CA21,201711,ADV,106,78.23584906,0.556603774,1.130811321,"$1,240.96 ",$200.35 ,$257.53 ,$381.22 ,$401.87 ,$0.00 ,1,0,2,4,18,36,0,0,641847,2324.181643,263188,238371,17271,57501,43401,116457,130712,38050,249451,23427,13544,12933,11677,12597
CA,CA22,201711,ADV,15,76.66666667,0.6,0.818666667,$380.41 ,$0.00 ,$83.02 ,$129.38 ,$168.00 ,$0.00 ,0,0,1,0,4,2,0,0,171365,1234.545845,62685,58539,6792,22175,14964,23303,45990,13426,84511,4555,4913,3992,3786,2411
CA,CA23,201711,ADV,67,75.35820896,0.402985075,1.060298508,"$1,046.86 ",$599.24 ,$225.18 ,$167.85 ,$54.59 ,$0.00 ,1,0,2,0,7,11,0,0,151906,9005.172163,84579,59685,4117,9269,9764,35175,25619,1701,28770,2723,7154,1011,2769,11716
CA,CA24,201711,ADV,222,78.66666667,0.581081081,0.995801802,"$1,202.58 ",$283.08 ,$249.03 ,$268.54 ,$401.93 ,$0.00 ,4,1,8,4,64,48,0,0,428006,8864.022501,193696,163983,16804,39396,35478,79271,91192,17615,138500,10651,26639,6204,11021,9809
CA,CA25,201711,ADV,98,78.68367347,0.448979592,0.982836735,$746.33 ,$117.45 ,$285.92 ,$239.09 ,$103.87 ,$0.00 ,1,0,1,2,20,22,0,1,470990,24672.40534,218386,187277,15591,36021,38019,90963,98766,8104,114440,8163,28551,6986,13481,12724
CA,CA3,201711,ADV,7884,76.7101725,0.593607306,0.449288179,$495.92 ,$105.25 ,$64.15 ,$94.03 ,$232.49 ,$0.00 ,44,2,103,15,297,374,2,9,4518699,27266.44488,1549773,1348982,180356,553160,432652,561952,1186660,340581,3038969,129608,113905,106066,62893,91930
CA,CA4,201711,ADV,8208,75.23452729,0.563961988,0.65913365,$794.64 ,$195.26 ,$73.45 ,$240.28 ,$285.65 ,$0.00 ,46,0,101,33,1001,1272,3,23,13262234,4850.972611,4615697,4338482,441609,1781058,1352330,1739765,2957709,1601964,9307146,1149887,86507,469799,343744,220875
CA,CA5,201711,ADV,267,76.52059925,0.595505618,1.134089888,"$1,376.82 ",$352.28 ,$195.14 ,$514.99 ,$314.40 ,$0.00 ,8,0,11,2,51,78,1,2,848112,1842.466511,287498,271226,25853,88185,78474,123435,199599,77382,459811,31090,10988,17892,11400,12601
CA,CA6,201711,ADV,92,79.64130435,0.630434783,1.269032609,"$1,162.19 ",$60.03 ,$86.26 ,$426.42 ,$589.48 ,$0.00 ,1,0,1,1,19,31,0,0,443738,2735.137621,156210,144962,13861,52042,46478,64775,99117,45552,244382,21169,6950,15410,8052,19863
CA,CA7,201711,ADV,2172,72.63259669,0.552946593,0.258831492,$323.89 ,$61.82 ,$11.11 ,$49.88 ,$201.08 ,$0.00 ,2,0,6,0,20,14,0,1,883053,8132.256436,295756,267913,39056,139584,77216,92005,257750,84735,576023,15490,21557,24792,18281,31126
CA,CA8,201711,ADV,90,78.52222222,0.588888889,0.949944444,"$1,367.29 ",$740.48 ,$140.74 ,$358.17 ,$127.90 ,$0.00 ,0,0,2,1,20,23,0,0,281455,3300.636162,121095,105317,6175,17123,20715,52758,50492,9045,86881,7329,9630,3482,4557,16435
CA,CA9,201711,ADV,61,76.85245902,0.606557377,1.001573771,"$1,383.52 ",$480.07 ,$326.74 ,$350.81 ,$225.91 ,$0.00 ,3,0,1,0,14,16,0,0,433212,3281.719108,141155,126052,10475,78816,46650,55515,114125,75432,301974,14534,6567,17221,5984,17741
CA,CA1,201712,ADV,47854,74.12761734,0.573577966,0.555758035,$832.47 ,$309.47 ,$101.75 ,$197.63 ,$223.62 ,$0.00 ,906,26,880,842,3354,7714,26,44,3302833,4208.762531,1204884,1118980,106962,286008,279602,439595,726344,216965,1787453,255366,42081,75015,61486,89451
CA,CA10,201712,ADV,56,80.83928571,0.678571429,1.096267857,"$1,107.84 ",$448.32 ,$61.97 ,$364.73 ,$232.82 ,$0.00 ,3,0,1,0,18,19,0,0,460477,4824.376542,147791,136106,18321,81345,44779,50391,143528,61208,326860,6561,10023,13317,8274,5426
CA,CA11,201712,ADV,11,75.27272727,0.636363636,1.250454546,"$3,017.58 ","$2,077.28 ",$265.92 ,$525.78 ,$148.60 ,$0.00 ,0,0,0,0,4,2,0,0,150075,1390.308446,45792,42735,4855,24270,10946,14567,40935,13829,101017,2919,1938,3483,2730,14912
CA,CA12,201712,ADV,118,77.68644068,0.584745763,1.140322034,"$1,025.88 ",$260.00 ,$153.96 ,$273.44 ,$338.48 ,$0.00 ,2,0,2,0,22,28,0,0,978130,5958.095977,328577,304624,41276,147389,92035,114438,279979,108140,686675,23756,12508,28262,25805,16750
CA,CA13,201712,ADV,128,77.6796875,0.40625,1.135125,"$1,119.15 ",$433.36 ,$237.26 ,$232.64 ,$215.89 ,$0.00 ,4,0,3,0,23,31,0,1,342954,21389.49918,163854,119622,10594,41422,24903,67475,74845,21273,143965,5802,14241,5844,5879,17935
CA,CA14,201712,ADV,1690,73.58047337,0.549112426,0.987427811,"$1,218.24 ",$399.74 ,$371.90 ,$246.06 ,$200.54 ,$0.00 ,23,3,66,10,283,171,1,6,2255381,3124.860076,789873,749021,60919,189668,113096,295103,502048,188257,1461149,154299,25948,59669,38303,48904
CA,CA15,201712,ADV,40,77.8,0.55,1.364125,"$1,373.37 ",$380.75 ,$378.92 ,$401.18 ,$212.52 ,$0.00 ,0,0,3,1,12,11,0,0,269075,1935.645521,84795,79606,14912,48433,23145,29320,80062,34066,193067,3236,5216,7611,5801,5926
CA,CA16,201712,ADV,942,78.30467091,0.599787686,1.084867304,"$1,271.25 ",$442.27 ,$132.95 ,$388.15 ,$307.88 ,$0.00 ,14,1,30,11,218,241,0,2,4673221,2470.336258,1796567,1692047,128698,373438,232541,689629,936866,360315,2804353,396804,19220,110888,205390,80356
CA,CA17,201712,ADV,337,76.68249258,0.569732938,1.019664688,"$1,414.69 ",$711.25 ,$160.09 ,$362.24 ,$181.11 ,$0.00 ,5,0,15,2,101,80,0,0,539301,1496.015066,181213,172682,26130,73664,35012,67770,146907,48530,309505,12059,7723,11489,11100,5269
CA,CA18,201712,ADV,79,76.91139241,0.607594937,1.145594937,"$1,829.84 ","$1,006.41 ",$146.45 ,$377.20 ,$299.77 ,$0.00 ,3,0,2,0,13,13,0,0,732212,1392.385418,241055,226727,28989,96905,53972,89461,201506,62038,494325,20238,8143,16525,14450,15994
CA,CA19,201712,ADV,323,77.6130031,0.582043344,1.079473684,"$1,066.03 ",$302.04 ,$196.55 ,$327.64 ,$239.80 ,$0.00 ,5,0,11,3,68,63,0,1,2291738,5095.099057,896341,819372,75758,168734,134416,335498,532415,114749,1083594,101802,25772,34828,51388,38576
CA,CA2,201712,ADV,26,75.23076923,0.423076923,0.750115385,$295.34 ,$0.00 ,$3.22 ,$100.96 ,$191.16 ,$0.00 ,0,0,0,0,2,5,0,0,180216,4176.578436,57468,44057,10782,33928,15883,22446,51676,34263,160443,3448,6076,4616,3242,9708
CA,CA20,201712,ADV,48,75.25,0.645833333,1.208166667,"$2,080.41 ","$1,341.93 ",$66.85 ,$484.01 ,$187.63 ,$0.00 ,3,0,1,0,8,13,0,0,438530,821.7515515,156896,149067,15346,36031,23696,64390,98813,20223,269660,13520,4468,7695,7541,10444
CA,CA21,201712,ADV,105,78.39047619,0.561904762,1.138438095,$910.27 ,$158.53 ,$77.88 ,$416.06 ,$257.80 ,$0.00 ,1,0,5,1,18,28,0,0,641847,2324.181643,263188,238371,17271,57501,43401,116457,130712,38050,249451,23427,13544,12933,11677,12597
CA,CA22,201712,ADV,15,76.66666667,0.6,0.818666667,$286.66 ,$0.00 ,$99.93 ,$118.24 ,$68.49 ,$0.00 ,0,0,0,0,4,2,0,0,171365,1234.545845,62685,58539,6792,22175,14964,23303,45990,13426,84511,4555,4913,3992,3786,2411
CA,CA23,201712,ADV,65,75.44615385,0.415384615,1.0064,"$1,356.43 ",$693.75 ,$505.05 ,$124.17 ,$33.45 ,$0.00 ,4,0,4,0,5,9,0,0,151906,9005.172163,84579,59685,4117,9269,9764,35175,25619,1701,28770,2723,7154,1011,2769,11716
CA,CA24,201712,ADV,216,78.90277778,0.578703704,1.004962963,"$1,622.68 ",$824.05 ,$199.90 ,$332.90 ,$265.82 ,$0.00 ,4,0,9,3,61,38,0,0,428006,8864.022501,193696,163983,16804,39396,35478,79271,91192,17615,138500,10651,26639,6204,11021,9809
CA,CA25,201712,ADV,97,78.84536083,0.443298969,0.98842268,$958.86 ,$325.74 ,$186.32 ,$315.26 ,$131.54 ,$0.00 ,1,0,1,0,24,19,0,1,470990,24672.40534,218386,187277,15591,36021,38019,90963,98766,8104,114440,8163,28551,6986,13481,12724
CA,CA3,201712,ADV,7805,76.75118514,0.593209481,0.445126201,$569.61 ,$181.05 ,$61.19 ,$91.86 ,$235.51 ,$0.00 ,43,1,119,34,267,330,0,12,4518699,27266.44488,1549773,1348982,180356,553160,432652,561952,1186660,340581,3038969,129608,113905,106066,62893,91930
CA,CA4,201712,ADV,8142,75.26811594,0.564603292,0.656442152,$730.57 ,$168.20 ,$67.14 ,$192.39 ,$302.84 ,$0.00 ,56,0,91,43,891,1100,2,20,13262234,4850.972611,4615697,4338482,441609,1781058,1352330,1739765,2957709,1601964,9307146,1149887,86507,469799,343744,220875
CA,CA5,201712,ADV,261,76.45210728,0.597701149,1.122651341,"$1,986.71 ",$829.82 ,$211.78 ,$615.64 ,$329.47 ,$0.00 ,5,0,6,3,58,65,0,2,848112,1842.466511,287498,271226,25853,88185,78474,123435,199599,77382,459811,31090,10988,17892,11400,12601
CA,CA6,201712,ADV,92,79.66304348,0.630434783,1.269032609,"$1,900.11 ",$589.56 ,$103.34 ,$488.23 ,$718.98 ,$0.00 ,2,0,4,1,18,24,0,0,443738,2735.137621,156210,144962,13861,52042,46478,64775,99117,45552,244382,21169,6950,15410,8052,19863
CA,CA7,201712,ADV,2154,72.66713092,0.552924791,0.258858403,$236.21 ,$22.14 ,$9.27 ,$40.30 ,$164.50 ,$0.00 ,1,0,7,1,12,14,0,1,883053,8132.256436,295756,267913,39056,139584,77216,92005,257750,84735,576023,15490,21557,24792,18281,31126
CA,CA8,201712,ADV,88,78.54545455,0.579545455,0.965522727,$676.30 ,$153.15 ,$83.04 ,$252.90 ,$187.20 ,$0.00 ,1,0,1,1,15,28,0,0,281455,3300.636162,121095,105317,6175,17123,20715,52758,50492,9045,86881,7329,9630,3482,4557,16435
CA,CA9,201712,ADV,61,76.95081967,0.606557377,1.001573771,"$1,180.70 ",$349.54 ,$196.60 ,$333.00 ,$301.55 ,$0.00 ,1,0,2,0,7,17,0,0,433212,3281.719108,141155,126052,10475,78816,46650,55515,114125,75432,301974,14534,6567,17221,5984,17741
CA,CA1,201801,ADV,43865,73.64167332,0.56598655,0.555914123,$772.81 ,$228.79 ,$115.60 ,$224.63 ,$203.79 ,$0.00 ,554,29,528,763,3763,9264,32,50,3302833,4208.762531,1204884,1118980,106962,286008,279602,439595,726344,216965,1787453,255366,42081,75015,61486,89451
CA,CA10,201801,ADV,63,80.80952381,0.650793651,1.18284127,$613.52 ,$12.70 ,$174.18 ,$265.89 ,$160.74 ,$0.00 ,0,0,0,1,21,20,0,0,460477,4824.376542,147791,136106,18321,81345,44779,50391,143528,61208,326860,6561,10023,13317,8274,5426
CA,CA11,201801,ADV,20,74.95,0.6,0.90525,$607.68 ,$0.00 ,$122.21 ,$351.17 ,$134.29 ,$0.00 ,0,0,1,0,5,8,0,0,150075,1390.308446,45792,42735,4855,24270,10946,14567,40935,13829,101017,2919,1938,3483,2730,14912
CA,CA12,201801,ADV,127,77.65354331,0.559055118,1.187779528,"$1,387.26 ",$615.67 ,$102.51 ,$409.04 ,$260.04 ,$0.00 ,1,0,4,0,34,39,0,0,978130,5958.095977,328577,304624,41276,147389,92035,114438,279979,108140,686675,23756,12508,28262,25805,16750
CA,CA13,201801,ADV,135,76.56296296,0.392592593,1.149437037,"$2,364.81 ",$803.76 ,$944.61 ,$345.52 ,$270.92 ,$0.00 ,2,0,4,1,28,35,0,0,342954,21389.49918,163854,119622,10594,41422,24903,67475,74845,21273,143965,5802,14241,5844,5879,17935
CA,CA14,201801,ADV,2043,72.90651003,0.538913363,1.028378855,"$1,253.83 ",$458.87 ,$367.00 ,$238.93 ,$189.03 ,$0.00 ,21,3,42,16,456,262,2,8,2255381,3124.860076,789873,749021,60919,189668,113096,295103,502048,188257,1461149,154299,25948,59669,38303,48904
CA,CA15,201801,ADV,51,76.7254902,0.490196078,1.812235294,"$1,681.07 ",$384.15 ,$373.52 ,$405.99 ,$517.42 ,$0.00 ,0,0,2,0,15,17,0,0,269075,1935.645521,84795,79606,14912,48433,23145,29320,80062,34066,193067,3236,5216,7611,5801,5926
CA,CA16,201801,ADV,1731,75.50895436,0.566724437,1.077471404,"$1,197.73 ",$382.76 ,$190.68 ,$376.61 ,$247.69 ,$0.00 ,17,1,53,16,446,414,1,4,4673221,2470.336258,1796567,1692047,128698,373438,232541,689629,936866,360315,2804353,396804,19220,110888,205390,80356
CA,CA17,201801,ADV,356,76.33426966,0.564606742,1.057182584,"$1,110.38 ",$323.51 ,$196.13 ,$367.87 ,$222.87 ,$0.00 ,4,0,15,0,119,85,1,0,539301,1496.015066,181213,172682,26130,73664,35012,67770,146907,48530,309505,12059,7723,11489,11100,5269
CA,CA18,201801,ADV,110,76.05454546,0.545454546,0.9966,$663.53 ,$159.73 ,$103.48 ,$250.53 ,$149.78 ,$0.00 ,3,0,0,2,28,29,0,2,732212,1392.385418,241055,226727,28989,96905,53972,89461,201506,62038,494325,20238,8143,16525,14450,15994
CA,CA19,201801,ADV,373,77,0.597855228,1.125276139,"$1,276.61 ",$512.35 ,$138.79 ,$396.05 ,$229.43 ,$0.00 ,3,0,9,1,107,80,1,1,2291738,5095.099057,896341,819372,75758,168734,134416,335498,532415,114749,1083594,101802,25772,34828,51388,38576
CA,CA2,201801,ADV,33,72.33333333,0.484848485,0.664181818,$284.26 ,$0.00 ,$31.00 ,$168.97 ,$84.29 ,$0.00 ,0,0,0,1,4,9,0,0,180216,4176.578436,57468,44057,10782,33928,15883,22446,51676,34263,160443,3448,6076,4616,3242,9708
CA,CA20,201801,ADV,64,75.328125,0.5625,1.55184375,"$2,519.16 ","$1,553.75 ",$298.96 ,$491.17 ,$175.28 ,$0.00 ,3,0,5,0,17,12,0,0,438530,821.7515515,156896,149067,15346,36031,23696,64390,98813,20223,269660,13520,4468,7695,7541,10444
CA,CA21,201801,ADV,131,78.80916031,0.580152672,1.194610687,"$1,164.43 ",$477.05 ,$85.92 ,$434.76 ,$166.71 ,$0.00 ,1,0,3,2,32,40,0,0,641847,2324.181643,263188,238371,17271,57501,43401,116457,130712,38050,249451,23427,13544,12933,11677,12597
CA,CA22,201801,ADV,22,77.40909091,0.545454546,0.819090909,$346.31 ,$0.00 ,$16.70 ,$185.14 ,$144.47 ,$0.00 ,0,0,0,0,7,6,0,0,171365,1234.545845,62685,58539,6792,22175,14964,23303,45990,13426,84511,4555,4913,3992,3786,2411
CA,CA23,201801,ADV,62,75.70967742,0.435483871,1.044354839,"$1,497.13 ",$0.00 ,"$1,344.69 ",$95.45 ,$56.99 ,$0.00 ,0,0,1,0,8,9,0,0,151906,9005.172163,84579,59685,4117,9269,9764,35175,25619,1701,28770,2723,7154,1011,2769,11716
CA,CA24,201801,ADV,87,76.86206897,0.471264368,1.207045977,"$1,205.72 ",$229.02 ,$416.00 ,$293.41 ,$267.29 ,$0.00 ,2,0,5,0,25,20,0,1,428006,8864.022501,193696,163983,16804,39396,35478,79271,91192,17615,138500,10651,26639,6204,11021,9809
CA,CA25,201801,ADV,260,77.77307692,0.507692308,1.129911539,"$1,165.77 ",$491.51 ,$196.84 ,$305.38 ,$172.04 ,$0.00 ,5,0,11,1,70,41,0,0,470990,24672.40534,218386,187277,15591,36021,38019,90963,98766,8104,114440,8163,28551,6986,13481,12724
CA,CA3,201801,ADV,7406,75.89616527,0.589116932,0.534966514,$579.34 ,$128.11 ,$72.88 ,$123.09 ,$255.26 ,$0.00 ,30,0,108,19,505,559,1,10,4518699,27266.44488,1549773,1348982,180356,553160,432652,561952,1186660,340581,3038969,129608,113905,106066,62893,91930
CA,CA4,201801,ADV,7948,74.27617011,0.552214394,0.797295672,$872.38 ,$200.14 ,$118.65 ,$268.39 ,$285.20 ,$0.00 ,54,0,123,38,1336,1616,3,25,13262234,4850.972611,4615697,4338482,441609,1781058,1352330,1739765,2957709,1601964,9307146,1149887,86507,469799,343744,220875
CA,CA5,201801,ADV,304,76.49342105,0.555921053,1.137904605,"$1,139.81 ",$361.71 ,$105.61 ,$372.18 ,$300.31 ,$0.00 ,4,0,5,4,81,92,0,3,848112,1842.466511,287498,271226,25853,88185,78474,123435,199599,77382,459811,31090,10988,17892,11400,12601
CA,CA6,201801,ADV,102,79.48039216,0.617647059,1.330803922,$958.32 ,$35.91 ,$93.96 ,$281.12 ,$547.33 ,$0.00 ,0,0,4,0,26,29,0,0,443738,2735.137621,156210,144962,13861,52042,46478,64775,99117,45552,244382,21169,6950,15410,8052,19863
CA,CA7,201801,ADV,2128,71.95817669,0.55075188,0.290855263,$225.99 ,$35.56 ,$9.82 ,$24.92 ,$155.69 ,$0.00 ,2,0,6,0,27,28,0,1,883053,8132.256436,295756,267913,39056,139584,77216,92005,257750,84735,576023,15490,21557,24792,18281,31126
CA,CA8,201801,ADV,92,77.72826087,0.586956522,0.987271739,"$1,149.44 ",$349.89 ,$195.28 ,$377.62 ,$226.65 ,$0.00 ,0,0,6,0,19,30,0,0,281455,3300.636162,121095,105317,6175,17123,20715,52758,50492,9045,86881,7329,9630,3482,4557,16435
CA,CA9,201801,ADV,115,75.59130435,0.573913044,0.9416,"$1,321.22 ",$672.41 ,$121.23 ,$389.54 ,$138.03 ,$0.00 ,2,0,2,0,21,44,0,0,433212,3281.719108,141155,126052,10475,78816,46650,55515,114125,75432,301974,14534,6567,17221,5984,17741
CA,CA1,201802,ADV,46450,73.53190527,0.564886975,0.54367352,$665.18 ,$204.04 ,$103.61 ,$190.84 ,$166.68 ,$0.00 ,556,26,511,656,3153,8590,29,50,3302833,4208.762531,1204884,1118980,106962,286008,279602,439595,726344,216965,1787453,255366,42081,75015,61486,89451
CA,CA10,201802,ADV,63,80.84126984,0.650793651,1.18284127,"$1,894.46 ",$981.21 ,$215.39 ,$520.95 ,$176.91 ,$0.00 ,0,0,2,0,13,15,1,0,460477,4824.376542,147791,136106,18321,81345,44779,50391,143528,61208,326860,6561,10023,13317,8274,5426
CA,CA11,201802,ADV,20,75.05,0.6,0.90525,"$1,511.90 ",$949.51 ,$207.65 ,$223.87 ,$130.89 ,$0.00 ,1,0,2,0,7,7,0,0,150075,1390.308446,45792,42735,4855,24270,10946,14567,40935,13829,101017,2919,1938,3483,2730,14912
CA,CA12,201802,ADV,131,77.44274809,0.557251908,1.171068702,$798.61 ,$183.22 ,$97.42 ,$281.40 ,$236.57 ,$0.00 ,2,0,4,1,30,38,0,0,978130,5958.095977,328577,304624,41276,147389,92035,114438,279979,108140,686675,23756,12508,28262,25805,16750
CA,CA13,201802,ADV,136,76.63970588,0.397058824,1.145691177,"$1,706.43 ",$414.75 ,$788.32 ,$224.74 ,$278.62 ,$0.00 ,1,0,5,0,29,39,0,1,342954,21389.49918,163854,119622,10594,41422,24903,67475,74845,21273,143965,5802,14241,5844,5879,17935
CA,CA14,201802,ADV,2053,72.94398441,0.539210911,1.027170482,$894.26 ,$193.97 ,$332.75 ,$215.97 ,$151.58 ,$0.00 ,12,5,48,7,400,237,5,7,2255381,3124.860076,789873,749021,60919,189668,113096,295103,502048,188257,1461149,154299,25948,59669,38303,48904
CA,CA15,201802,ADV,51,76.68627451,0.470588235,1.787784314,"$1,065.83 ",$0.00 ,$683.78 ,$269.79 ,$112.26 ,$0.00 ,0,0,2,0,12,13,0,0,269075,1935.645521,84795,79606,14912,48433,23145,29320,80062,34066,193067,3236,5216,7611,5801,5926
CA,CA16,201802,ADV,1751,75.47458595,0.565962307,1.078523701,$999.39 ,$354.35 ,$139.63 ,$332.45 ,$172.96 ,$0.00 ,19,1,45,11,394,408,4,3,4673221,2470.336258,1796567,1692047,128698,373438,232541,689629,936866,360315,2804353,396804,19220,110888,205390,80356
CA,CA17,201802,ADV,357,76.38935574,0.565826331,1.054901961,"$1,054.04 ",$277.38 ,$185.90 ,$372.95 ,$217.81 ,$0.00 ,4,0,10,3,97,74,0,0,539301,1496.015066,181213,172682,26130,73664,35012,67770,146907,48530,309505,12059,7723,11489,11100,5269
CA,CA18,201802,ADV,111,76.18918919,0.54954955,0.989630631,$438.01 ,$0.00 ,$86.36 ,$225.99 ,$125.66 ,$0.00 ,0,0,3,1,27,29,0,2,732212,1392.385418,241055,226727,28989,96905,53972,89461,201506,62038,494325,20238,8143,16525,14450,15994
CA,CA19,201802,ADV,378,76.93915344,0.597883598,1.114907407,$898.90 ,$246.18 ,$132.64 ,$315.13 ,$204.95 ,$0.00 ,4,0,8,1,97,91,0,2,2291738,5095.099057,896341,819372,75758,168734,134416,335498,532415,114749,1083594,101802,25772,34828,51388,38576
CA,CA2,201802,ADV,34,72.35294118,0.470588235,0.650411765,$736.76 ,$361.95 ,$0.00 ,$233.67 ,$141.14 ,$0.00 ,0,0,0,0,5,4,0,0,180216,4176.578436,57468,44057,10782,33928,15883,22446,51676,34263,160443,3448,6076,4616,3242,9708
CA,CA20,201802,ADV,65,75.35384615,0.569230769,1.541230769,"$1,345.88 ",$752.20 ,$180.71 ,$290.50 ,$122.46 ,$0.00 ,1,0,0,1,15,9,0,0,438530,821.7515515,156896,149067,15346,36031,23696,64390,98813,20223,269660,13520,4468,7695,7541,10444
CA,CA21,201802,ADV,132,78.6969697,0.575757576,1.185878788,"$1,111.40 ",$413.99 ,$125.20 ,$370.56 ,$201.64 ,$0.00 ,4,0,3,5,24,35,0,0,641847,2324.181643,263188,238371,17271,57501,43401,116457,130712,38050,249451,23427,13544,12933,11677,12597
CA,CA22,201802,ADV,22,77.40909091,0.545454546,0.819090909,$394.14 ,$0.00 ,$18.93 ,$274.92 ,$100.30 ,$0.00 ,0,0,0,1,5,4,0,0,171365,1234.545845,62685,58539,6792,22175,14964,23303,45990,13426,84511,4555,4913,3992,3786,2411
CA,CA23,201802,ADV,62,75.75806452,0.435483871,1.044354839,$342.00 ,$0.00 ,$190.20 ,$84.11 ,$67.70 ,$0.00 ,0,0,1,0,4,7,0,0,151906,9005.172163,84579,59685,4117,9269,9764,35175,25619,1701,28770,2723,7154,1011,2769,11716
CA,CA24,201802,ADV,88,77.04545455,0.465909091,1.215897727,"$1,053.94 ",$107.96 ,$383.84 ,$317.18 ,$244.97 ,$0.00 ,1,0,4,1,25,23,0,1,428006,8864.022501,193696,163983,16804,39396,35478,79271,91192,17615,138500,10651,26639,6204,11021,9809
CA,CA25,201802,ADV,262,77.67175573,0.507633588,1.126152672,$733.35 ,$125.45 ,$195.74 ,$209.63 ,$202.54 ,$0.00 ,2,0,10,1,70,50,0,0,470990,24672.40534,218386,187277,15591,36021,38019,90963,98766,8104,114440,8163,28551,6986,13481,12724
CA,CA3,201802,ADV,7510,75.80013316,0.587882823,0.540126764,$552.88 ,$129.22 ,$60.67 ,$122.34 ,$240.65 ,$0.00 ,37,0,96,17,470,540,1,9,4518699,27266.44488,1549773,1348982,180356,553160,432652,561952,1186660,340581,3038969,129608,113905,106066,62893,91930
CA,CA4,201802,ADV,8069,74.17982402,0.552732681,0.79877048,$770.74 ,$181.18 ,$101.94 ,$245.00 ,$242.62 ,$0.00 ,43,0,112,26,1236,1566,2,23,13262234,4850.972611,4615697,4338482,441609,1781058,1352330,1739765,2957709,1601964,9307146,1149887,86507,469799,343744,220875
CA,CA5,201802,ADV,306,76.47712418,0.555555556,1.133169935,"$1,565.93 ",$531.95 ,$176.44 ,$590.75 ,$266.79 ,$0.00 ,3,0,9,2,81,81,0,3,848112,1842.466511,287498,271226,25853,88185,78474,123435,199599,77382,459811,31090,10988,17892,11400,12601
CA,CA6,201802,ADV,103,79.50485437,0.621359223,1.324174757,"$1,179.99 ",$232.62 ,$123.45 ,$368.61 ,$455.30 ,$0.00 ,1,0,6,0,27,28,0,0,443738,2735.137621,156210,144962,13861,52042,46478,64775,99117,45552,244382,21169,6950,15410,8052,19863
CA,CA7,201802,ADV,2148,71.97253259,0.552141527,0.29117365,$198.76 ,$9.01 ,$11.96 ,$27.73 ,$150.05 ,$0.00 ,2,0,8,2,14,21,0,1,883053,8132.256436,295756,267913,39056,139584,77216,92005,257750,84735,576023,15490,21557,24792,18281,31126
CA,CA8,201802,ADV,95,76.95789474,0.589473684,0.992494737,"$1,068.72 ",$191.44 ,$244.27 ,$400.40 ,$232.61 ,$0.00 ,2,0,4,1,23,26,0,0,281455,3300.636162,121095,105317,6175,17123,20715,52758,50492,9045,86881,7329,9630,3482,4557,16435
CA,CA9,201802,ADV,115,75.6173913,0.573913044,0.9416,"$1,112.19 ",$435.18 ,$101.10 ,$392.51 ,$183.40 ,$0.00 ,0,0,3,0,15,38,0,0,433212,3281.719108,141155,126052,10475,78816,46650,55515,114125,75432,301974,14534,6567,17221,5984,17741
CA,CA1,201803,ADV,47048,73.53698351,0.564699881,0.542682006,$755.41 ,$237.52 ,$113.69 ,$223.25 ,$180.96 ,$0.00 ,627,44,579,757,3632,9364,23,55,3302833,4208.762531,1204884,1118980,106962,286008,279602,439595,726344,216965,1787453,255366,42081,75015,61486,89451
CA,CA10,201803,ADV,63,80.87301587,0.650793651,1.18284127,$838.47 ,$141.52 ,$229.86 ,$264.20 ,$202.88 ,$0.00 ,1,0,2,0,20,15,0,0,460477,4824.376542,147791,136106,18321,81345,44779,50391,143528,61208,326860,6561,10023,13317,8274,5426
CA,CA11,201803,ADV,20,75.1,0.6,0.90525,"$1,195.91 ",$795.26 ,$19.68 ,$229.52 ,$151.45 ,$0.00 ,0,0,0,0,4,6,0,0,150075,1390.308446,45792,42735,4855,24270,10946,14567,40935,13829,101017,2919,1938,3483,2730,14912
CA,CA12,201803,ADV,131,77.48091603,0.557251908,1.171068702,$857.73 ,$185.05 ,$69.32 ,$329.90 ,$273.45 ,$0.00 ,1,0,2,1,46,37,0,0,978130,5958.095977,328577,304624,41276,147389,92035,114438,279979,108140,686675,23756,12508,28262,25805,16750
CA,CA13,201803,ADV,136,76.71323529,0.397058824,1.145691177,"$2,947.73 ",$717.88 ,"$1,477.04 ",$487.70 ,$265.12 ,$0.00 ,3,0,10,0,32,34,0,1,342954,21389.49918,163854,119622,10594,41422,24903,67475,74845,21273,143965,5802,14241,5844,5879,17935
CA,CA14,201803,ADV,2075,72.94506024,0.538795181,1.022897349,"$1,139.99 ",$285.25 ,$418.53 ,$230.03 ,$206.19 ,$0.00 ,12,5,49,12,439,253,1,8,2255381,3124.860076,789873,749021,60919,189668,113096,295103,502048,188257,1461149,154299,25948,59669,38303,48904
CA,CA15,201803,ADV,53,76.69811321,0.490566038,1.759264151,"$3,021.95 ","$1,204.27 ",$514.46 ,$929.00 ,$374.23 ,$0.00 ,1,0,2,0,21,20,0,0,269075,1935.645521,84795,79606,14912,48433,23145,29320,80062,34066,193067,3236,5216,7611,5801,5926
CA,CA16,201803,ADV,1768,75.4321267,0.564479638,1.080248303,"$1,182.30 ",$322.58 ,$232.55 ,$372.18 ,$254.99 ,$0.00 ,22,0,49,6,425,431,1,5,4673221,2470.336258,1796567,1692047,128698,373438,232541,689629,936866,360315,2804353,396804,19220,110888,205390,80356
CA,CA17,201803,ADV,356,76.4494382,0.564606742,1.055146067,$927.90 ,$287.40 ,$124.46 ,$306.29 ,$209.75 ,$0.00 ,7,0,12,1,104,73,0,0,539301,1496.015066,181213,172682,26130,73664,35012,67770,146907,48530,309505,12059,7723,11489,11100,5269
CA,CA18,201803,ADV,111,76.21621622,0.54954955,0.989630631,$679.66 ,$75.42 ,$128.54 ,$257.73 ,$217.96 ,$0.00 ,1,0,1,0,27,29,1,2,732212,1392.385418,241055,226727,28989,96905,53972,89461,201506,62038,494325,20238,8143,16525,14450,15994
CA,CA19,201803,ADV,379,77.00263852,0.598944591,1.114319261,"$1,491.75 ",$555.79 ,$174.68 ,$540.79 ,$220.48 ,$0.00 ,2,0,10,1,90,77,0,2,2291738,5095.099057,896341,819372,75758,168734,134416,335498,532415,114749,1083594,101802,25772,34828,51388,38576
CA,CA2,201803,ADV,35,72.2,0.485714286,0.712057143,$656.80 ,$322.26 ,$83.96 ,$187.12 ,$63.47 ,$0.00 ,1,0,2,0,6,6,0,0,180216,4176.578436,57468,44057,10782,33928,15883,22446,51676,34263,160443,3448,6076,4616,3242,9708
CA,CA20,201803,ADV,65,75.38461539,0.569230769,1.541230769,$904.02 ,$0.00 ,$248.17 ,$453.21 ,$202.63 ,$0.00 ,0,0,4,0,16,14,0,0,438530,821.7515515,156896,149067,15346,36031,23696,64390,98813,20223,269660,13520,4468,7695,7541,10444
CA,CA21,201803,ADV,133,78.63909774,0.578947368,1.181684211,"$1,337.44 ",$124.99 ,$172.31 ,$864.09 ,$176.05 ,$0.00 ,2,0,5,2,39,42,0,1,641847,2324.181643,263188,238371,17271,57501,43401,116457,130712,38050,249451,23427,13544,12933,11677,12597
CA,CA22,201803,ADV,23,76.39130435,0.52173913,0.801391304,"$1,062.95 ",$0.00 ,$608.60 ,$345.33 ,$109.02 ,$0.00 ,0,0,0,0,5,6,0,0,171365,1234.545845,62685,58539,6792,22175,14964,23303,45990,13426,84511,4555,4913,3992,3786,2411
CA,CA23,201803,ADV,62,75.80645161,0.435483871,1.044354839,"$1,710.79 ",$801.71 ,$302.76 ,$561.37 ,$44.95 ,$0.00 ,2,0,1,2,8,9,0,0,151906,9005.172163,84579,59685,4117,9269,9764,35175,25619,1701,28770,2723,7154,1011,2769,11716
CA,CA24,201803,ADV,89,76.83146067,0.460674157,1.207831461,"$1,130.33 ",$208.72 ,$353.05 ,$308.85 ,$259.70 ,$0.00 ,1,0,6,0,28,19,0,1,428006,8864.022501,193696,163983,16804,39396,35478,79271,91192,17615,138500,10651,26639,6204,11021,9809
CA,CA25,201803,ADV,263,77.68821293,0.505703422,1.124212928,"$1,454.97 ",$692.68 ,$247.86 ,$352.76 ,$161.67 ,$0.00 ,5,0,11,4,63,55,0,0,470990,24672.40534,218386,187277,15591,36021,38019,90963,98766,8104,114440,8163,28551,6986,13481,12724
CA,CA3,201803,ADV,7565,75.76497026,0.58849967,0.54196735,$566.42 ,$98.98 ,$63.83 ,$128.84 ,$274.76 ,$0.00 ,28,0,102,26,512,599,1,8,4518699,27266.44488,1549773,1348982,180356,553160,432652,561952,1186660,340581,3038969,129608,113905,106066,62893,91930
CA,CA4,201803,ADV,8176,74.05332681,0.552959883,0.797199976,$831.18 ,$172.70 ,$117.89 ,$260.15 ,$280.45 ,$0.00 ,56,0,136,35,1308,1626,2,21,13262234,4850.972611,4615697,4338482,441609,1781058,1352330,1739765,2957709,1601964,9307146,1149887,86507,469799,343744,220875
CA,CA5,201803,ADV,308,76.42857143,0.555194805,1.12788961,"$1,630.34 ",$429.99 ,$219.16 ,$565.63 ,$415.56 ,$0.00 ,1,0,8,0,80,88,0,3,848112,1842.466511,287498,271226,25853,88185,78474,123435,199599,77382,459811,31090,10988,17892,11400,12601
CA,CA6,201803,ADV,104,79.39423077,0.615384615,1.316105769,"$1,293.55 ",$188.21 ,$138.15 ,$445.64 ,$521.55 ,$0.00 ,0,0,6,1,30,34,0,0,443738,2735.137621,156210,144962,13861,52042,46478,64775,99117,45552,244382,21169,6950,15410,8052,19863
CA,CA7,201803,ADV,2161,71.98704304,0.551596483,0.291533549,$276.77 ,$11.37 ,$19.85 ,$27.29 ,$218.26 ,$0.00 ,2,0,8,1,36,24,0,1,883053,8132.256436,295756,267913,39056,139584,77216,92005,257750,84735,576023,15490,21557,24792,18281,31126
CA,CA8,201803,ADV,95,76.97894737,0.589473684,0.992494737,"$1,090.79 ",$473.93 ,$58.18 ,$366.17 ,$192.51 ,$0.00 ,1,0,1,3,26,29,0,0,281455,3300.636162,121095,105317,6175,17123,20715,52758,50492,9045,86881,7329,9630,3482,4557,16435
CA,,201803,ADV,115,75.64347826,0.573913044,0.9416,"$1,362.99 ",$140.39 ,$561.27 ,$343.20 ,$318.14 ,$0.00 ,1,0,3,1,18,38,0,0,433212,3281.719108,141155,126052,10475,78816,46650,55515,114125,75432,301974,14534,6567,17221,5984,17741
CA,CA1,201804,ADV,47054,73.60672844,0.564755387,0.542707931,$746.44 ,$226.63 ,$111.70 ,$217.67 ,$190.44 ,$0.00 ,607,33,529,733,3551,9173,33,53,3302833,4208.762531,1204884,1118980,106962,286008,279602,439595,726344,216965,1787453,255366,42081,75015,61486,89451
CA,CA10,201804,ADV,63,80.88888889,0.650793651,1.18284127,"$1,258.48 ",$585.38 ,$119.12 ,$309.72 ,$244.25 ,$0.00 ,2,0,1,0,21,23,0,0,460477,4824.376542,147791,136106,18321,81345,44779,50391,143528,61208,326860,6561,10023,13317,8274,5426
CA,CA11,201804,ADV,20,75.1,0.6,0.90525,"$1,597.42 ",$786.60 ,$214.04 ,$553.35 ,$43.44 ,$0.00 ,0,0,1,1,4,7,0,0,150075,1390.308446,45792,42735,4855,24270,10946,14567,40935,13829,101017,2919,1938,3483,2730,14912
CA,CA12,201804,ADV,131,77.54198473,0.557251908,1.171068702,"$1,851.93 ",$870.27 ,$122.59 ,$556.84 ,$302.23 ,$0.00 ,3,0,3,1,41,34,0,0,978130,5958.095977,328577,304624,41276,147389,92035,114438,279979,108140,686675,23756,12508,28262,25805,16750
CA,CA13,201804,ADV,136,76.79411765,0.397058824,1.145691177,"$3,215.45 ",$655.74 ,"$1,950.75 ",$413.50 ,$195.46 ,$0.00 ,3,0,3,0,37,33,0,0,342954,21389.49918,163854,119622,10594,41422,24903,67475,74845,21273,143965,5802,14241,5844,5879,17935
CA,CA14,201804,ADV,2074,73.01639344,0.539054966,1.020970106,"$1,078.60 ",$293.90 ,$352.75 ,$234.03 ,$197.92 ,$0.00 ,12,1,43,17,392,267,4,7,2255381,3124.860076,789873,749021,60919,189668,113096,295103,502048,188257,1461149,154299,25948,59669,38303,48904
CA,CA15,201804,ADV,53,76.75471698,0.490566038,1.759264151,"$1,180.39 ",$0.00 ,$536.65 ,$293.96 ,$349.78 ,$0.00 ,0,0,3,0,16,15,0,0,269075,1935.645521,84795,79606,14912,48433,23145,29320,80062,34066,193067,3236,5216,7611,5801,5926
CA,CA16,201804,ADV,1767,75.48104131,0.564233164,1.078857951,"$1,043.71 ",$223.84 ,$218.08 ,$378.73 ,$223.05 ,$0.00 ,14,1,49,11,418,385,0,3,4673221,2470.336258,1796567,1692047,128698,373438,232541,689629,936866,360315,2804353,396804,19220,110888,205390,80356
CA,CA17,201804,ADV,356,76.50842697,0.564606742,1.055146067,$771.16 ,$150.09 ,$128.62 ,$253.84 ,$238.62 ,$0.00 ,1,0,10,0,104,73,0,0,539301,1496.015066,181213,172682,26130,73664,35012,67770,146907,48530,309505,12059,7723,11489,11100,5269
CA,CA18,201804,ADV,111,76.25225225,0.54954955,0.989630631,$662.69 ,$0.00 ,$193.29 ,$302.82 ,$166.58 ,$0.00 ,0,0,2,0,26,31,0,1,732212,1392.385418,241055,226727,28989,96905,53972,89461,201506,62038,494325,20238,8143,16525,14450,15994
CA,CA19,201804,ADV,379,77.05277045,0.598944591,1.114319261,"$1,110.04 ",$277.87 ,$286.00 ,$356.25 ,$189.93 ,$0.00 ,3,0,11,2,98,97,1,2,2291738,5095.099057,896341,819372,75758,168734,134416,335498,532415,114749,1083594,101802,25772,34828,51388,38576
CA,CA2,201804,ADV,35,72.28571429,0.485714286,0.712057143,$372.36 ,$0.00 ,$112.08 ,$217.63 ,$42.65 ,$0.00 ,0,0,0,1,8,8,0,0,180216,4176.578436,57468,44057,10782,33928,15883,22446,51676,34263,160443,3448,6076,4616,3242,9708
CA,CA20,201804,ADV,65,75.41538462,0.569230769,1.541230769,"$1,469.70 ",$668.45 ,$153.72 ,$503.67 ,$143.86 ,$0.00 ,1,0,1,0,18,14,0,0,438530,821.7515515,156896,149067,15346,36031,23696,64390,98813,20223,269660,13520,4468,7695,7541,10444
CA,CA21,201804,ADV,133,78.66917293,0.578947368,1.181684211,$872.05 ,$107.66 ,$147.39 ,$413.15 ,$203.86 ,$0.00 ,1,0,6,2,38,50,0,1,641847,2324.181643,263188,238371,17271,57501,43401,116457,130712,38050,249451,23427,13544,12933,11677,12597
CA,CA22,201804,ADV,23,76.47826087,0.52173913,0.801391304,$335.58 ,$0.00 ,$58.18 ,$218.03 ,$59.37 ,$0.00 ,0,0,0,0,3,6,0,0,171365,1234.545845,62685,58539,6792,22175,14964,23303,45990,13426,84511,4555,4913,3992,3786,2411
CA,CA23,201804,ADV,62,75.91935484,0.435483871,1.044354839,"$2,693.19 ","$1,606.69 ",$457.51 ,$562.36 ,$66.62 ,$0.00 ,0,0,1,0,6,14,0,0,151906,9005.172163,84579,59685,4117,9269,9764,35175,25619,1701,28770,2723,7154,1011,2769,11716
CA,CA24,201804,ADV,89,76.8988764,0.460674157,1.207831461,$676.02 ,$0.00 ,$101.38 ,$246.79 ,$327.84 ,$0.00 ,0,0,0,0,25,12,0,1,428006,8864.022501,193696,163983,16804,39396,35478,79271,91192,17615,138500,10651,26639,6204,11021,9809
CA,CA25,201804,ADV,263,77.74144487,0.505703422,1.124212928,"$1,384.09 ",$604.76 ,$283.34 ,$362.85 ,$133.15 ,$0.00 ,3,0,13,5,79,56,0,0,470990,24672.40534,218386,187277,15591,36021,38019,90963,98766,8104,114440,8163,28551,6986,13481,12724
CA,CA3,201804,ADV,7565,75.80885658,0.58849967,0.54196735,$565.68 ,$97.79 ,$78.31 ,$135.15 ,$254.43 ,$0.00 ,27,1,101,26,490,718,1,9,4518699,27266.44488,1549773,1348982,180356,553160,432652,561952,1186660,340581,3038969,129608,113905,106066,62893,91930
CA,CA4,201804,ADV,8176,74.07901174,0.552959883,0.797199976,$830.42 ,$158.15 ,$124.01 ,$269.29 ,$278.97 ,$0.00 ,46,0,123,36,1288,1695,1,23,13262234,4850.972611,4615697,4338482,441609,1781058,1352330,1739765,2957709,1601964,9307146,1149887,86507,469799,343744,220875
CA,CA5,201804,ADV,308,76.45779221,0.555194805,1.12788961,"$1,462.94 ",$300.18 ,$264.26 ,$574.00 ,$324.49 ,$0.00 ,0,0,11,0,70,91,0,3,848112,1842.466511,287498,271226,25853,88185,78474,123435,199599,77382,459811,31090,10988,17892,11400,12601
CA,CA6,201804,ADV,104,79.44230769,0.615384615,1.316105769,$966.27 ,$0.00 ,$158.88 ,$286.91 ,$520.48 ,$0.00 ,0,0,2,2,28,34,0,0,443738,2735.137621,156210,144962,13861,52042,46478,64775,99117,45552,244382,21169,6950,15410,8052,19863
CA,CA7,201804,ADV,2161,72.02730218,0.551596483,0.291533549,$200.15 ,$22.74 ,$9.62 ,$36.55 ,$131.23 ,$0.00 ,4,0,9,0,24,72,0,1,883053,8132.256436,295756,267913,39056,139584,77216,92005,257750,84735,576023,15490,21557,24792,18281,31126
CA,CA8,201804,ADV,95,77.01052632,0.589473684,0.992494737,$933.19 ,$326.86 ,$31.52 ,$378.86 ,$195.94 ,$0.00 ,1,0,2,2,25,36,1,0,281455,3300.636162,121095,105317,6175,17123,20715,52758,50492,9045,86881,7329,9630,3482,4557,16435
CA,CA9,201804,ADV,115,75.64347826,0.573913044,0.9416,"$1,185.07 ",$359.40 ,$183.38 ,$435.42 ,$206.86 ,$0.00 ,2,0,2,0,19,43,0,0,433212,3281.719108,141155,126052,10475,78816,46650,55515,114125,75432,301974,14534,6567,17221,5984,17741
CA,CA1,201805,ADV,47051,73.68202589,0.56474889,0.542632654,$802.81 ,$246.29 ,$123.70 ,$231.98 ,$200.84 ,$0.00 ,602,47,519,736,3604,9598,28,55,3302833,4208.762531,1204884,1118980,106962,286008,279602,439595,726344,216965,1787453,255366,42081,75015,61486,89451
CA,CA10,201805,ADV,63,80.90476191,0.650793651,1.18284127,$786.26 ,$156.22 ,$186.70 ,$357.81 ,$85.53 ,$0.00 ,1,0,5,0,18,22,0,0,460477,4824.376542,147791,136106,18321,81345,44779,50391,143528,61208,326860,6561,10023,13317,8274,5426
CA,CA11,201805,ADV,20,75.1,0.6,0.90525,"$1,727.87 ",$0.00 ,$9.84 ,"$1,516.06 ",$201.97 ,$0.00 ,0,0,0,1,6,7,0,0,150075,1390.308446,45792,42735,4855,24270,10946,14567,40935,13829,101017,2919,1938,3483,2730,14912
CA,CA12,201805,ADV,131,77.58015267,0.557251908,1.171068702,"$1,247.50 ",$364.10 ,$207.51 ,$357.53 ,$318.37 ,$0.00 ,1,0,0,0,44,39,0,0,978130,5958.095977,328577,304624,41276,147389,92035,114438,279979,108140,686675,23756,12508,28262,25805,16750
CA,CA13,201805,ADV,136,76.88235294,0.397058824,1.145691177,"$2,142.72 ",$166.84 ,"$1,411.89 ",$407.84 ,$156.15 ,$0.00 ,1,0,4,0,29,29,1,1,342954,21389.49918,163854,119622,10594,41422,24903,67475,74845,21273,143965,5802,14241,5844,5879,17935
CA,CA14,201805,ADV,2074,73.09112826,0.539054966,1.020970106,"$1,135.26 ",$273.61 ,$411.17 ,$242.87 ,$207.60 ,$0.00 ,22,4,52,16,416,287,3,7,2255381,3124.860076,789873,749021,60919,189668,113096,295103,502048,188257,1461149,154299,25948,59669,38303,48904
CA,CA15,201805,ADV,53,76.81132076,0.490566038,1.759264151,"$2,861.57 ","$1,561.34 ",$423.52 ,$606.69 ,$270.03 ,$0.00 ,3,0,6,0,20,15,0,0,269075,1935.645521,84795,79606,14912,48433,23145,29320,80062,34066,193067,3236,5216,7611,5801,5926
CA,CA16,201805,ADV,1769,75.54381006,0.564160543,1.079779537,"$1,182.60 ",$343.40 ,$204.93 ,$356.67 ,$277.60 ,$0.00 ,20,0,42,12,386,408,0,4,4673221,2470.336258,1796567,1692047,128698,373438,232541,689629,936866,360315,2804353,396804,19220,110888,205390,80356
CA,CA17,201805,ADV,356,76.5758427,0.564606742,1.055146067,$798.44 ,$171.73 ,$130.60 ,$279.03 ,$217.08 ,$0.00 ,4,0,12,1,109,71,0,0,539301,1496.015066,181213,172682,26130,73664,35012,67770,146907,48530,309505,12059,7723,11489,11100,5269
CA,CA18,201805,ADV,111,76.30630631,0.54954955,0.989630631,$863.90 ,$195.37 ,$85.40 ,$327.18 ,$255.96 ,$0.00 ,2,0,4,0,27,29,1,1,732212,1392.385418,241055,226727,28989,96905,53972,89461,201506,62038,494325,20238,8143,16525,14450,15994
CA,CA19,201805,ADV,379,77.10290238,0.598944591,1.114319261,$934.17 ,$243.37 ,$109.86 ,$356.67 ,$224.27 ,$0.00 ,7,0,12,2,95,91,0,3,2291738,5095.099057,896341,819372,75758,168734,134416,335498,532415,114749,1083594,101802,25772,34828,51388,38576
CA,CA2,201805,ADV,35,72.31428571,0.485714286,0.712057143,$300.12 ,$0.00 ,$55.80 ,$113.96 ,$130.36 ,$0.00 ,0,0,0,1,5,8,0,0,180216,4176.578436,57468,44057,10782,33928,15883,22446,51676,34263,160443,3448,6076,4616,3242,9708
CA,CA20,201805,ADV,65,75.46153846,0.569230769,1.541230769,"$2,583.81 ","$1,705.34 ",$186.86 ,$469.30 ,$222.31 ,$0.00 ,1,0,6,0,13,16,0,0,438530,821.7515515,156896,149067,15346,36031,23696,64390,98813,20223,269660,13520,4468,7695,7541,10444
CA,CA21,201805,ADV,133,78.70676692,0.578947368,1.181684211,"$1,423.10 ",$125.36 ,$215.77 ,$799.27 ,$282.70 ,$0.00 ,2,0,3,4,27,45,0,1,641847,2324.181643,263188,238371,17271,57501,43401,116457,130712,38050,249451,23427,13544,12933,11677,12597
CA,CA22,201805,ADV,23,76.56521739,0.52173913,0.801391304,$356.13 ,$0.00 ,$64.87 ,$178.79 ,$112.47 ,$0.00 ,0,0,2,0,9,4,0,0,171365,1234.545845,62685,58539,6792,22175,14964,23303,45990,13426,84511,4555,4913,3992,3786,2411
CA,CA23,201805,ADV,62,75.98387097,0.435483871,1.044354839,"$1,373.96 ",$456.13 ,$332.52 ,$553.16 ,$32.14 ,$0.00 ,2,0,2,0,8,10,0,0,151906,9005.172163,84579,59685,4117,9269,9764,35175,25619,1701,28770,2723,7154,1011,2769,11716
CA,CA24,201805,ADV,89,76.96629214,0.460674157,1.207831461,"$1,012.66 ",$261.24 ,$188.99 ,$291.44 ,$270.99 ,$0.00 ,1,0,2,1,31,20,0,1,428006,8864.022501,193696,163983,16804,39396,35478,79271,91192,17615,138500,10651,26639,6204,11021,9809
CA,CA25,201805,ADV,263,77.78707224,0.505703422,1.124212928,"$1,474.79 ",$645.48 ,$263.23 ,$342.08 ,$223.99 ,$0.00 ,5,0,9,1,76,59,0,0,470990,24672.40534,218386,187277,15591,36021,38019,90963,98766,8104,114440,8163,28551,6986,13481,12724
CA,CA3,201805,ADV,7565,75.8559154,0.58849967,0.54196735,$585.17 ,$99.96 ,$81.24 ,$134.44 ,$269.54 ,$0.00 ,25,0,94,25,517,763,2,11,4518699,27266.44488,1549773,1348982,180356,553160,432652,561952,1186660,340581,3038969,129608,113905,106066,62893,91930
CA,CA4,201805,ADV,8175,74.10152905,0.552905199,0.797177982,$896.24 ,$183.41 ,$137.55 ,$277.51 ,$297.76 ,$0.00 ,52,0,107,37,1285,1794,4,21,13262234,4850.972611,4615697,4338482,441609,1781058,1352330,1739765,2957709,1601964,9307146,1149887,86507,469799,343744,220875
CA,CA5,201805,ADV,308,76.5,0.555194805,1.12788961,"$1,274.07 ",$169.18 ,$170.38 ,$501.81 ,$432.70 ,$0.00 ,1,0,5,2,83,95,0,3,848112,1842.466511,287498,271226,25853,88185,78474,123435,199599,77382,459811,31090,10988,17892,11400,12601
CA,CA6,201805,ADV,104,79.5,0.615384615,1.316105769,"$1,599.20 ",$156.25 ,$260.63 ,$510.82 ,$671.50 ,$0.00 ,1,0,4,0,25,36,0,0,443738,2735.137621,156210,144962,13861,52042,46478,64775,99117,45552,244382,21169,6950,15410,8052,19863
CA,CA7,201805,ADV,2161,72.06432207,0.551596483,0.291533549,$228.70 ,$17.08 ,$30.66 ,$37.34 ,$143.62 ,$0.00 ,1,0,5,1,30,53,0,1,883053,8132.256436,295756,267913,39056,139584,77216,92005,257750,84735,576023,15490,21557,24792,18281,31126
CA,CA8,201805,ADV,95,77.02105263,0.589473684,0.992494737,"$1,001.00 ",$268.65 ,$113.21 ,$388.16 ,$230.98 ,$0.00 ,0,0,6,4,24,23,0,0,281455,3300.636162,121095,105317,6175,17123,20715,52758,50492,9045,86881,7329,9630,3482,4557,16435
CA,CA9,201805,ADV,115,75.64347826,0.573913044,0.9416,$834.33 ,$74.23 ,$199.10 ,$393.10 ,$167.91 ,$0.00 ,0,0,4,1,20,44,0,0,433212,3281.719108,141155,126052,10475,78816,46650,55515,114125,75432,301974,14534,6567,17221,5984,17741
CA,CA1,201806,ADV,47059,73.75252343,0.564716632,0.542650078,$740.20 ,$224.25 ,$118.92 ,$212.06 ,$184.97 ,$0.00 ,593,35,521,673,3372,9231,30,55,3302833,4208.762531,1204884,1118980,106962,286008,279602,439595,726344,216965,1787453,255366,42081,75015,61486,89451
CA,CA10,201806,ADV,63,80.93650794,0.650793651,1.18284127,$484.98 ,$0.00 ,$102.15 ,$241.25 ,$141.57 ,$0.00 ,0,0,1,0,16,16,0,0,460477,4824.376542,147791,136106,18321,81345,44779,50391,143528,61208,326860,6561,10023,13317,8274,5426
CA,CA11,201806,ADV,20,75.1,0.6,0.90525,$232.02 ,$0.00 ,$23.64 ,$108.23 ,$100.14 ,$0.00 ,0,0,0,1,5,3,0,0,150075,1390.308446,45792,42735,4855,24270,10946,14567,40935,13829,101017,2919,1938,3483,2730,14912
CA,CA12,201806,ADV,131,77.6259542,0.557251908,1.171068702,$711.91 ,$0.00 ,$108.63 ,$259.03 ,$344.25 ,$0.00 ,0,0,2,2,34,35,0,0,978130,5958.095977,328577,304624,41276,147389,92035,114438,279979,108140,686675,23756,12508,28262,25805,16750
CA,CA13,201806,ADV,136,76.97058824,0.397058824,1.145691177,"$2,616.84 ",$886.23 ,"$1,172.10 ",$416.57 ,$141.94 ,$0.00 ,1,0,8,0,33,30,0,1,342954,21389.49918,163854,119622,10594,41422,24903,67475,74845,21273,143965,5802,14241,5844,5879,17935
CA,CA14,201806,ADV,2075,73.16096386,0.538795181,1.022897349,"$1,399.86 ",$517.72 ,$396.18 ,$251.95 ,$234.02 ,$0.00 ,19,3,45,12,399,255,2,8,2255381,3124.860076,789873,749021,60919,189668,113096,295103,502048,188257,1461149,154299,25948,59669,38303,48904
CA,CA15,201806,ADV,53,76.86792453,0.490566038,1.759264151,"$2,475.87 ",$889.01 ,$501.57 ,$707.00 ,$378.29 ,$0.00 ,1,0,5,0,15,16,1,0,269075,1935.645521,84795,79606,14912,48433,23145,29320,80062,34066,193067,3236,5216,7611,5801,5926
CA,CA16,201806,ADV,1768,75.59162896,0.564479638,1.078785634,"$1,087.68 ",$299.65 ,$211.65 ,$379.94 ,$196.44 ,$0.00 ,14,2,34,11,387,405,0,3,4673221,2470.336258,1796567,1692047,128698,373438,232541,689629,936866,360315,2804353,396804,19220,110888,205390,80356
CA,CA17,201806,ADV,356,76.61797753,0.564606742,1.055146067,$928.89 ,$313.18 ,$124.32 ,$284.09 ,$207.30 ,$0.00 ,4,0,6,1,110,79,0,0,539301,1496.015066,181213,172682,26130,73664,35012,67770,146907,48530,309505,12059,7723,11489,11100,5269
CA,CA18,201806,ADV,111,76.38738739,0.54954955,0.989630631,$592.43 ,$52.81 ,$86.46 ,$257.41 ,$195.75 ,$0.00 ,1,0,3,0,14,29,0,1,732212,1392.385418,241055,226727,28989,96905,53972,89461,201506,62038,494325,20238,8143,16525,14450,15994
CA,CA19,201806,ADV,379,77.14511873,0.598944591,1.114319261,"$1,228.85 ",$428.46 ,$148.40 ,$434.36 ,$217.63 ,$0.00 ,2,0,12,3,101,90,0,3,2291738,5095.099057,896341,819372,75758,168734,134416,335498,532415,114749,1083594,101802,25772,34828,51388,38576
CA,CA2,201806,ADV,35,72.4,0.485714286,0.712057143,$481.09 ,$0.00 ,$126.42 ,$315.11 ,$39.56 ,$0.00 ,0,0,3,1,5,6,0,0,180216,4176.578436,57468,44057,10782,33928,15883,22446,51676,34263,160443,3448,6076,4616,3242,9708
CA,CA20,201806,ADV,65,75.49230769,0.569230769,1.541230769,"$1,813.87 ",$610.39 ,$201.56 ,$741.91 ,$260.01 ,$0.00 ,2,0,5,1,20,11,0,0,438530,821.7515515,156896,149067,15346,36031,23696,64390,98813,20223,269660,13520,4468,7695,7541,10444
CA,CA21,201806,ADV,133,78.72932331,0.578947368,1.181684211,"$1,177.64 ",$54.41 ,$221.05 ,$680.24 ,$221.95 ,$0.00 ,1,0,5,4,35,39,0,1,641847,2324.181643,263188,238371,17271,57501,43401,116457,130712,38050,249451,23427,13544,12933,11677,12597
CA,CA22,201806,ADV,23,76.60869565,0.52173913,0.801391304,"$1,053.14 ",$699.12 ,$5.09 ,$265.05 ,$83.87 ,$0.00 ,1,0,0,0,4,4,0,0,171365,1234.545845,62685,58539,6792,22175,14964,23303,45990,13426,84511,4555,4913,3992,3786,2411
CA,CA23,201806,ADV,62,76.11290323,0.435483871,1.044354839,"$1,225.20 ",$557.02 ,$261.42 ,$376.55 ,$30.21 ,$0.00 ,2,0,1,0,7,12,0,0,151906,9005.172163,84579,59685,4117,9269,9764,35175,25619,1701,28770,2723,7154,1011,2769,11716
CA,CA24,201806,ADV,89,77.04494382,0.460674157,1.207831461,"$1,017.12 ",$104.49 ,$280.65 ,$321.69 ,$310.29 ,$0.00 ,1,0,2,0,29,21,0,1,428006,8864.022501,193696,163983,16804,39396,35478,79271,91192,17615,138500,10651,26639,6204,11021,9809
CA,CA25,201806,ADV,263,77.81368821,0.505703422,1.124212928,"$1,108.65 ",$276.97 ,$365.49 ,$325.69 ,$140.51 ,$0.00 ,2,0,4,3,69,52,0,0,470990,24672.40534,218386,187277,15591,36021,38019,90963,98766,8104,114440,8163,28551,6986,13481,12724
CA,CA3,201806,ADV,7565,75.90165235,0.58849967,0.54196735,$516.88 ,$75.32 ,$68.02 ,$116.59 ,$256.95 ,$0.00 ,28,1,81,21,466,634,1,9,4518699,27266.44488,1549773,1348982,180356,553160,432652,561952,1186660,340581,3038969,129608,113905,106066,62893,91930
CA,CA4,201806,ADV,8176,74.12353229,0.552959883,0.797199976,$811.44 ,$144.94 ,$129.33 ,$258.36 ,$278.81 ,$0.00 ,52,0,114,40,1299,1711,1,22,13262234,4850.972611,4615697,4338482,441609,1781058,1352330,1739765,2957709,1601964,9307146,1149887,86507,469799,343744,220875
CA,CA5,201806,ADV,308,76.56493507,0.555194805,1.12788961,"$1,107.55 ",$40.16 ,$258.99 ,$518.40 ,$290.00 ,$0.00 ,1,0,2,0,72,78,0,3,848112,1842.466511,287498,271226,25853,88185,78474,123435,199599,77382,459811,31090,10988,17892,11400,12601
CA,CA6,201806,ADV,104,79.53846154,0.615384615,1.316105769,"$1,125.43 ",$249.52 ,$186.21 ,$317.23 ,$372.49 ,$0.00 ,1,0,5,2,28,42,0,0,443738,2735.137621,156210,144962,13861,52042,46478,64775,99117,45552,244382,21169,6950,15410,8052,19863
CA,CA7,201806,ADV,2161,72.10365572,0.551596483,0.291533549,$191.20 ,$0.00 ,$18.94 ,$29.47 ,$142.78 ,$0.00 ,0,0,9,0,25,25,0,1,883053,8132.256436,295756,267913,39056,139584,77216,92005,257750,84735,576023,15490,21557,24792,18281,31126
CA,CA8,201806,ADV,95,77.07368421,0.589473684,0.992494737,"$1,175.36 ",$217.34 ,$260.50 ,$529.68 ,$167.85 ,$0.00 ,1,0,3,2,26,30,0,0,281455,3300.636162,121095,105317,6175,17123,20715,52758,50492,9045,86881,7329,9630,3482,4557,16435
CA,CA9,201806,ADV,115,75.66086957,0.573913044,0.9416,"$1,091.59 ",$203.43 ,$159.04 ,$351.81 ,$377.31 ,$0.00 ,1,0,2,0,18,43,0,0,433212,3281.719108,141155,126052,10475,78816,46650,55515,114125,75432,301974,14534,6567,17221,5984,17741
CA,CA1,201807,ADV,47058,73.88225169,0.564749883,0.54251343,$772.45 ,$243.01 ,$116.72 ,$215.55 ,$197.17 ,$0.00 ,599,42,581,663,3488,9286,30,55,3302833,4208.762531,1204884,1118980,106962,286008,279602,439595,726344,216965,1787453,255366,42081,75015,61486,89451
CA,CA10,201807,ADV,63,81.38095238,0.650793651,1.18284127,"$1,127.88 ",$493.11 ,$214.40 ,$279.91 ,$140.45 ,$0.00 ,3,1,2,0,17,15,0,0,460477,4824.376542,147791,136106,18321,81345,44779,50391,143528,61208,326860,6561,10023,13317,8274,5426
CA,CA11,201807,ADV,20,75.25,0.6,0.90525,$209.78 ,$0.00 ,$22.71 ,$110.67 ,$76.39 ,$0.00 ,0,0,1,0,4,5,0,0,150075,1390.308446,45792,42735,4855,24270,10946,14567,40935,13829,101017,2919,1938,3483,2730,14912
CA,CA12,201807,ADV,131,77.94656489,0.557251908,1.171068702,"$1,223.27 ",$478.37 ,$51.14 ,$408.33 ,$285.44 ,$0.00 ,1,0,5,1,35,39,0,0,978130,5958.095977,328577,304624,41276,147389,92035,114438,279979,108140,686675,23756,12508,28262,25805,16750
CA,CA13,201807,ADV,136,77.07352941,0.397058824,1.145691177,"$1,666.46 ",$0.00 ,"$1,133.71 ",$273.35 ,$259.40 ,$0.00 ,0,0,3,0,26,37,0,1,342954,21389.49918,163854,119622,10594,41422,24903,67475,74845,21273,143965,5802,14241,5844,5879,17935
CA,CA14,201807,ADV,2074,73.28109933,0.539054966,1.02212729,"$1,276.84 ",$424.04 ,$388.25 ,$229.19 ,$235.36 ,$0.00 ,22,6,46,12,376,285,3,8,2255381,3124.860076,789873,749021,60919,189668,113096,295103,502048,188257,1461149,154299,25948,59669,38303,48904
CA,CA15,201807,ADV,53,77.0754717,0.490566038,1.759264151,"$1,449.27 ",$0.00 ,$567.83 ,$479.95 ,$401.49 ,$0.00 ,0,0,4,1,14,14,0,0,269075,1935.645521,84795,79606,14912,48433,23145,29320,80062,34066,193067,3236,5216,7611,5801,5926
CA,CA16,201807,ADV,1768,75.87047511,0.564479638,1.078785634,"$1,169.74 ",$364.63 ,$205.89 ,$382.05 ,$217.18 ,$0.00 ,21,0,51,6,411,428,1,5,4673221,2470.336258,1796567,1692047,128698,373438,232541,689629,936866,360315,2804353,396804,19220,110888,205390,80356
CA,CA17,201807,ADV,356,76.84269663,0.564606742,1.055146067,"$1,155.43 ",$540.62 ,$116.54 ,$246.76 ,$251.52 ,$0.00 ,4,0,8,2,92,68,0,0,539301,1496.015066,181213,172682,26130,73664,35012,67770,146907,48530,309505,12059,7723,11489,11100,5269
CA,CA18,201807,ADV,111,76.67567568,0.54954955,0.989630631,"$1,205.81 ",$627.01 ,$93.46 ,$297.58 ,$187.75 ,$0.00 ,1,0,4,1,25,29,0,1,732212,1392.385418,241055,226727,28989,96905,53972,89461,201506,62038,494325,20238,8143,16525,14450,15994
CA,CA19,201807,ADV,379,77.47757256,0.598944591,1.114319261,$968.04 ,$212.96 ,$227.76 ,$291.91 ,$235.41 ,$0.00 ,5,0,13,2,83,81,1,2,2291738,5095.099057,896341,819372,75758,168734,134416,335498,532415,114749,1083594,101802,25772,34828,51388,38576
CA,CA2,201807,ADV,35,72.85714286,0.485714286,0.712057143,$463.34 ,$0.00 ,$110.21 ,$271.63 ,$81.50 ,$0.00 ,0,0,1,0,6,6,0,0,180216,4176.578436,57468,44057,10782,33928,15883,22446,51676,34263,160443,3448,6076,4616,3242,9708
CA,CA20,201807,ADV,65,75.84615385,0.569230769,1.541230769,"$1,704.55 ",$718.49 ,$184.53 ,$511.13 ,$290.39 ,$0.00 ,3,0,2,2,22,21,0,0,438530,821.7515515,156896,149067,15346,36031,23696,64390,98813,20223,269660,13520,4468,7695,7541,10444
CA,CA21,201807,ADV,133,79.13533835,0.578947368,1.181684211,$816.16 ,$53.25 ,$143.56 ,$408.29 ,$211.05 ,$0.00 ,0,0,5,3,29,32,0,1,641847,2324.181643,263188,238371,17271,57501,43401,116457,130712,38050,249451,23427,13544,12933,11677,12597
CA,CA22,201807,ADV,23,76.7826087,0.52173913,0.801391304,$197.10 ,$0.00 ,$2.44 ,$107.51 ,$87.15 ,$0.00 ,0,0,0,0,6,2,0,0,171365,1234.545845,62685,58539,6792,22175,14964,23303,45990,13426,84511,4555,4913,3992,3786,2411
CA,CA23,201807,ADV,62,76.24193548,0.435483871,1.044354839,"$1,710.47 ",$634.23 ,$652.40 ,$355.82 ,$68.01 ,$0.00 ,2,1,4,1,7,10,0,0,151906,9005.172163,84579,59685,4117,9269,9764,35175,25619,1701,28770,2723,7154,1011,2769,11716
CA,CA24,201807,ADV,89,77.26966292,0.460674157,1.207831461,"$1,050.02 ",$214.06 ,$208.08 ,$346.20 ,$281.68 ,$0.00 ,2,0,5,0,22,26,0,1,428006,8864.022501,193696,163983,16804,39396,35478,79271,91192,17615,138500,10651,26639,6204,11021,9809
CA,CA25,201807,ADV,263,78.23954373,0.505703422,1.124212928,"$1,494.21 ",$659.93 ,$328.18 ,$356.33 ,$149.78 ,$0.00 ,4,0,13,3,69,46,0,1,470990,24672.40534,218386,187277,15591,36021,38019,90963,98766,8104,114440,8163,28551,6986,13481,12724
CA,CA3,201807,ADV,7564,76.28913273,0.588445267,0.541867795,$545.41 ,$96.59 ,$58.39 ,$131.11 ,$259.31 ,$0.00 ,26,0,80,25,454,673,1,8,4518699,27266.44488,1549773,1348982,180356,553160,432652,561952,1186660,340581,3038969,129608,113905,106066,62893,91930
CA,CA4,201807,ADV,8176,74.78510274,0.552959883,0.797199976,$856.36 ,$162.48 ,$132.83 ,$268.03 ,$293.02 ,$0.00 ,51,0,152,44,1242,1674,3,22,13262234,4850.972611,4615697,4338482,441609,1781058,1352330,1739765,2957709,1601964,9307146,1149887,86507,469799,343744,220875
CA,CA5,201807,ADV,308,77.01298701,0.555194805,1.12788961,"$1,149.51 ",$79.97 ,$295.35 ,$500.38 ,$273.81 ,$0.00 ,2,0,9,0,63,85,0,3,848112,1842.466511,287498,271226,25853,88185,78474,123435,199599,77382,459811,31090,10988,17892,11400,12601
CA,CA6,201807,ADV,104,80.00961539,0.615384615,1.316105769,"$1,212.17 ",$88.43 ,$127.67 ,$347.36 ,$648.70 ,$0.00 ,1,0,3,0,22,32,0,0,443738,2735.137621,156210,144962,13861,52042,46478,64775,99117,45552,244382,21169,6950,15410,8052,19863
CA,CA7,201807,ADV,2161,72.64090699,0.551596483,0.291533549,$384.11 ,$144.57 ,$25.33 ,$68.50 ,$145.72 ,$0.00 ,2,0,11,1,27,45,0,1,883053,8132.256436,295756,267913,39056,139584,77216,92005,257750,84735,576023,15490,21557,24792,18281,31126
CA,CA8,201807,ADV,95,77.61052632,0.589473684,0.992494737,$805.87 ,$211.08 ,$58.98 ,$361.03 ,$174.78 ,$0.00 ,0,0,3,2,26,25,0,0,281455,3300.636162,121095,105317,6175,17123,20715,52758,50492,9045,86881,7329,9630,3482,4557,16435
CA,CA9,201807,ADV,115,76.33913044,0.573913044,0.9416,$946.73 ,$68.80 ,$252.43 ,$340.59 ,$284.91 ,$0.00 ,1,0,3,0,17,37,0,0,433212,3281.719108,141155,126052,10475,78816,46650,55515,114125,75432,301974,14534,6567,17221,5984,17741
CA,CA1,201808,ADV,47059,73.95499267,0.564695382,0.542708451,$786.55 ,$226.57 ,$120.24 ,$235.22 ,$204.52 ,$0.00 ,621,40,602,686,3808,9600,14,50,3302833,4208.762531,1204884,1118980,106962,286008,279602,439595,726344,216965,1787453,255366,42081,75015,61486,89451
CA,CA10,201808,ADV,63,81.41269841,0.650793651,1.18284127,"$1,507.17 ",$780.74 ,$169.59 ,$450.54 ,$106.30 ,$0.00 ,4,0,0,0,16,16,0,0,460477,4824.376542,147791,136106,18321,81345,44779,50391,143528,61208,326860,6561,10023,13317,8274,5426
CA,CA11,201808,ADV,20,75.35,0.6,0.90525,$541.40 ,$29.45 ,$104.41 ,$300.73 ,$106.82 ,$0.00 ,0,0,2,0,5,7,0,0,150075,1390.308446,45792,42735,4855,24270,10946,14567,40935,13829,101017,2919,1938,3483,2730,14912
CA,CA12,201808,ADV,131,78,0.557251908,1.171068702,$862.15 ,$114.73 ,$69.48 ,$389.31 ,$288.63 ,$0.00 ,0,0,3,1,32,34,1,1,978130,5958.095977,328577,304624,41276,147389,92035,114438,279979,108140,686675,23756,12508,28262,25805,16750
CA,CA13,201808,ADV,136,77.19117647,0.397058824,1.145691177,"$2,472.67 ",$488.25 ,$944.69 ,$723.65 ,$316.08 ,$0.00 ,1,0,11,1,26,33,0,1,342954,21389.49918,163854,119622,10594,41422,24903,67475,74845,21273,143965,5802,14241,5844,5879,17935
CA,CA14,201808,ADV,2074,73.35245902,0.539054966,1.02212729,"$1,337.67 ",$448.55 ,$440.94 ,$251.55 ,$196.63 ,$0.00 ,19,4,47,13,423,286,1,8,2255381,3124.860076,789873,749021,60919,189668,113096,295103,502048,188257,1461149,154299,25948,59669,38303,48904
CA,CA15,201808,ADV,53,77.16981132,0.490566038,1.759264151,"$2,033.63 ",$646.99 ,$338.15 ,$394.81 ,$653.68 ,$0.00 ,3,0,0,0,12,17,0,0,269075,1935.645521,84795,79606,14912,48433,23145,29320,80062,34066,193067,3236,5216,7611,5801,5926
CA,CA16,201808,ADV,1769,75.93216507,0.564160543,1.079779537,"$1,326.07 ",$458.38 ,$211.89 ,$416.52 ,$239.28 ,$0.00 ,28,2,46,13,393,446,1,4,4673221,2470.336258,1796567,1692047,128698,373438,232541,689629,936866,360315,2804353,396804,19220,110888,205390,80356
CA,CA17,201808,ADV,356,76.90449438,0.564606742,1.055146067,$908.51 ,$126.07 ,$205.99 ,$355.37 ,$221.08 ,$0.00 ,3,0,16,2,99,98,0,0,539301,1496.015066,181213,172682,26130,73664,35012,67770,146907,48530,309505,12059,7723,11489,11100,5269
CA,CA18,201808,ADV,111,76.73873874,0.54954955,0.989630631,$920.14 ,$0.00 ,$435.92 ,$308.50 ,$175.73 ,$0.00 ,0,0,2,1,18,25,0,1,732212,1392.385418,241055,226727,28989,96905,53972,89461,201506,62038,494325,20238,8143,16525,14450,15994
CA,CA19,201808,ADV,380,77.54473684,0.6,1.11401579,"$1,718.18 ",$706.99 ,$321.47 ,$487.71 ,$202.01 ,$0.00 ,7,0,7,3,101,103,0,2,2291738,5095.099057,896341,819372,75758,168734,134416,335498,532415,114749,1083594,101802,25772,34828,51388,38576
CA,CA2,201808,ADV,35,72.91428571,0.485714286,0.712057143,"$1,081.63 ",$496.15 ,$32.07 ,$469.82 ,$83.58 ,$0.00 ,1,0,0,0,5,6,0,0,180216,4176.578436,57468,44057,10782,33928,15883,22446,51676,34263,160443,3448,6076,4616,3242,9708
CA,CA20,201808,ADV,65,75.90769231,0.569230769,1.541230769,"$1,489.57 ",$473.19 ,$230.77 ,$551.37 ,$234.25 ,$0.00 ,3,0,2,2,23,21,0,0,438530,821.7515515,156896,149067,15346,36031,23696,64390,98813,20223,269660,13520,4468,7695,7541,10444
CA,CA21,201808,ADV,133,79.16541353,0.578947368,1.181684211,"$1,449.40 ",$372.15 ,$277.57 ,$516.49 ,$283.18 ,$0.00 ,3,0,1,4,24,46,0,1,641847,2324.181643,263188,238371,17271,57501,43401,116457,130712,38050,249451,23427,13544,12933,11677,12597
CA,CA22,201808,ADV,23,76.86956522,0.52173913,0.801391304,$336.52 ,$0.00 ,$10.26 ,$212.00 ,$114.26 ,$0.00 ,0,0,1,1,5,3,0,0,171365,1234.545845,62685,58539,6792,22175,14964,23303,45990,13426,84511,4555,4913,3992,3786,2411
CA,CA23,201808,ADV,62,76.30645161,0.435483871,1.044354839,"$1,336.10 ",$231.54 ,$770.08 ,$273.98 ,$60.50 ,$0.00 ,0,0,1,0,11,13,0,0,151906,9005.172163,84579,59685,4117,9269,9764,35175,25619,1701,28770,2723,7154,1011,2769,11716
CA,CA24,201808,ADV,89,77.30337079,0.460674157,1.207831461,"$1,026.31 ",$0.00 ,$400.14 ,$335.46 ,$290.71 ,$0.00 ,0,0,2,0,20,22,0,0,428006,8864.022501,193696,163983,16804,39396,35478,79271,91192,17615,138500,10651,26639,6204,11021,9809
CA,CA25,201808,ADV,263,78.29277567,0.505703422,1.124212928,"$1,523.66 ",$664.76 ,$316.97 ,$342.20 ,$199.74 ,$0.00 ,7,0,9,0,73,51,0,0,470990,24672.40534,218386,187277,15591,36021,38019,90963,98766,8104,114440,8163,28551,6986,13481,12724
CA,CA3,201808,ADV,7564,76.33619778,0.588445267,0.541867795,$642.56 ,$129.87 ,$69.39 ,$152.15 ,$291.15 ,$0.00 ,25,0,86,31,476,636,2,9,4518699,27266.44488,1549773,1348982,180356,553160,432652,561952,1186660,340581,3038969,129608,113905,106066,62893,91930
CA,CA4,201808,ADV,8174,74.80853927,0.552850502,0.797255077,$886.53 ,$156.70 ,$119.96 ,$291.08 ,$318.80 ,$0.00 ,39,0,134,36,1300,1726,3,21,13262234,4850.972611,4615697,4338482,441609,1781058,1352330,1739765,2957709,1601964,9307146,1149887,86507,469799,343744,220875
CA,CA5,201808,ADV,308,77.0487013,0.555194805,1.12788961,"$1,207.63 ",$134.57 ,$160.18 ,$490.69 ,$422.19 ,$0.00 ,3,0,8,1,76,111,2,3,848112,1842.466511,287498,271226,25853,88185,78474,123435,199599,77382,459811,31090,10988,17892,11400,12601
CA,CA6,201808,ADV,104,80.02884615,0.615384615,1.316105769,"$1,548.78 ",$631.44 ,$175.87 ,$345.08 ,$396.39 ,$0.00 ,1,0,1,2,23,32,0,0,443738,2735.137621,156210,144962,13861,52042,46478,64775,99117,45552,244382,21169,6950,15410,8052,19863
CA,CA7,201808,ADV,2161,72.67653864,0.551596483,0.291533549,$270.57 ,$18.61 ,$22.22 ,$37.83 ,$191.91 ,$0.00 ,0,0,10,0,25,27,0,1,883053,8132.256436,295756,267913,39056,139584,77216,92005,257750,84735,576023,15490,21557,24792,18281,31126
CA,CA8,201808,ADV,95,77.63157895,0.589473684,0.992494737,$892.38 ,$0.00 ,$316.73 ,$328.04 ,$247.62 ,$0.00 ,0,0,0,3,22,31,0,0,281455,3300.636162,121095,105317,6175,17123,20715,52758,50492,9045,86881,7329,9630,3482,4557,16435
CA,CA9,201808,ADV,115,76.35652174,0.573913044,0.9416,"$1,084.34 ",$168.86 ,$237.61 ,$392.69 ,$285.17 ,$0.00 ,0,0,2,0,20,41,0,0,433212,3281.719108,141155,126052,10475,78816,46650,55515,114125,75432,301974,14534,6567,17221,5984,17741
CA,CA1,201809,ADV,47056,74.03115437,0.564752635,0.542629739,$795.20 ,$240.59 ,$101.06 ,$214.07 ,$239.48 ,$0.00 ,610,30,535,621,3230,8876,23,51,3302833,4208.762531,1204884,1118980,106962,286008,279602,439595,726344,216965,1787453,255366,42081,75015,61486,89451
CA,CA10,201809,ADV,63,81.46031746,0.650793651,1.18284127,$666.25 ,$0.00 ,$380.53 ,$172.20 ,$113.52 ,$0.00 ,0,0,2,0,21,13,0,0,460477,4824.376542,147791,136106,18321,81345,44779,50391,143528,61208,326860,6561,10023,13317,8274,5426
CA,CA11,201809,ADV,20,75.4,0.6,0.90525,$427.91 ,$0.00 ,$228.25 ,$150.14 ,$49.52 ,$0.00 ,0,0,2,0,5,2,0,0,150075,1390.308446,45792,42735,4855,24270,10946,14567,40935,13829,101017,2919,1938,3483,2730,14912
CA,CA12,201809,ADV,131,78.05343512,0.557251908,1.171068702,$726.70 ,$0.00 ,$50.78 ,$322.48 ,$353.45 ,$0.00 ,0,0,2,0,30,41,0,1,978130,5958.095977,328577,304624,41276,147389,92035,114438,279979,108140,686675,23756,12508,28262,25805,16750
CA,CA13,201809,ADV,136,77.24264706,0.397058824,1.145691177,"$2,645.69 ","$1,310.91 ",$845.61 ,$345.24 ,$143.93 ,$0.00 ,4,0,6,1,25,32,0,1,342954,21389.49918,163854,119622,10594,41422,24903,67475,74845,21273,143965,5802,14241,5844,5879,17935
CA,CA14,201809,ADV,2075,73.41542169,0.538795181,1.022897349,$914.45 ,$182.40 ,$320.84 ,$219.71 ,$191.50 ,$0.00 ,14,7,45,10,376,248,2,8,2255381,3124.860076,789873,749021,60919,189668,113096,295103,502048,188257,1461149,154299,25948,59669,38303,48904
CA,CA15,201809,ADV,53,77.28301887,0.490566038,1.759264151,"$3,095.83 ","$1,581.00 ",$426.65 ,$597.13 ,$491.06 ,$0.00 ,2,0,3,0,13,12,0,0,269075,1935.645521,84795,79606,14912,48433,23145,29320,80062,34066,193067,3236,5216,7611,5801,5926
CA,CA16,201809,ADV,1769,75.98360656,0.564160543,1.079779537,"$1,102.92 ",$325.65 ,$209.01 ,$367.72 ,$200.55 ,$0.00 ,19,2,48,6,395,428,1,4,4673221,2470.336258,1796567,1692047,128698,373438,232541,689629,936866,360315,2804353,396804,19220,110888,205390,80356
CA,CA17,201809,ADV,356,76.96348315,0.564606742,1.055146067,$777.37 ,$114.78 ,$193.93 ,$263.67 ,$204.99 ,$0.00 ,4,0,15,2,97,78,0,0,539301,1496.015066,181213,172682,26130,73664,35012,67770,146907,48530,309505,12059,7723,11489,11100,5269
CA,CA18,201809,ADV,111,76.82882883,0.54954955,0.989630631,$930.97 ,$409.66 ,$68.42 ,$328.77 ,$124.13 ,$0.00 ,1,0,3,1,25,29,0,1,732212,1392.385418,241055,226727,28989,96905,53972,89461,201506,62038,494325,20238,8143,16525,14450,15994
CA,CA19,201809,ADV,379,77.59894459,0.598944591,1.115332454,"$1,244.62 ",$348.89 ,$228.36 ,$372.53 ,$294.83 ,$0.00 ,4,0,11,3,91,81,0,2,2291738,5095.099057,896341,819372,75758,168734,134416,335498,532415,114749,1083594,101802,25772,34828,51388,38576
CA,CA2,201809,ADV,35,72.91428571,0.485714286,0.712057143,$205.67 ,$0.00 ,$51.95 ,$110.68 ,$43.03 ,$0.00 ,0,0,1,0,5,4,0,0,180216,4176.578436,57468,44057,10782,33928,15883,22446,51676,34263,160443,3448,6076,4616,3242,9708
CA,CA20,201809,ADV,65,75.95384615,0.569230769,1.541230769,"$3,452.38 ","$2,496.13 ",$177.19 ,$544.61 ,$234.45 ,$0.00 ,3,0,6,0,21,16,0,0,438530,821.7515515,156896,149067,15346,36031,23696,64390,98813,20223,269660,13520,4468,7695,7541,10444
CA,CA21,201809,ADV,133,79.20300752,0.578947368,1.181684211,"$1,620.04 ",$604.37 ,$317.84 ,$416.36 ,$281.48 ,$0.00 ,5,0,5,5,27,35,0,1,641847,2324.181643,263188,238371,17271,57501,43401,116457,130712,38050,249451,23427,13544,12933,11677,12597
CA,CA22,201809,ADV,23,76.95652174,0.52173913,0.801391304,"$1,559.86 ",$628.85 ,$621.35 ,$264.67 ,$44.99 ,$0.00 ,1,0,0,0,2,3,0,0,171365,1234.545845,62685,58539,6792,22175,14964,23303,45990,13426,84511,4555,4913,3992,3786,2411
CA,CA23,201809,ADV,62,76.35483871,0.435483871,1.044354839,"$1,817.30 ",$497.71 ,$900.18 ,$370.14 ,$49.26 ,$0.00 ,1,0,1,0,7,11,0,0,151906,9005.172163,84579,59685,4117,9269,9764,35175,25619,1701,28770,2723,7154,1011,2769,11716
CA,CA24,201809,ADV,89,77.34831461,0.460674157,1.207831461,"$1,360.51 ",$335.41 ,$321.06 ,$329.40 ,$374.64 ,$0.00 ,3,0,6,0,32,24,0,1,428006,8864.022501,193696,163983,16804,39396,35478,79271,91192,17615,138500,10651,26639,6204,11021,9809
CA,CA25,201809,ADV,263,78.31939164,0.505703422,1.124212928,"$1,185.47 ",$227.20 ,$505.12 ,$313.98 ,$139.17 ,$0.00 ,3,0,10,3,69,63,0,0,470990,24672.40534,218386,187277,15591,36021,38019,90963,98766,8104,114440,8163,28551,6986,13481,12724
CA,CA3,201809,ADV,7565,76.38413748,0.58849967,0.54196735,$586.44 ,$140.28 ,$59.46 ,$126.21 ,$260.50 ,$0.00 ,36,0,85,22,423,642,3,7,4518699,27266.44488,1549773,1348982,180356,553160,432652,561952,1186660,340581,3038969,129608,113905,106066,62893,91930
CA,CA4,201809,ADV,8175,74.83302752,0.552905199,0.797175291,$880.43 ,$229.29 ,$112.93 ,$254.47 ,$283.74 ,$0.00 ,55,1,137,41,1210,1556,2,22,13262234,4850.972611,4615697,4338482,441609,1781058,1352330,1739765,2957709,1601964,9307146,1149887,86507,469799,343744,220875
CA,CA5,201809,ADV,308,77.09090909,0.555194805,1.12788961,"$1,115.83 ",$252.50 ,$170.39 ,$413.23 ,$279.72 ,$0.00 ,4,0,10,3,59,85,0,3,848112,1842.466511,287498,271226,25853,88185,78474,123435,199599,77382,459811,31090,10988,17892,11400,12601
CA,CA6,201809,ADV,104,80.05769231,0.615384615,1.316105769,"$2,128.70 ",$901.79 ,$196.01 ,$502.42 ,$528.47 ,$0.00 ,1,0,5,1,29,28,0,0,443738,2735.137621,156210,144962,13861,52042,46478,64775,99117,45552,244382,21169,6950,15410,8052,19863
CA,CA7,201809,ADV,2161,72.71494678,0.551596483,0.291533549,$178.53 ,$0.00 ,$13.67 ,$38.64 ,$126.21 ,$0.00 ,0,0,8,0,26,42,0,1,883053,8132.256436,295756,267913,39056,139584,77216,92005,257750,84735,576023,15490,21557,24792,18281,31126
CA,CA8,201809,ADV,95,77.64210526,0.589473684,0.992494737,"$1,152.36 ",$501.37 ,$42.79 ,$421.29 ,$186.91 ,$0.00 ,2,0,1,3,18,22,0,0,281455,3300.636162,121095,105317,6175,17123,20715,52758,50492,9045,86881,7329,9630,3482,4557,16435
CA,CA9,201809,ADV,115,76.36521739,0.573913044,0.9416,$949.97 ,$143.05 ,$104.43 ,$265.27 ,$437.22 ,$0.00 ,2,0,1,0,16,35,0,0,433212,3281.719108,141155,126052,10475,78816,46650,55515,114125,75432,301974,14534,6567,17221,5984,17741
CA,CA1,201810,ADV,47060,74.10665108,0.564725882,0.54260527,$888.95 ,$283.30 ,$128.18 ,$252.88 ,$224.59 ,$0.00 ,739,55,702,646,3742,9989,27,50,3302833,4208.762531,1204884,1118980,106962,286008,279602,439595,726344,216965,1787453,255366,42081,75015,61486,89451
CA,CA10,201810,ADV,63,81.50793651,0.650793651,1.18284127,"$2,135.10 ",$924.69 ,$730.16 ,$323.23 ,$157.02 ,$0.00 ,1,1,2,0,26,16,0,0,460477,4824.376542,147791,136106,18321,81345,44779,50391,143528,61208,326860,6561,10023,13317,8274,5426
CA,CA11,201810,ADV,20,75.55,0.6,0.90525,$591.99 ,$0.00 ,$245.19 ,$240.78 ,$106.02 ,$0.00 ,0,0,2,0,5,6,0,0,150075,1390.308446,45792,42735,4855,24270,10946,14567,40935,13829,101017,2919,1938,3483,2730,14912
CA,CA12,201810,ADV,131,78.12213741,0.557251908,1.171068702,"$1,056.25 ",$119.99 ,$278.47 ,$328.09 ,$329.71 ,$0.00 ,1,0,2,1,32,41,0,1,978130,5958.095977,328577,304624,41276,147389,92035,114438,279979,108140,686675,23756,12508,28262,25805,16750
CA,CA13,201810,ADV,136,77.30882353,0.397058824,1.145691177,"$1,963.51 ",$691.31 ,$616.98 ,$374.93 ,$280.29 ,$0.00 ,0,0,7,1,35,30,0,1,342954,21389.49918,163854,119622,10594,41422,24903,67475,74845,21273,143965,5802,14241,5844,5879,17935
CA,CA14,201810,ADV,2074,73.48842816,0.538572806,1.022588235,"$1,285.45 ",$432.09 ,$394.97 ,$244.85 ,$213.54 ,$0.00 ,25,2,40,11,403,296,2,8,2255381,3124.860076,789873,749021,60919,189668,113096,295103,502048,188257,1461149,154299,25948,59669,38303,48904
CA,CA15,201810,ADV,53,77.30188679,0.490566038,1.759264151,"$1,897.67 ",$393.18 ,$563.99 ,$478.74 ,$461.76 ,$0.00 ,2,0,4,0,16,17,0,0,269075,1935.645521,84795,79606,14912,48433,23145,29320,80062,34066,193067,3236,5216,7611,5801,5926
CA,CA16,201810,ADV,1768,76.04015837,0.564479638,1.080256222,"$1,342.80 ",$355.64 ,$263.71 ,$422.94 ,$300.50 ,$0.00 ,16,3,47,5,415,452,1,5,4673221,2470.336258,1796567,1692047,128698,373438,232541,689629,936866,360315,2804353,396804,19220,110888,205390,80356
CA,CA17,201810,ADV,356,77.05617978,0.564606742,1.055146067,"$1,162.11 ",$204.35 ,$358.95 ,$327.25 ,$271.56 ,$0.00 ,2,0,13,2,104,76,0,0,539301,1496.015066,181213,172682,26130,73664,35012,67770,146907,48530,309505,12059,7723,11489,11100,5269
CA,CA18,201810,ADV,111,76.90990991,0.54954955,0.989630631,"$1,098.95 ",$494.77 ,$96.62 ,$318.15 ,$189.41 ,$0.00 ,4,0,2,0,25,30,0,1,732212,1392.385418,241055,226727,28989,96905,53972,89461,201506,62038,494325,20238,8143,16525,14450,15994
CA,CA19,201810,ADV,379,77.646438,0.598944591,1.115332454,"$1,269.17 ",$243.94 ,$348.36 ,$423.38 ,$253.50 ,$0.00 ,2,0,9,2,122,100,1,2,2291738,5095.099057,896341,819372,75758,168734,134416,335498,532415,114749,1083594,101802,25772,34828,51388,38576
CA,CA2,201810,ADV,35,72.97142857,0.485714286,0.712057143,"$1,956.26 ","$1,310.13 ",$99.72 ,$363.87 ,$182.53 ,$0.00 ,1,0,1,0,7,8,0,0,180216,4176.578436,57468,44057,10782,33928,15883,22446,51676,34263,160443,3448,6076,4616,3242,9708
CA,CA20,201810,ADV,65,76,0.569230769,1.541230769,"$6,028.66 ","$4,601.06 ",$208.73 ,"$1,011.20 ",$207.67 ,$0.00 ,5,0,3,0,23,19,0,0,438530,821.7515515,156896,149067,15346,36031,23696,64390,98813,20223,269660,13520,4468,7695,7541,10444
CA,CA21,201810,ADV,133,79.2481203,0.578947368,1.181684211,"$2,870.58 ",$625.25 ,$436.10 ,"$1,553.08 ",$256.15 ,$0.00 ,4,0,3,7,34,40,0,1,641847,2324.181643,263188,238371,17271,57501,43401,116457,130712,38050,249451,23427,13544,12933,11677,12597
CA,CA22,201810,ADV,23,77.04347826,0.52173913,0.801391304,$388.83 ,$0.00 ,$0.00 ,$250.15 ,$138.69 ,$0.00 ,0,0,0,0,10,3,0,0,171365,1234.545845,62685,58539,6792,22175,14964,23303,45990,13426,84511,4555,4913,3992,3786,2411
CA,CA23,201810,ADV,62,76.41935484,0.435483871,1.044354839,"$1,481.77 ",$328.73 ,$784.10 ,$311.32 ,$57.62 ,$0.00 ,0,0,2,0,9,10,0,0,151906,9005.172163,84579,59685,4117,9269,9764,35175,25619,1701,28770,2723,7154,1011,2769,11716
CA,CA24,201810,ADV,89,77.41573034,0.460674157,1.207831461,"$1,847.23 ",$749.99 ,$282.06 ,$372.48 ,$442.70 ,$0.00 ,3,0,3,0,26,22,0,1,428006,8864.022501,193696,163983,16804,39396,35478,79271,91192,17615,138500,10651,26639,6204,11021,9809
CA,CA25,201810,ADV,263,78.34600761,0.505703422,1.124212928,"$1,347.82 ",$479.12 ,$403.54 ,$330.53 ,$134.63 ,$0.00 ,5,0,14,2,65,58,0,0,470990,24672.40534,218386,187277,15591,36021,38019,90963,98766,8104,114440,8163,28551,6986,13481,12724
CA,CA3,201810,ADV,7565,76.42828817,0.58849967,0.54196735,$630.98 ,$106.93 ,$75.96 ,$140.38 ,$307.71 ,$0.00 ,39,2,69,26,506,648,4,7,4518699,27266.44488,1549773,1348982,180356,553160,432652,561952,1186660,340581,3038969,129608,113905,106066,62893,91930
CA,CA4,201810,ADV,8175,74.85883792,0.552905199,0.797175291,$990.17 ,$233.30 ,$135.58 ,$299.85 ,$321.44 ,$0.00 ,47,0,134,41,1337,1680,4,23,13262234,4850.972611,4615697,4338482,441609,1781058,1352330,1739765,2957709,1601964,9307146,1149887,86507,469799,343744,220875
CA,CA5,201810,ADV,308,77.1461039,0.555194805,1.12788961,"$1,122.03 ",$130.05 ,$119.19 ,$451.88 ,$420.91 ,$0.00 ,2,0,5,0,81,94,0,3,848112,1842.466511,287498,271226,25853,88185,78474,123435,199599,77382,459811,31090,10988,17892,11400,12601
CA,CA6,201810,ADV,104,80.09615385,0.615384615,1.316105769,"$1,222.07 ",$0.00 ,$76.17 ,$561.94 ,$583.97 ,$0.00 ,0,0,2,3,32,37,0,0,443738,2735.137621,156210,144962,13861,52042,46478,64775,99117,45552,244382,21169,6950,15410,8052,19863
CA,CA7,201810,ADV,2161,72.76029616,0.551596483,0.291533549,$214.49 ,$10.19 ,$18.20 ,$38.04 ,$148.06 ,$0.00 ,2,0,9,0,24,29,0,1,883053,8132.256436,295756,267913,39056,139584,77216,92005,257750,84735,576023,15490,21557,24792,18281,31126
CA,CA8,201810,ADV,95,77.68421053,0.589473684,0.992494737,$949.44 ,$0.00 ,$183.59 ,$358.15 ,$407.70 ,$0.00 ,0,0,3,4,23,29,0,0,281455,3300.636162,121095,105317,6175,17123,20715,52758,50492,9045,86881,7329,9630,3482,4557,16435
CA,CA9,201810,ADV,115,76.39130435,0.573913044,0.9416,"$1,048.63 ",$196.30 ,$182.22 ,$379.39 ,$290.72 ,$0.00 ,1,0,4,0,25,44,0,0,433212,3281.719108,141155,126052,10475,78816,46650,55515,114125,75432,301974,14534,6567,17221,5984,17741
CA,CA1,201811,ADV,46808,74.16915912,0.564860708,0.540040784,$819.39 ,$280.85 ,$121.16 ,$219.70 ,$197.68 ,$0.00 ,655,37,652,660,3352,9034,29,52,3302833,4208.762531,1204884,1118980,106962,286008,279602,439595,726344,216965,1787453,255366,42081,75015,61486,89451
CA,CA10,201811,ADV,62,81.48387097,0.661290323,1.190580645,"$1,002.55 ",$493.86 ,$155.93 ,$242.95 ,$109.80 ,$0.00 ,2,0,1,1,20,13,0,0,460477,4824.376542,147791,136106,18321,81345,44779,50391,143528,61208,326860,6561,10023,13317,8274,5426
CA,CA11,201811,ADV,20,75.7,0.6,0.90525,"$1,029.73 ",$0.00 ,$617.66 ,$255.95 ,$156.13 ,$0.00 ,0,0,1,0,4,6,0,0,150075,1390.308446,45792,42735,4855,24270,10946,14567,40935,13829,101017,2919,1938,3483,2730,14912
CA,CA12,201811,ADV,131,78.16030534,0.557251908,1.171068702,$818.55 ,$30.18 ,$182.05 ,$326.91 ,$279.41 ,$0.00 ,0,0,4,0,37,34,0,1,978130,5958.095977,328577,304624,41276,147389,92035,114438,279979,108140,686675,23756,12508,28262,25805,16750
CA,CA13,201811,ADV,135,77.32592593,0.392592593,1.149792593,"$1,135.79 ",$200.95 ,$506.57 ,$263.95 ,$164.32 ,$0.00 ,1,0,4,1,25,33,0,0,342954,21389.49918,163854,119622,10594,41422,24903,67475,74845,21273,143965,5802,14241,5844,5879,17935
CA,CA14,201811,ADV,2058,73.52721088,0.536443149,1.011430515,"$1,165.36 ",$387.20 ,$332.16 ,$225.37 ,$220.64 ,$0.00 ,23,5,45,12,346,262,2,7,2255381,3124.860076,789873,749021,60919,189668,113096,295103,502048,188257,1461149,154299,25948,59669,38303,48904
CA,CA15,201811,ADV,50,77.12,0.48,1.54978,"$2,320.16 ","$1,054.12 ",$366.37 ,$313.97 ,$585.70 ,$0.00 ,1,0,2,0,9,15,0,0,269075,1935.645521,84795,79606,14912,48433,23145,29320,80062,34066,193067,3236,5216,7611,5801,5926
CA,CA16,201811,ADV,1757,76.1007399,0.564029596,1.075040979,"$1,146.25 ",$378.01 ,$191.14 ,$364.61 ,$212.48 ,$0.00 ,24,0,34,11,374,395,1,2,4673221,2470.336258,1796567,1692047,128698,373438,232541,689629,936866,360315,2804353,396804,19220,110888,205390,80356
CA,CA17,201811,ADV,351,77.1025641,0.564102564,1.060783476,$966.55 ,$305.90 ,$224.73 ,$303.59 ,$132.33 ,$0.00 ,5,0,7,1,104,63,1,0,539301,1496.015066,181213,172682,26130,73664,35012,67770,146907,48530,309505,12059,7723,11489,11100,5269
CA,CA18,201811,ADV,111,76.97297297,0.54954955,0.989630631,$729.00 ,$145.99 ,$126.82 ,$279.96 ,$176.23 ,$0.00 ,0,0,2,0,23,25,1,1,732212,1392.385418,241055,226727,28989,96905,53972,89461,201506,62038,494325,20238,8143,16525,14450,15994
CA,CA19,201811,ADV,375,77.69066667,0.594666667,1.111376,"$1,487.34 ",$533.19 ,$281.39 ,$469.97 ,$202.80 ,$0.00 ,7,0,11,1,91,84,0,2,2291738,5095.099057,896341,819372,75758,168734,134416,335498,532415,114749,1083594,101802,25772,34828,51388,38576
CA,CA2,201811,ADV,35,73.02857143,0.485714286,0.712057143,$825.66 ,$537.23 ,$0.40 ,$243.35 ,$44.68 ,$0.00 ,1,0,0,0,10,5,0,0,180216,4176.578436,57468,44057,10782,33928,15883,22446,51676,34263,160443,3448,6076,4616,3242,9708
CA,CA20,201811,ADV,61,76.14754098,0.557377049,1.567196721,"$1,414.75 ",$462.36 ,$414.20 ,$431.21 ,$106.99 ,$0.00 ,1,0,3,0,15,19,0,0,438530,821.7515515,156896,149067,15346,36031,23696,64390,98813,20223,269660,13520,4468,7695,7541,10444
CA,CA21,201811,ADV,129,79.41085271,0.565891473,1.186116279,"$1,502.92 ",$542.68 ,$187.61 ,$468.56 ,$304.06 ,$0.00 ,2,0,7,2,29,36,0,1,641847,2324.181643,263188,238371,17271,57501,43401,116457,130712,38050,249451,23427,13544,12933,11677,12597
CA,CA22,201811,ADV,22,76.95454546,0.545454546,0.760636364,$252.26 ,$0.00 ,$7.53 ,$159.59 ,$85.13 ,$0.00 ,0,0,0,0,3,1,0,0,171365,1234.545845,62685,58539,6792,22175,14964,23303,45990,13426,84511,4555,4913,3992,3786,2411
CA,CA23,201811,ADV,62,76.46774194,0.435483871,1.044354839,"$2,183.80 ","$1,224.23 ",$508.95 ,$419.57 ,$31.05 ,$0.00 ,0,0,2,0,4,11,0,0,151906,9005.172163,84579,59685,4117,9269,9764,35175,25619,1701,28770,2723,7154,1011,2769,11716
CA,CA24,201811,ADV,88,77.5,0.454545455,1.218090909,"$1,178.43 ",$136.82 ,$383.66 ,$409.39 ,$248.55 ,$0.00 ,1,0,4,1,27,27,0,0,428006,8864.022501,193696,163983,16804,39396,35478,79271,91192,17615,138500,10651,26639,6204,11021,9809
CA,CA25,201811,ADV,261,78.42528736,0.501915709,1.119509579,"$1,136.85 ",$385.64 ,$284.63 ,$339.28 ,$127.30 ,$0.00 ,3,0,10,2,56,47,0,0,470990,24672.40534,218386,187277,15591,36021,38019,90963,98766,8104,114440,8163,28551,6986,13481,12724
CA,CA3,201811,ADV,7488,76.46728098,0.588541667,0.540303953,$550.18 ,$81.22 ,$71.40 ,$118.23 ,$279.33 ,$0.00 ,26,0,80,23,440,575,1,7,4518699,27266.44488,1549773,1348982,180356,553160,432652,561952,1186660,340581,3038969,129608,113905,106066,62893,91930
CA,CA4,201811,ADV,8105,74.8789636,0.553362122,0.794934485,$873.61 ,$180.11 ,$135.53 ,$271.49 ,$286.48 ,$0.00 ,59,0,123,39,1290,1545,1,21,13262234,4850.972611,4615697,4338482,441609,1781058,1352330,1739765,2957709,1601964,9307146,1149887,86507,469799,343744,220875
CA,CA5,201811,ADV,306,77.12418301,0.552287582,1.128764706,"$1,380.12 ",$521.62 ,$94.08 ,$429.97 ,$334.46 ,$0.00 ,4,0,9,0,67,83,0,3,848112,1842.466511,287498,271226,25853,88185,78474,123435,199599,77382,459811,31090,10988,17892,11400,12601
CA,CA6,201811,ADV,103,80.12621359,0.611650485,1.322252427,"$1,445.02 ",$378.87 ,$142.87 ,$464.43 ,$458.85 ,$0.00 ,3,0,4,2,26,32,0,0,443738,2735.137621,156210,144962,13861,52042,46478,64775,99117,45552,244382,21169,6950,15410,8052,19863
CA,CA7,201811,ADV,2140,72.81542056,0.551869159,0.289829439,$203.88 ,$3.16 ,$13.23 ,$33.48 ,$154.01 ,$0.00 ,1,0,5,0,23,19,0,1,883053,8132.256436,295756,267913,39056,139584,77216,92005,257750,84735,576023,15490,21557,24792,18281,31126
CA,CA8,201811,ADV,91,77.48351648,0.593406593,0.938637363,$767.63 ,$63.82 ,$38.42 ,$206.47 ,$458.91 ,$0.00 ,1,0,2,2,18,23,0,0,281455,3300.636162,121095,105317,6175,17123,20715,52758,50492,9045,86881,7329,9630,3482,4557,16435
CA,CA9,201811,ADV,114,76.28947368,0.570175439,0.936938597,"$1,191.45 ",$495.63 ,$75.70 ,$355.18 ,$264.94 ,$0.00 ,1,0,2,0,23,34,0,0,433212,3281.719108,141155,126052,10475,78816,46650,55515,114125,75432,301974,14534,6567,17221,5984,17741
CA,CA1,201812,ADV,46541,74.2334071,0.564964225,0.537238413,$780.97 ,$279.49 ,$111.87 ,$203.88 ,$185.73 ,$0.00 ,696,45,706,714,3106,8205,26,58,3302833,4208.762531,1204884,1118980,106962,286008,279602,439595,726344,216965,1787453,255366,42081,75015,61486,89451
CA,CA10,201812,ADV,61,81.78688525,0.672131148,1.166803279,"$1,199.20 ",$627.82 ,$100.27 ,$376.72 ,$94.39 ,$0.00 ,3,0,1,1,17,18,0,0,460477,4824.376542,147791,136106,18321,81345,44779,50391,143528,61208,326860,6561,10023,13317,8274,5426
CA,CA11,201812,ADV,20,75.85,0.6,0.90525,$300.90 ,$0.00 ,$8.48 ,$137.48 ,$154.94 ,$0.00 ,0,0,0,1,6,2,0,0,150075,1390.308446,45792,42735,4855,24270,10946,14567,40935,13829,101017,2919,1938,3483,2730,14912
CA,CA12,201812,ADV,129,78.20155039,0.558139535,1.182472868,"$1,436.11 ",$321.99 ,$357.18 ,$364.79 ,$392.15 ,$0.00 ,4,0,5,2,35,34,0,1,978130,5958.095977,328577,304624,41276,147389,92035,114438,279979,108140,686675,23756,12508,28262,25805,16750
CA,CA13,201812,ADV,135,77.39259259,0.392592593,1.149792593,$863.86 ,$258.46 ,$219.55 ,$254.04 ,$131.81 ,$0.00 ,3,0,7,0,24,27,0,1,342954,21389.49918,163854,119622,10594,41422,24903,67475,74845,21273,143965,5802,14241,5844,5879,17935
CA,CA14,201812,ADV,2047,73.60478749,0.534929165,1.00785149,$960.32 ,$245.01 ,$309.45 ,$183.77 ,$222.09 ,$0.00 ,20,2,40,13,340,216,2,6,2255381,3124.860076,789873,749021,60919,189668,113096,295103,502048,188257,1461149,154299,25948,59669,38303,48904
CA,CA15,201812,ADV,50,77.16,0.48,1.54978,"$2,366.41 ","$1,202.07 ",$424.52 ,$386.07 ,$353.74 ,$0.00 ,2,0,2,0,8,9,0,0,269075,1935.645521,84795,79606,14912,48433,23145,29320,80062,34066,193067,3236,5216,7611,5801,5926
CA,CA16,201812,ADV,1735,76.14063401,0.563688761,1.057150432,"$1,014.57 ",$284.23 ,$162.64 ,$335.04 ,$232.66 ,$0.00 ,20,0,52,9,344,338,1,3,4673221,2470.336258,1796567,1692047,128698,373438,232541,689629,936866,360315,2804353,396804,19220,110888,205390,80356
CA,CA17,201812,ADV,349,77.22063037,0.564469914,1.063455587,"$1,073.03 ",$380.05 ,$208.92 ,$260.68 ,$223.39 ,$0.00 ,3,0,10,0,91,69,0,0,539301,1496.015066,181213,172682,26130,73664,35012,67770,146907,48530,309505,12059,7723,11489,11100,5269
CA,CA18,201812,ADV,109,77.12844037,0.550458716,0.991321101,$804.53 ,$347.41 ,$36.22 ,$294.23 ,$126.66 ,$0.00 ,3,0,3,1,17,28,0,1,732212,1392.385418,241055,226727,28989,96905,53972,89461,201506,62038,494325,20238,8143,16525,14450,15994
CA,CA19,201812,ADV,368,77.68478261,0.595108696,1.101597826,$839.10 ,$253.36 ,$91.17 ,$292.55 ,$202.01 ,$0.00 ,3,0,8,0,82,69,1,2,2291738,5095.099057,896341,819372,75758,168734,134416,335498,532415,114749,1083594,101802,25772,34828,51388,38576
CA,CA2,201812,ADV,34,73,0.5,0.726588235,$457.24 ,$229.79 ,$3.36 ,$126.28 ,$97.82 ,$0.00 ,1,0,0,0,5,3,0,0,180216,4176.578436,57468,44057,10782,33928,15883,22446,51676,34263,160443,3448,6076,4616,3242,9708
CA,CA20,201812,ADV,59,75.89830509,0.542372881,1.499135593,"$1,808.38 ",$298.78 ,$657.97 ,$664.21 ,$187.42 ,$0.00 ,0,0,5,0,14,14,0,0,438530,821.7515515,156896,149067,15346,36031,23696,64390,98813,20223,269660,13520,4468,7695,7541,10444
CA,CA21,201812,ADV,128,79.5390625,0.5703125,1.1908125,"$1,271.64 ",$78.73 ,$544.76 ,$291.74 ,$356.41 ,$0.00 ,1,0,8,6,27,32,0,1,641847,2324.181643,263188,238371,17271,57501,43401,116457,130712,38050,249451,23427,13544,12933,11677,12597
CA,CA22,201812,ADV,21,77.04761905,0.523809524,0.773571429,$486.87 ,$0.00 ,$62.53 ,$309.45 ,$114.89 ,$0.00 ,0,0,1,0,4,4,0,0,171365,1234.545845,62685,58539,6792,22175,14964,23303,45990,13426,84511,4555,4913,3992,3786,2411
CA,CA23,201812,ADV,62,76.53225807,0.435483871,1.044354839,"$1,209.08 ",$213.47 ,$336.56 ,$581.00 ,$78.04 ,$0.00 ,0,0,1,0,5,4,0,0,151906,9005.172163,84579,59685,4117,9269,9764,35175,25619,1701,28770,2723,7154,1011,2769,11716
CA,CA24,201812,ADV,86,77.3255814,0.453488372,1.236732558,"$1,477.67 ",$404.34 ,$551.27 ,$234.30 ,$287.76 ,$0.00 ,2,0,5,0,18,17,0,0,428006,8864.022501,193696,163983,16804,39396,35478,79271,91192,17615,138500,10651,26639,6204,11021,9809
CA,CA25,201812,ADV,258,78.51937985,0.5,1.116693798,$959.28 ,$252.73 ,$212.47 ,$286.00 ,$208.08 ,$0.00 ,6,0,13,2,56,44,0,0,470990,24672.40534,218386,187277,15591,36021,38019,90963,98766,8104,114440,8163,28551,6986,13481,12724
CA,CA3,201812,ADV,7422,76.48989491,0.588251145,0.537106575,$576.93 ,$123.94 ,$58.20 ,$115.84 ,$278.95 ,$0.00 ,28,0,65,24,443,526,1,5,4518699,27266.44488,1549773,1348982,180356,553160,432652,561952,1186660,340581,3038969,129608,113905,106066,62893,91930
CA,CA4,201812,ADV,8032,74.89927789,0.553162351,0.788463645,$793.82 ,$169.29 ,$107.07 ,$241.37 ,$276.10 ,$0.00 ,47,0,139,27,1112,1385,1,20,13262234,4850.972611,4615697,4338482,441609,1781058,1352330,1739765,2957709,1601964,9307146,1149887,86507,469799,343744,220875
CA,CA5,201812,ADV,304,77.13486842,0.552631579,1.123328947,"$1,503.36 ",$450.98 ,$133.32 ,$405.36 ,$513.70 ,$0.00 ,2,0,10,1,70,68,0,1,848112,1842.466511,287498,271226,25853,88185,78474,123435,199599,77382,459811,31090,10988,17892,11400,12601
CA,CA6,201812,ADV,103,80.14563107,0.611650485,1.322252427,"$1,530.17 ",$300.46 ,$155.24 ,$471.30 ,$603.17 ,$0.00 ,3,0,6,3,23,33,0,0,443738,2735.137621,156210,144962,13861,52042,46478,64775,99117,45552,244382,21169,6950,15410,8052,19863
CA,CA7,201812,ADV,2124,72.82815443,0.551789077,0.289459981,$189.48 ,$12.14 ,$11.41 ,$24.03 ,$141.91 ,$0.00 ,1,0,6,0,17,24,0,1,883053,8132.256436,295756,267913,39056,139584,77216,92005,257750,84735,576023,15490,21557,24792,18281,31126
CA,CA8,201812,ADV,91,77.53846154,0.593406593,0.938637363,"$1,234.99 ",$454.07 ,$77.04 ,$358.90 ,$344.98 ,$0.00 ,2,0,3,1,18,23,1,0,281455,3300.636162,121095,105317,6175,17123,20715,52758,50492,9045,86881,7329,9630,3482,4557,16435
CA,CA9,201812,ADV,113,76.40707965,0.566371681,0.941353982,"$1,224.38 ",$549.69 ,$68.38 ,$244.22 ,$362.08 ,$0.00 ,1,0,1,0,22,34,0,0,433212,3281.719108,141155,126052,10475,78816,46650,55515,114125,75432,301974,14534,6567,17221,5984,17741
CA,CA1,201901,ADV,48005,73.49392772,0.563982918,0.572152755,$824.32 ,$243.98 ,$137.73 ,$250.01 ,$192.60 ,$0.00 ,571,27,709,811,4147,10619,30,54,3302833,4208.762531,1204884,1118980,106962,286008,279602,439595,726344,216965,1787453,255366,42081,75015,61486,89451
CA,CA10,201901,ADV,62,80.48387097,0.629032258,1.164741936,"$2,077.52 ",$996.56 ,$174.36 ,$566.67 ,$339.93 ,$0.00 ,0,1,1,1,31,16,0,0,460477,4824.376542,147791,136106,18321,81345,44779,50391,143528,61208,326860,6561,10023,13317,8274,5426
CA,CA11,201901,ADV,17,76.17647059,0.470588235,1.080882353,"$1,181.80 ",$0.00 ,$528.66 ,$448.48 ,$204.66 ,$0.00 ,0,0,3,0,8,3,0,0,150075,1390.308446,45792,42735,4855,24270,10946,14567,40935,13829,101017,2919,1938,3483,2730,14912
CA,CA12,201901,ADV,178,75.98876405,0.556179775,1.18388764,"$1,010.62 ",$268.69 ,$133.75 ,$379.71 ,$228.47 ,$0.00 ,1,0,4,0,62,59,1,1,978130,5958.095977,328577,304624,41276,147389,92035,114438,279979,108140,686675,23756,12508,28262,25805,16750
CA,CA13,201901,ADV,123,77.70731707,0.414634146,1.29096748,"$1,789.30 ",$229.51 ,"$1,197.62 ",$254.52 ,$107.65 ,$0.00 ,1,0,2,3,22,22,0,1,342954,21389.49918,163854,119622,10594,41422,24903,67475,74845,21273,143965,5802,14241,5844,5879,17935
CA,CA14,201901,ADV,2583,73.56136276,0.532713899,0.999427797,"$1,080.64 ",$307.04 ,$331.33 ,$216.43 ,$225.84 ,$0.00 ,25,8,57,14,416,262,2,7,2255381,3124.860076,789873,749021,60919,189668,113096,295103,502048,188257,1461149,154299,25948,59669,38303,48904
CA,CA15,201901,ADV,39,76.64102564,0.487179487,1.163846154,"$1,605.18 ",$441.63 ,$189.93 ,$344.84 ,$628.79 ,$0.00 ,1,0,1,0,11,8,0,0,269075,1935.645521,84795,79606,14912,48433,23145,29320,80062,34066,193067,3236,5216,7611,5801,5926
CA,CA16,201901,ADV,2303,74.58706036,0.562744247,1.037811116,"$1,132.15 ",$363.29 ,$229.14 ,$316.09 ,$223.64 ,$0.00 ,26,4,48,18,511,477,2,4,4673221,2470.336258,1796567,1692047,128698,373438,232541,689629,936866,360315,2804353,396804,19220,110888,205390,80356
CA,CA17,201901,ADV,335,77.03283582,0.564179105,1.140919403,"$1,088.52 ",$243.92 ,$278.95 ,$292.35 ,$273.29 ,$0.00 ,3,0,12,1,105,78,1,0,539301,1496.015066,181213,172682,26130,73664,35012,67770,146907,48530,309505,12059,7723,11489,11100,5269
CA,CA18,201901,ADV,113,76.23893805,0.522123894,1.089106195,"$1,861.62 ","$1,035.30 ",$129.05 ,$331.48 ,$365.79 ,$0.00 ,0,0,4,1,26,33,1,2,732212,1392.385418,241055,226727,28989,96905,53972,89461,201506,62038,494325,20238,8143,16525,14450,15994
CA,CA19,201901,ADV,360,77.36111111,0.591666667,1.107038889,$984.89 ,$295.64 ,$128.37 ,$334.85 ,$226.03 ,$0.00 ,4,0,13,1,105,91,0,2,2291738,5095.099057,896341,819372,75758,168734,134416,335498,532415,114749,1083594,101802,25772,34828,51388,38576
CA,CA2,201901,ADV,29,72.48275862,0.482758621,0.633103448,$317.20 ,$0.00 ,$10.88 ,$105.78 ,$200.53 ,$0.00 ,0,0,0,0,4,7,0,0,180216,4176.578436,57468,44057,10782,33928,15883,22446,51676,34263,160443,3448,6076,4616,3242,9708
CA,CA20,201901,ADV,55,75.38181818,0.581818182,1.372654546,"$1,162.09 ",$316.56 ,$301.59 ,$383.17 ,$160.76 ,$0.00 ,1,0,5,0,15,17,0,0,438530,821.7515515,156896,149067,15346,36031,23696,64390,98813,20223,269660,13520,4468,7695,7541,10444
CA,CA21,201901,ADV,120,78.71666667,0.583333333,1.327475,"$1,344.29 ",$323.36 ,$247.10 ,$546.59 ,$227.24 ,$0.00 ,1,0,4,4,26,37,0,1,641847,2324.181643,263188,238371,17271,57501,43401,116457,130712,38050,249451,23427,13544,12933,11677,12597
CA,CA22,201901,ADV,19,76.15789474,0.473684211,0.934210526,$495.33 ,$0.00 ,$84.60 ,$344.06 ,$66.67 ,$0.00 ,0,0,2,0,6,5,0,0,171365,1234.545845,62685,58539,6792,22175,14964,23303,45990,13426,84511,4555,4913,3992,3786,2411
CA,CA23,201901,ADV,60,75.93333333,0.433333333,0.979733333,"$1,353.81 ",$316.77 ,$721.92 ,$283.69 ,$31.42 ,$0.00 ,0,0,2,2,7,9,0,0,151906,9005.172163,84579,59685,4117,9269,9764,35175,25619,1701,28770,2723,7154,1011,2769,11716
CA,CA24,201901,ADV,72,76.68055556,0.472222222,1.118847222,$842.96 ,$195.83 ,$237.85 ,$260.86 ,$148.41 ,$0.00 ,2,0,3,0,20,15,0,1,428006,8864.022501,193696,163983,16804,39396,35478,79271,91192,17615,138500,10651,26639,6204,11021,9809
CA,CA25,201901,ADV,253,77.95652174,0.498023715,1.004909091,$867.50 ,$119.39 ,$303.69 ,$281.26 ,$163.16 ,$0.00 ,3,0,13,2,79,66,0,0,470990,24672.40534,218386,187277,15591,36021,38019,90963,98766,8104,114440,8163,28551,6986,13481,12724
CA,CA3,201901,ADV,7136,75.51611547,0.588424888,0.569680633,$591.12 ,$77.22 ,$69.74 ,$155.87 ,$288.29 ,$0.00 ,14,2,59,31,593,999,3,7,4518699,27266.44488,1549773,1348982,180356,553160,432652,561952,1186660,340581,3038969,129608,113905,106066,62893,91930
CA,CA4,201901,ADV,8752,74.02719378,0.550045704,0.850270338,$911.68 ,$207.39 ,$118.83 ,$293.99 ,$291.46 ,$0.00 ,43,0,115,52,1558,2092,10,19,13262234,4850.972611,4615697,4338482,441609,1781058,1352330,1739765,2957709,1601964,9307146,1149887,86507,469799,343744,220875
CA,CA5,201901,ADV,326,76.46625767,0.536809816,1.175165644,"$1,211.81 ",$264.05 ,$166.83 ,$523.81 ,$257.11 ,$0.00 ,2,0,7,0,88,110,0,2,848112,1842.466511,287498,271226,25853,88185,78474,123435,199599,77382,459811,31090,10988,17892,11400,12601
CA,,201901,ADV,103,79.69902913,0.611650485,1.436592233,"$1,372.28 ",$157.87 ,$183.93 ,$475.66 ,$554.83 ,$0.00 ,0,0,5,2,29,35,0,0,443738,2735.137621,156210,144962,13861,52042,46478,64775,99117,45552,244382,21169,6950,15410,8052,19863
CA,CA7,201901,ADV,2124,72.36487759,0.555084746,0.39644774,$363.89 ,$38.44 ,$30.48 ,$110.22 ,$184.76 ,$0.00 ,1,0,6,2,70,282,0,2,883053,8132.256436,295756,267913,39056,139584,77216,92005,257750,84735,576023,15490,21557,24792,18281,31126
CA,CA8,201901,ADV,104,77.41346154,0.576923077,0.917298077,"$1,128.07 ",$130.51 ,$193.07 ,$377.37 ,$427.13 ,$0.00 ,0,0,5,1,27,31,0,0,281455,3300.636162,121095,105317,6175,17123,20715,52758,50492,9045,86881,7329,9630,3482,4557,16435
CA,CA9,201901,ADV,110,75.44545455,0.545454546,1.050954546,"$1,222.41 ",$238.07 ,$136.24 ,$416.26 ,$431.85 ,$0.00 ,2,0,4,0,27,35,0,0,433212,3281.719108,141155,126052,10475,78816,46650,55515,114125,75432,301974,14534,6567,17221,5984,17741
CA,CA1,201902,ADV,48535,73.51465952,0.563922942,0.571841681,$751.03 ,$224.59 ,$118.66 ,$227.88 ,$179.90 ,$0.00 ,573,41,650,748,3653,9653,26,58,3302833,4208.762531,1204884,1118980,106962,286008,279602,439595,726344,216965,1787453,255366,42081,75015,61486,89451
CA,CA10,201902,ADV,62,80.51612903,0.629032258,1.164741936,$782.42 ,$179.23 ,$116.92 ,$346.40 ,$139.86 ,$0.00 ,2,0,1,0,25,14,0,0,460477,4824.376542,147791,136106,18321,81345,44779,50391,143528,61208,326860,6561,10023,13317,8274,5426
CA,CA11,201902,ADV,17,76.29411765,0.470588235,1.080882353,"$1,304.08 ",$612.98 ,$47.83 ,$426.34 ,$216.93 ,$0.00 ,0,0,0,0,9,7,0,0,150075,1390.308446,45792,42735,4855,24270,10946,14567,40935,13829,101017,2919,1938,3483,2730,14912
CA,CA12,201902,ADV,180,75.96666667,0.555555556,1.182077778,$721.47 ,$133.31 ,$81.07 ,$297.13 ,$209.96 ,$0.00 ,0,0,5,0,52,58,0,2,978130,5958.095977,328577,304624,41276,147389,92035,114438,279979,108140,686675,23756,12508,28262,25805,16750
CA,CA13,201902,ADV,123,77.74796748,0.414634146,1.29096748,"$5,169.35 ","$3,495.35 ","$1,042.14 ",$550.13 ,$81.72 ,$0.00 ,5,0,6,1,26,20,0,0,342954,21389.49918,163854,119622,10594,41422,24903,67475,74845,21273,143965,5802,14241,5844,5879,17935
CA,,201902,ADV,2619,73.60252005,0.533409698,1.003120657,$951.61 ,$271.29 ,$282.11 ,$203.99 ,$194.21 ,$0.00 ,18,10,51,14,409,261,3,7,2255381,3124.860076,789873,749021,60919,189668,113096,295103,502048,188257,1461149,154299,25948,59669,38303,48904
CA,CA15,201902,ADV,39,76.69230769,0.487179487,1.163846154,$980.35 ,$203.01 ,$116.63 ,$309.57 ,$351.14 ,$0.00 ,1,0,0,0,9,14,0,0,269075,1935.645521,84795,79606,14912,48433,23145,29320,80062,34066,193067,3236,5216,7611,5801,5926
CA,,201902,ADV,2343,74.55996586,0.564233888,1.031202732,"$1,111.17 ",$387.87 ,$218.63 ,$280.63 ,$224.05 ,$0.00 ,17,2,45,15,451,422,1,5,4673221,2470.336258,1796567,1692047,128698,373438,232541,689629,936866,360315,2804353,396804,19220,110888,205390,80356
CA,CA17,201902,ADV,337,77.09792285,0.56379822,1.140293769,$863.64 ,$221.18 ,$179.98 ,$231.51 ,$230.97 ,$0.00 ,5,0,9,0,86,74,1,0,539301,1496.015066,181213,172682,26130,73664,35012,67770,146907,48530,309505,12059,7723,11489,11100,5269
CA,CA18,201902,ADV,115,76.09565217,0.52173913,1.078034783,"$1,635.54 ",$234.51 ,$114.80 ,"$1,014.75 ",$271.47 ,$0.00 ,2,0,5,0,27,24,1,2,732212,1392.385418,241055,226727,28989,96905,53972,89461,201506,62038,494325,20238,8143,16525,14450,15994
CA,CA19,201902,ADV,365,77.13150685,0.591780822,1.100720548,$955.57 ,$197.30 ,$160.60 ,$317.38 ,$280.28 ,$0.00 ,1,0,9,1,91,72,0,2,2291738,5095.099057,896341,819372,75758,168734,134416,335498,532415,114749,1083594,101802,25772,34828,51388,38576
CA,CA2,201902,ADV,29,72.55172414,0.482758621,0.633103448,$200.66 ,$0.00 ,$52.73 ,$81.86 ,$66.07 ,$0.00 ,0,0,1,0,3,5,0,0,180216,4176.578436,57468,44057,10782,33928,15883,22446,51676,34263,160443,3448,6076,4616,3242,9708
CA,,201902,ADV,55,75.45454546,0.581818182,1.372654546,$911.16 ,$121.51 ,$210.95 ,$403.61 ,$175.08 ,$0.00 ,1,0,1,0,15,10,0,0,438530,821.7515515,156896,149067,15346,36031,23696,64390,98813,20223,269660,13520,4468,7695,7541,10444
CA,CA21,201902,ADV,121,78.62809917,0.58677686,1.332024793,"$2,278.63 ","$1,093.35 ",$173.83 ,$601.35 ,$410.09 ,$0.00 ,5,0,6,0,24,28,0,1,641847,2324.181643,263188,238371,17271,57501,43401,116457,130712,38050,249451,23427,13544,12933,11677,12597
CA,CA22,201902,ADV,19,76.15789474,0.473684211,0.934210526,$530.76 ,$0.00 ,$159.70 ,$324.02 ,$47.05 ,$0.00 ,0,0,0,1,6,6,0,0,171365,1234.545845,62685,58539,6792,22175,14964,23303,45990,13426,84511,4555,4913,3992,3786,2411
CA,CA23,201902,ADV,60,76,0.433333333,0.979733333,"$1,069.15 ",$525.77 ,$203.43 ,$296.19 ,$43.76 ,$0.00 ,1,0,2,0,6,7,0,0,151906,9005.172163,84579,59685,4117,9269,9764,35175,25619,1701,28770,2723,7154,1011,2769,11716
CA,CA24,201902,ADV,72,76.80555556,0.472222222,1.118847222,$752.00 ,$181.88 ,$266.92 ,$211.20 ,$92.00 ,$0.00 ,2,0,2,0,20,17,0,0,428006,8864.022501,193696,163983,16804,39396,35478,79271,91192,17615,138500,10651,26639,6204,11021,9809
CA,CA25,201902,ADV,256,77.8046875,0.49609375,0.998941406,$726.03 ,$114.60 ,$217.31 ,$240.61 ,$153.51 ,$0.00 ,2,0,10,3,56,33,1,1,470990,24672.40534,218386,187277,15591,36021,38019,90963,98766,8104,114440,8163,28551,6986,13481,12724
CA,CA3,201902,ADV,7225,75.46477509,0.588650519,0.575365121,$563.82 ,$89.54 ,$53.65 ,$154.20 ,$266.44 ,$0.00 ,22,0,73,33,566,920,5,7,4518699,27266.44488,1549773,1348982,180356,553160,432652,561952,1186660,340581,3038969,129608,113905,106066,62893,91930
CA,CA4,201902,ADV,8903,73.96136134,0.549702348,0.8552598,$984.53 ,$282.52 ,$125.99 ,$316.66 ,$259.35 ,$0.00 ,47,2,138,41,1461,1974,6,19,13262234,4850.972611,4615697,4338482,441609,1781058,1352330,1739765,2957709,1601964,9307146,1149887,86507,469799,343744,220875
CA,,201902,ADV,326,76.50306749,0.536809816,1.175165644,"$1,132.21 ",$319.91 ,$140.67 ,$432.25 ,$239.37 ,$0.00 ,2,0,8,1,76,90,0,2,848112,1842.466511,287498,271226,25853,88185,78474,123435,199599,77382,459811,31090,10988,17892,11400,12601
CA,CA6,201902,ADV,103,79.69902913,0.611650485,1.436592233,"$1,537.35 ",$264.62 ,$172.01 ,$490.81 ,$609.90 ,$0.00 ,1,0,2,2,24,35,0,0,443738,2735.137621,156210,144962,13861,52042,46478,64775,99117,45552,244382,21169,6950,15410,8052,19863
CA,CA7,201902,ADV,2144,72.36054105,0.555503731,0.396836754,$263.70 ,$15.04 ,$20.59 ,$55.48 ,$172.58 ,$0.00 ,1,0,8,0,66,118,0,3,883053,8132.256436,295756,267913,39056,139584,77216,92005,257750,84735,576023,15490,21557,24792,18281,31126
CA,CA8,201902,ADV,104,77.42307692,0.576923077,0.917298077,"$1,123.60 ",$198.74 ,$102.18 ,$386.47 ,$436.21 ,$0.00 ,0,0,2,1,28,27,0,0,281455,3300.636162,121095,105317,6175,17123,20715,52758,50492,9045,86881,7329,9630,3482,4557,16435
CA,,201902,ADV,111,75.37837838,0.540540541,1.044891892,"$1,468.29 ",$699.24 ,$236.36 ,$299.41 ,$233.28 ,$0.00 ,1,0,3,1,23,23,0,0,433212,3281.719108,141155,126052,10475,78816,46650,55515,114125,75432,301974,14534,6567,17221,5984,17741
CA,CA1,201903,ADV,49049,73.53311994,0.564048197,0.571930335,$795.84 ,$222.11 ,$130.34 ,$245.08 ,$198.31 ,$0.00 ,607,34,768,909,4002,10588,36,58,3302833,4208.762531,1204884,1118980,106962,286008,279602,439595,726344,216965,1787453,255366,42081,75015,61486,89451
CA,CA10,201903,ADV,62,80.5483871,0.629032258,1.164741936,$668.19 ,$111.28 ,$175.11 ,$264.43 ,$117.36 ,$0.00 ,1,0,1,0,21,17,0,0,460477,4824.376542,147791,136106,18321,81345,44779,50391,143528,61208,326860,6561,10023,13317,8274,5426
CA,CA11,201903,ADV,17,76.35294118,0.470588235,1.080882353,"$2,132.01 ",$780.46 ,$190.35 ,"$1,021.74 ",$139.46 ,$0.00 ,0,0,1,0,8,7,0,0,150075,1390.308446,45792,42735,4855,24270,10946,14567,40935,13829,101017,2919,1938,3483,2730,14912
CA,CA12,201903,ADV,186,76.01612903,0.559139785,1.21605914,"$1,054.76 ",$32.08 ,$412.47 ,$343.41 ,$266.81 ,$0.00 ,1,0,6,0,60,49,0,2,978130,5958.095977,328577,304624,41276,147389,92035,114438,279979,108140,686675,23756,12508,28262,25805,16750
CA,CA13,201903,ADV,122,77.7704918,0.409836066,1.297286885,"$1,570.36 ",$515.94 ,$571.70 ,$316.03 ,$166.68 ,$0.00 ,2,0,6,1,25,32,0,1,342954,21389.49918,163854,119622,10594,41422,24903,67475,74845,21273,143965,5802,14241,5844,5879,17935
CA,CA14,201903,ADV,2648,73.61593656,0.533610272,0.997786254,"$1,059.04 ",$287.62 ,$332.36 ,$235.54 ,$203.52 ,$0.00 ,25,3,56,11,444,292,2,6,2255381,3124.860076,789873,749021,60919,189668,113096,295103,502048,188257,1461149,154299,25948,59669,38303,48904
CA,CA15,201903,ADV,39,76.76923077,0.487179487,1.163846154,"$1,082.61 ",$0.00 ,$109.48 ,$580.32 ,$392.81 ,$0.00 ,0,0,0,0,8,8,0,0,269075,1935.645521,84795,79606,14912,48433,23145,29320,80062,34066,193067,3236,5216,7611,5801,5926
CA,CA16,201903,ADV,2371,74.5740194,0.563475327,1.032698861,"$1,128.87 ",$336.29 ,$235.86 ,$334.36 ,$222.36 ,$0.00 ,27,5,48,23,499,467,1,5,4673221,2470.336258,1796567,1692047,128698,373438,232541,689629,936866,360315,2804353,396804,19220,110888,205390,80356
CA,CA17,201903,ADV,338,77.12426036,0.565088757,1.137952663,"$1,158.43 ",$367.93 ,$308.50 ,$321.24 ,$160.75 ,$0.00 ,6,0,15,2,95,75,0,1,539301,1496.015066,181213,172682,26130,73664,35012,67770,146907,48530,309505,12059,7723,11489,11100,5269
CA,CA18,201903,ADV,115,76.11304348,0.52173913,1.078034783,"$1,130.76 ",$106.83 ,$168.28 ,$588.10 ,$267.55 ,$0.00 ,1,0,3,0,26,31,0,2,732212,1392.385418,241055,226727,28989,96905,53972,89461,201506,62038,494325,20238,8143,16525,14450,15994
CA,CA19,201903,ADV,367,77.15803815,0.591280654,1.117226158,"$1,190.23 ",$305.90 ,$262.03 ,$410.17 ,$212.14 ,$0.00 ,4,0,12,3,106,82,0,2,2291738,5095.099057,896341,819372,75758,168734,134416,335498,532415,114749,1083594,101802,25772,34828,51388,38576
CA,CA2,201903,ADV,29,72.5862069,0.482758621,0.633103448,"$1,187.44 ",$643.15 ,$212.08 ,$228.91 ,$103.30 ,$0.00 ,0,0,1,0,6,3,0,0,180216,4176.578436,57468,44057,10782,33928,15883,22446,51676,34263,160443,3448,6076,4616,3242,9708
CA,,201903,ADV,55,75.49090909,0.581818182,1.372654546,"$1,198.85 ",$482.75 ,$145.51 ,$413.87 ,$156.72 ,$0.00 ,2,0,2,2,19,18,1,1,438530,821.7515515,156896,149067,15346,36031,23696,64390,98813,20223,269660,13520,4468,7695,7541,10444
CA,CA21,201903,ADV,121,78.66115703,0.58677686,1.332024793,"$2,196.96 ",$834.36 ,$253.47 ,$633.01 ,$476.12 ,$0.00 ,2,0,4,4,36,31,1,1,641847,2324.181643,263188,238371,17271,57501,43401,116457,130712,38050,249451,23427,13544,12933,11677,12597
CA,CA22,201903,ADV,19,76.2631579,0.473684211,0.934210526,"$1,779.35 ",$810.17 ,$185.67 ,$491.50 ,$292.00 ,$0.00 ,1,0,1,0,3,6,0,0,171365,1234.545845,62685,58539,6792,22175,14964,23303,45990,13426,84511,4555,4913,3992,3786,2411
CA,CA23,201903,ADV,60,76.06666667,0.433333333,0.979733333,$795.76 ,$214.57 ,$220.75 ,$343.19 ,$17.26 ,$0.00 ,2,0,4,0,12,8,0,0,151906,9005.172163,84579,59685,4117,9269,9764,35175,25619,1701,28770,2723,7154,1011,2769,11716
CA,CA24,201903,ADV,72,76.86111111,0.472222222,1.118847222,$740.50 ,$0.00 ,$261.90 ,$286.02 ,$192.59 ,$0.00 ,0,0,3,0,25,17,0,0,428006,8864.022501,193696,163983,16804,39396,35478,79271,91192,17615,138500,10651,26639,6204,11021,9809
CA,CA25,201903,ADV,256,77.83984375,0.49609375,0.998941406,"$1,133.83 ",$451.90 ,$205.89 ,$330.55 ,$145.49 ,$0.00 ,3,0,7,1,69,56,1,1,470990,24672.40534,218386,187277,15591,36021,38019,90963,98766,8104,114440,8163,28551,6986,13481,12724
CA,CA3,201903,ADV,7281,75.43716523,0.588930092,0.578120039,$598.80 ,$109.02 ,$73.75 ,$145.00 ,$271.02 ,$0.00 ,26,0,76,29,589,859,1,7,4518699,27266.44488,1549773,1348982,180356,553160,432652,561952,1186660,340581,3038969,129608,113905,106066,62893,91930
CA,CA4,201903,ADV,9043,73.85568948,0.55025987,0.854125733,$871.49 ,$169.67 ,$128.81 ,$282.82 ,$290.19 ,$0.00 ,54,0,143,59,1565,2129,7,23,13262234,4850.972611,4615697,4338482,441609,1781058,1352330,1739765,2957709,1601964,9307146,1149887,86507,469799,343744,220875
CA,CA5,201903,ADV,328,76.45731707,0.536585366,1.170585366,"$1,163.55 ",$211.64 ,$135.63 ,$477.77 ,$338.52 ,$0.00 ,0,0,14,2,96,89,0,2,848112,1842.466511,287498,271226,25853,88185,78474,123435,199599,77382,459811,31090,10988,17892,11400,12601
CA,CA6,201903,ADV,105,79.54285714,0.6,1.417619048,"$1,844.97 ",$305.19 ,$318.30 ,$621.24 ,$600.23 ,$0.00 ,0,0,5,1,26,34,0,0,443738,2735.137621,156210,144962,13861,52042,46478,64775,99117,45552,244382,21169,6950,15410,8052,19863
CA,CA7,201903,ADV,2172,72.35036832,0.555248619,0.398782228,$342.36 ,$53.37 ,$38.17 ,$71.55 ,$179.28 ,$0.00 ,4,0,13,0,74,164,0,3,883053,8132.256436,295756,267913,39056,139584,77216,92005,257750,84735,576023,15490,21557,24792,18281,31126
CA,CA8,201903,ADV,104,77.43269231,0.576923077,0.917298077,"$1,146.19 ",$153.75 ,$104.05 ,$445.46 ,$442.93 ,$0.00 ,2,0,2,2,22,27,0,1,281455,3300.636162,121095,105317,6175,17123,20715,52758,50492,9045,86881,7329,9630,3482,4557,16435
CA,CA9,201903,ADV,112,75.33035714,0.535714286,1.042848214,"$1,658.77 ",$450.57 ,$353.83 ,$538.68 ,$315.69 ,$0.00 ,2,0,4,1,35,42,0,0,433212,3281.719108,141155,126052,10475,78816,46650,55515,114125,75432,301974,14534,6567,17221,5984,17741
CA,CA1,201904,ADV,49047,73.60346199,0.563989643,0.571912105,$791.40 ,$231.19 ,$136.33 ,$241.67 ,$182.21 ,$0.00 ,609,37,627,830,4050,10656,32,59,3302833,4208.762531,1204884,1118980,106962,286008,279602,439595,726344,216965,1787453,255366,42081,75015,61486,89451
CA,CA10,201904,ADV,62,80.56451613,0.629032258,1.164741936,"$1,704.87 ",$659.24 ,$196.42 ,$563.25 ,$285.96 ,$0.00 ,3,0,1,0,23,22,0,0,460477,4824.376542,147791,136106,18321,81345,44779,50391,143528,61208,326860,6561,10023,13317,8274,5426
CA,CA11,201904,ADV,17,76.35294118,0.470588235,1.080882353,"$1,449.68 ",$996.32 ,$45.23 ,$230.79 ,$177.34 ,$0.00 ,0,0,0,0,8,5,0,0,150075,1390.308446,45792,42735,4855,24270,10946,14567,40935,13829,101017,2919,1938,3483,2730,14912
CA,CA12,201904,ADV,186,76.05376344,0.559139785,1.21605914,"$2,075.01 ","$1,097.53 ",$113.25 ,$610.08 ,$254.15 ,$0.00 ,5,0,6,1,58,60,0,2,978130,5958.095977,328577,304624,41276,147389,92035,114438,279979,108140,686675,23756,12508,28262,25805,16750
CA,CA13,201904,ADV,123,77.90243902,0.414634146,1.29096748,"$1,946.39 ",$553.07 ,$786.12 ,$447.20 ,$160.00 ,$0.00 ,3,0,5,0,45,24,0,1,342954,21389.49918,163854,119622,10594,41422,24903,67475,74845,21273,143965,5802,14241,5844,5879,17935
CA,CA14,201904,ADV,2648,73.68391239,0.533610272,0.997786254,"$1,105.90 ",$312.54 ,$377.86 ,$218.77 ,$196.73 ,$0.00 ,18,2,70,13,428,296,2,7,2255381,3124.860076,789873,749021,60919,189668,113096,295103,502048,188257,1461149,154299,25948,59669,38303,48904
CA,CA15,201904,ADV,39,76.84615385,0.487179487,1.163846154,$726.45 ,$0.00 ,$203.12 ,$335.83 ,$187.50 ,$0.00 ,0,0,1,0,9,10,0,0,269075,1935.645521,84795,79606,14912,48433,23145,29320,80062,34066,193067,3236,5216,7611,5801,5926
CA,CA16,201904,ADV,2371,74.63053564,0.563475327,1.032698861,"$1,159.94 ",$320.65 ,$268.30 ,$326.41 ,$244.59 ,$0.00 ,26,3,54,28,491,487,3,3,4673221,2470.336258,1796567,1692047,128698,373438,232541,689629,936866,360315,2804353,396804,19220,110888,205390,80356
CA,CA17,201904,ADV,338,77.18934911,0.565088757,1.137952663,"$1,005.80 ",$155.78 ,$228.27 ,$311.04 ,$310.71 ,$0.00 ,1,0,14,0,100,87,1,2,539301,1496.015066,181213,172682,26130,73664,35012,67770,146907,48530,309505,12059,7723,11489,11100,5269
CA,CA18,201904,ADV,115,76.13913044,0.52173913,1.078034783,$957.31 ,$228.98 ,$109.73 ,$331.64 ,$286.96 ,$0.00 ,1,0,2,0,28,32,0,2,732212,1392.385418,241055,226727,28989,96905,53972,89461,201506,62038,494325,20238,8143,16525,14450,15994
CA,CA19,201904,ADV,368,77.18478261,0.589673913,1.115233696,"$1,486.14 ",$464.31 ,$340.16 ,$452.08 ,$229.59 ,$0.00 ,2,0,14,0,121,78,0,2,2291738,5095.099057,896341,819372,75758,168734,134416,335498,532415,114749,1083594,101802,25772,34828,51388,38576
CA,CA2,201904,ADV,29,72.68965517,0.482758621,0.633103448,$410.62 ,$0.00 ,$83.78 ,$188.08 ,$138.76 ,$0.00 ,0,0,1,0,4,8,0,0,180216,4176.578436,57468,44057,10782,33928,15883,22446,51676,34263,160443,3448,6076,4616,3242,9708
CA,CA20,201904,ADV,55,75.52727273,0.581818182,1.372654546,"$1,080.09 ",$135.36 ,$245.22 ,$496.58 ,$202.92 ,$0.00 ,0,0,2,0,16,18,0,1,438530,821.7515515,156896,149067,15346,36031,23696,64390,98813,20223,269660,13520,4468,7695,7541,10444
CA,CA21,201904,ADV,121,78.67768595,0.58677686,1.332024793,"$1,396.98 ",$149.37 ,$342.55 ,$549.07 ,$355.98 ,$0.00 ,2,0,2,5,36,42,0,1,641847,2324.181643,263188,238371,17271,57501,43401,116457,130712,38050,249451,23427,13544,12933,11677,12597
CA,CA22,201904,ADV,19,76.36842105,0.473684211,0.934210526,$353.89 ,$0.00 ,$123.95 ,$172.75 ,$57.19 ,$0.00 ,0,0,1,0,4,2,0,0,171365,1234.545845,62685,58539,6792,22175,14964,23303,45990,13426,84511,4555,4913,3992,3786,2411
CA,CA23,201904,ADV,60,76.16666667,0.433333333,0.979733333,"$2,154.37 ",$709.81 ,$450.19 ,$894.28 ,$100.08 ,$0.00 ,0,0,2,0,13,8,0,0,151906,9005.172163,84579,59685,4117,9269,9764,35175,25619,1701,28770,2723,7154,1011,2769,11716
CA,CA24,201904,ADV,72,76.94444444,0.472222222,1.118847222,$861.03 ,$0.00 ,$415.60 ,$198.18 ,$247.25 ,$0.00 ,0,0,1,2,24,9,0,1,428006,8864.022501,193696,163983,16804,39396,35478,79271,91192,17615,138500,10651,26639,6204,11021,9809
CA,CA25,201904,ADV,256,77.88671875,0.49609375,0.998941406,"$1,050.01 ",$285.32 ,$203.44 ,$397.50 ,$163.76 ,$0.00 ,2,0,6,2,72,48,0,1,470990,24672.40534,218386,187277,15591,36021,38019,90963,98766,8104,114440,8163,28551,6986,13481,12724
CA,CA3,201904,ADV,7281,75.47699492,0.588930092,0.578120039,$598.27 ,$102.83 ,$66.17 ,$155.66 ,$273.61 ,$0.00 ,17,1,75,30,627,874,1,8,4518699,27266.44488,1549773,1348982,180356,553160,432652,561952,1186660,340581,3038969,129608,113905,106066,62893,91930
CA,CA4,201904,ADV,9043,73.87515205,0.55025987,0.854125733,$965.72 ,$216.07 ,$150.68 ,$301.33 ,$297.64 ,$0.00 ,55,1,162,48,1536,1978,5,22,13262234,4850.972611,4615697,4338482,441609,1781058,1352330,1739765,2957709,1601964,9307146,1149887,86507,469799,343744,220875
CA,CA5,201904,ADV,328,76.48170732,0.536585366,1.170585366,"$1,315.88 ",$399.35 ,$148.72 ,$496.59 ,$271.22 ,$0.00 ,2,0,7,2,88,91,0,2,848112,1842.466511,287498,271226,25853,88185,78474,123435,199599,77382,459811,31090,10988,17892,11400,12601
CA,CA6,201904,ADV,105,79.57142857,0.6,1.417619048,"$1,875.61 ",$517.70 ,$383.48 ,$593.19 ,$381.24 ,$0.00 ,3,0,4,3,30,39,0,0,443738,2735.137621,156210,144962,13861,52042,46478,64775,99117,45552,244382,21169,6950,15410,8052,19863
CA,CA7,201904,ADV,2172,72.38213628,0.555248619,0.398782228,$334.83 ,$39.29 ,$29.11 ,$69.39 ,$197.05 ,$0.00 ,1,0,18,1,81,112,0,3,883053,8132.256436,295756,267913,39056,139584,77216,92005,257750,84735,576023,15490,21557,24792,18281,31126
CA,CA8,201904,ADV,104,77.47115385,0.576923077,0.917298077,$805.91 ,$0.00 ,$71.87 ,$288.94 ,$445.10 ,$0.00 ,0,0,3,1,17,29,0,1,281455,3300.636162,121095,105317,6175,17123,20715,52758,50492,9045,86881,7329,9630,3482,4557,16435
CA,CA9,201904,ADV,112,75.33035714,0.535714286,1.042848214,"$1,140.10 ",$94.27 ,$333.39 ,$403.48 ,$308.97 ,$0.00 ,1,0,2,1,24,40,0,0,433212,3281.719108,141155,126052,10475,78816,46650,55515,114125,75432,301974,14534,6567,17221,5984,17741
CA,CA1,201905,ADV,49051,73.68163748,0.564065972,0.571910297,$808.43 ,$237.06 ,$134.21 ,$248.28 ,$188.87 ,$0.00 ,652,31,712,787,3874,10761,44,61,3302833,4208.762531,1204884,1118980,106962,286008,279602,439595,726344,216965,1787453,255366,42081,75015,61486,89451
CA,CA10,201905,ADV,62,80.59677419,0.629032258,1.164741936,$517.16 ,$0.00 ,$117.59 ,$301.58 ,$97.98 ,$0.00 ,0,0,1,0,23,17,0,0,460477,4824.376542,147791,136106,18321,81345,44779,50391,143528,61208,326860,6561,10023,13317,8274,5426
CA,CA11,201905,ADV,17,76.35294118,0.470588235,1.080882353,$931.23 ,$315.01 ,$6.28 ,$287.33 ,$322.61 ,$0.00 ,0,0,0,0,5,8,0,0,150075,1390.308446,45792,42735,4855,24270,10946,14567,40935,13829,101017,2919,1938,3483,2730,14912
CA,CA12,201905,ADV,186,76.07526882,0.559139785,1.21605914,"$1,922.08 ",$788.00 ,$228.75 ,$540.46 ,$364.88 ,$0.00 ,5,0,2,1,56,59,0,2,978130,5958.095977,328577,304624,41276,147389,92035,114438,279979,108140,686675,23756,12508,28262,25805,16750
CA,CA13,201905,ADV,123,78,0.414634146,1.29096748,"$1,812.42 ",$913.67 ,$410.81 ,$331.48 ,$156.47 ,$0.00 ,2,0,7,0,34,14,0,0,342954,21389.49918,163854,119622,10594,41422,24903,67475,74845,21273,143965,5802,14241,5844,5879,17935
CA,CA14,201905,ADV,2648,73.75717523,0.533610272,0.997786254,"$1,082.25 ",$284.55 ,$354.13 ,$209.55 ,$234.01 ,$0.00 ,23,10,55,13,414,284,1,7,2255381,3124.860076,789873,749021,60919,189668,113096,295103,502048,188257,1461149,154299,25948,59669,38303,48904
CA,CA15,201905,ADV,39,76.92307692,0.487179487,1.163846154,"$1,573.85 ",$472.51 ,$198.96 ,$301.11 ,$601.28 ,$0.00 ,0,0,1,0,6,8,0,0,269075,1935.645521,84795,79606,14912,48433,23145,29320,80062,34066,193067,3236,5216,7611,5801,5926
CA,CA16,201905,ADV,2371,74.69295656,0.563475327,1.032698861,"$1,207.41 ",$407.34 ,$235.95 ,$345.99 ,$218.13 ,$0.00 ,19,4,69,16,484,456,1,3,4673221,2470.336258,1796567,1692047,128698,373438,232541,689629,936866,360315,2804353,396804,19220,110888,205390,80356
CA,CA17,201905,ADV,339,77.26843658,0.566371681,1.139764012,$860.41 ,$104.68 ,$213.35 ,$294.04 ,$248.34 ,$0.00 ,2,0,11,0,102,63,0,2,539301,1496.015066,181213,172682,26130,73664,35012,67770,146907,48530,309505,12059,7723,11489,11100,5269
CA,CA18,201905,ADV,115,76.19130435,0.52173913,1.078034783,"$1,118.86 ",$285.32 ,$119.27 ,$358.41 ,$355.85 ,$0.00 ,1,0,1,0,27,30,0,2,732212,1392.385418,241055,226727,28989,96905,53972,89461,201506,62038,494325,20238,8143,16525,14450,15994
CA,CA19,201905,ADV,368,77.22282609,0.589673913,1.115233696,"$1,147.48 ",$287.25 ,$150.37 ,$392.76 ,$317.10 ,$0.00 ,4,0,16,0,95,101,1,2,2291738,5095.099057,896341,819372,75758,168734,134416,335498,532415,114749,1083594,101802,25772,34828,51388,38576
CA,CA2,201905,ADV,29,72.72413793,0.482758621,0.633103448,$532.54 ,$0.00 ,$114.52 ,$293.20 ,$124.81 ,$0.00 ,0,0,2,0,6,7,0,0,180216,4176.578436,57468,44057,10782,33928,15883,22446,51676,34263,160443,3448,6076,4616,3242,9708
CA,CA20,201905,ADV,55,75.58181818,0.581818182,1.372654546,"$1,178.27 ",$485.39 ,$123.48 ,$379.69 ,$189.71 ,$0.00 ,0,0,2,0,26,18,0,1,438530,821.7515515,156896,149067,15346,36031,23696,64390,98813,20223,269660,13520,4468,7695,7541,10444
CA,CA21,201905,ADV,121,78.7107438,0.58677686,1.332024793,"$2,035.15 ",$616.61 ,$392.85 ,$701.22 ,$324.47 ,$0.00 ,1,0,5,3,35,27,0,1,641847,2324.181643,263188,238371,17271,57501,43401,116457,130712,38050,249451,23427,13544,12933,11677,12597
CA,CA22,201905,ADV,19,76.47368421,0.473684211,0.934210526,$244.33 ,$0.00 ,$8.05 ,$130.37 ,$105.90 ,$0.00 ,0,0,0,0,8,3,0,0,171365,1234.545845,62685,58539,6792,22175,14964,23303,45990,13426,84511,4555,4913,3992,3786,2411
CA,CA23,201905,ADV,60,76.23333333,0.433333333,0.979733333,$495.04 ,$0.00 ,$270.92 ,$197.84 ,$26.28 ,$0.00 ,0,0,1,0,18,6,0,0,151906,9005.172163,84579,59685,4117,9269,9764,35175,25619,1701,28770,2723,7154,1011,2769,11716
CA,CA24,201905,ADV,72,77.01388889,0.472222222,1.118847222,"$1,478.94 ",$493.91 ,$391.29 ,$348.25 ,$245.48 ,$0.00 ,-1,0,2,0,32,23,0,0,428006,8864.022501,193696,163983,16804,39396,35478,79271,91192,17615,138500,10651,26639,6204,11021,9809
CA,CA25,201905,ADV,256,77.921875,0.49609375,0.998941406,"$1,514.02 ",$534.60 ,$262.27 ,$441.11 ,$276.03 ,$0.00 ,4,0,7,2,70,55,0,1,470990,24672.40534,218386,187277,15591,36021,38019,90963,98766,8104,114440,8163,28551,6986,13481,12724
CA,CA3,201905,ADV,7281,75.51792336,0.588930092,0.578120039,$662.50 ,$111.50 ,$82.97 ,$151.25 ,$316.79 ,$0.00 ,31,0,66,23,565,790,1,7,4518699,27266.44488,1549773,1348982,180356,553160,432652,561952,1186660,340581,3038969,129608,113905,106066,62893,91930
CA,CA4,201905,ADV,9043,73.89240296,0.55025987,0.854125733,$945.52 ,$191.51 ,$149.78 ,$296.31 ,$307.92 ,$0.00 ,38,0,166,50,1581,1977,6,25,13262234,4850.972611,4615697,4338482,441609,1781058,1352330,1739765,2957709,1601964,9307146,1149887,86507,469799,343744,220875
CA,CA5,201905,ADV,328,76.5152439,0.536585366,1.170585366,"$1,165.71 ",$122.98 ,$194.79 ,$478.89 ,$369.05 ,$0.00 ,1,0,9,2,68,100,0,2,848112,1842.466511,287498,271226,25853,88185,78474,123435,199599,77382,459811,31090,10988,17892,11400,12601
CA,CA6,201905,ADV,105,79.62857143,0.6,1.417619048,"$1,536.17 ",$192.63 ,$242.22 ,$446.76 ,$654.57 ,$0.00 ,0,0,1,2,30,43,0,0,443738,2735.137621,156210,144962,13861,52042,46478,64775,99117,45552,244382,21169,6950,15410,8052,19863
CA,CA7,201905,ADV,2171,72.4090281,0.555043759,0.398158913,$343.16 ,$49.25 ,$33.45 ,$88.67 ,$171.79 ,$0.00 ,3,0,9,1,92,108,0,3,883053,8132.256436,295756,267913,39056,139584,77216,92005,257750,84735,576023,15490,21557,24792,18281,31126
CA,CA8,201905,ADV,104,77.5,0.576923077,0.917298077,$755.07 ,$0.00 ,$141.20 ,$267.63 ,$346.24 ,$0.00 ,0,0,2,1,23,37,0,1,281455,3300.636162,121095,105317,6175,17123,20715,52758,50492,9045,86881,7329,9630,3482,4557,16435
CA,CA9,201905,ADV,112,75.34821429,0.535714286,1.042848214,"$1,914.43 ",$791.67 ,$273.36 ,$393.83 ,$455.56 ,$0.00 ,1,0,5,1,29,35,0,0,433212,3281.719108,141155,126052,10475,78816,46650,55515,114125,75432,301974,14534,6567,17221,5984,17741
CA,CA1,201906,ADV,49046,73.7511112,0.564123476,0.571924622,$785.19 ,$238.81 ,$126.40 ,$231.75 ,$188.22 ,$0.00 ,619,37,687,837,3601,10010,27,54,3302833,4208.762531,1204884,1118980,106962,286008,279602,439595,726344,216965,1787453,255366,42081,75015,61486,89451
CA,CA10,201906,ADV,62,80.59677419,0.629032258,1.164741936,$833.19 ,$127.55 ,$99.54 ,$499.81 ,$106.28 ,$0.00 ,1,0,2,0,16,17,0,0,460477,4824.376542,147791,136106,18321,81345,44779,50391,143528,61208,326860,6561,10023,13317,8274,5426
CA,CA11,201906,ADV,17,76.35294118,0.470588235,1.080882353,$446.04 ,$0.00 ,$19.23 ,$221.09 ,$205.72 ,$0.00 ,0,0,0,0,7,6,0,0,150075,1390.308446,45792,42735,4855,24270,10946,14567,40935,13829,101017,2919,1938,3483,2730,14912
CA,CA12,201906,ADV,186,76.11290323,0.559139785,1.21605914,"$1,300.59 ",$207.06 ,$413.82 ,$409.70 ,$270.01 ,$0.00 ,4,0,5,1,58,53,0,2,978130,5958.095977,328577,304624,41276,147389,92035,114438,279979,108140,686675,23756,12508,28262,25805,16750
CA,CA13,201906,ADV,123,78.08943089,0.414634146,1.29096748,$791.66 ,$111.62 ,$362.36 ,$236.13 ,$81.54 ,$0.00 ,1,0,4,0,37,18,1,1,342954,21389.49918,163854,119622,10594,41422,24903,67475,74845,21273,143965,5802,14241,5844,5879,17935
CA,CA14,201906,ADV,2648,73.83194864,0.533610272,0.997786254,"$1,019.39 ",$322.43 ,$334.05 ,$199.73 ,$163.17 ,$0.00 ,26,7,64,12,413,271,5,7,2255381,3124.860076,789873,749021,60919,189668,113096,295103,502048,188257,1461149,154299,25948,59669,38303,48904
CA,CA15,201906,ADV,39,76.97435897,0.487179487,1.163846154,$738.70 ,$0.00 ,$114.34 ,$463.34 ,$161.03 ,$0.00 ,0,0,0,0,7,13,0,0,269075,1935.645521,84795,79606,14912,48433,23145,29320,80062,34066,193067,3236,5216,7611,5801,5926
CA,CA16,201906,ADV,2371,74.75158161,0.563475327,1.032698861,$898.57 ,$144.03 ,$226.92 ,$290.82 ,$236.79 ,$0.00 ,17,2,50,12,427,404,1,3,4673221,2470.336258,1796567,1692047,128698,373438,232541,689629,936866,360315,2804353,396804,19220,110888,205390,80356
CA,CA17,201906,ADV,339,77.31858407,0.566371681,1.139764012,$948.87 ,$292.45 ,$179.83 ,$265.53 ,$211.08 ,$0.00 ,4,0,9,0,84,65,0,2,539301,1496.015066,181213,172682,26130,73664,35012,67770,146907,48530,309505,12059,7723,11489,11100,5269
CA,CA18,201906,ADV,115,76.24347826,0.52173913,1.078034783,"$1,334.84 ",$350.34 ,$371.19 ,$369.62 ,$243.69 ,$0.00 ,0,0,3,0,31,24,0,2,732212,1392.385418,241055,226727,28989,96905,53972,89461,201506,62038,494325,20238,8143,16525,14450,15994
CA,CA19,201906,ADV,368,77.25271739,0.589673913,1.115233696,"$1,117.73 ",$253.28 ,$176.56 ,$503.65 ,$184.24 ,$0.00 ,1,0,9,7,95,88,0,2,2291738,5095.099057,896341,819372,75758,168734,134416,335498,532415,114749,1083594,101802,25772,34828,51388,38576
CA,CA2,201906,ADV,29,72.79310345,0.482758621,0.633103448,$726.32 ,$0.00 ,$477.72 ,$195.92 ,$52.67 ,$0.00 ,0,0,1,0,3,5,0,0,180216,4176.578436,57468,44057,10782,33928,15883,22446,51676,34263,160443,3448,6076,4616,3242,9708
CA,CA20,201906,ADV,55,75.61818182,0.581818182,1.372654546,"$2,563.65 ","$1,349.54 ",$356.32 ,$752.32 ,$105.48 ,$0.00 ,1,0,2,0,18,9,0,1,438530,821.7515515,156896,149067,15346,36031,23696,64390,98813,20223,269660,13520,4468,7695,7541,10444
CA,CA21,201906,ADV,121,78.72727273,0.58677686,1.332024793,$949.22 ,$101.32 ,$102.97 ,$337.95 ,$406.96 ,$0.00 ,1,0,2,3,35,36,0,1,641847,2324.181643,263188,238371,17271,57501,43401,116457,130712,38050,249451,23427,13544,12933,11677,12597
CA,CA22,201906,ADV,19,76.52631579,0.473684211,0.934210526,$622.55 ,$0.00 ,$50.88 ,$343.43 ,$228.25 ,$0.00 ,0,0,2,0,4,3,0,0,171365,1234.545845,62685,58539,6792,22175,14964,23303,45990,13426,84511,4555,4913,3992,3786,2411
CA,CA23,201906,ADV,60,76.36666667,0.433333333,0.979733333,$672.34 ,$0.00 ,$312.55 ,$282.36 ,$77.44 ,$0.00 ,0,0,3,0,16,12,0,0,151906,9005.172163,84579,59685,4117,9269,9764,35175,25619,1701,28770,2723,7154,1011,2769,11716
CA,CA24,201906,ADV,72,77.08333333,0.472222222,1.118847222,$853.38 ,$101.56 ,$288.33 ,$221.05 ,$242.43 ,$0.00 ,0,0,3,0,23,14,0,1,428006,8864.022501,193696,163983,16804,39396,35478,79271,91192,17615,138500,10651,26639,6204,11021,9809
CA,CA25,201906,ADV,256,77.9453125,0.49609375,0.998941406,"$1,238.00 ",$532.96 ,$169.51 ,$380.91 ,$154.63 ,$0.00 ,5,0,11,2,55,46,0,1,470990,24672.40534,218386,187277,15591,36021,38019,90963,98766,8104,114440,8163,28551,6986,13481,12724
CA,CA3,201906,ADV,7281,75.55981321,0.588930092,0.578120039,$583.97 ,$79.96 ,$81.36 ,$135.55 ,$287.09 ,$0.00 ,15,0,69,34,546,737,1,8,4518699,27266.44488,1549773,1348982,180356,553160,432652,561952,1186660,340581,3038969,129608,113905,106066,62893,91930
CA,CA4,201906,ADV,9043,73.90987504,0.55025987,0.854125733,$882.04 ,$185.46 ,$118.20 ,$285.73 ,$292.64 ,$0.00 ,36,1,165,52,1444,1888,8,22,13262234,4850.972611,4615697,4338482,441609,1781058,1352330,1739765,2957709,1601964,9307146,1149887,86507,469799,343744,220875
CA,CA5,201906,ADV,328,76.56707317,0.536585366,1.170585366,"$1,030.20 ",$159.77 ,$162.92 ,$422.20 ,$285.31 ,$0.00 ,2,0,6,1,85,88,0,2,848112,1842.466511,287498,271226,25853,88185,78474,123435,199599,77382,459811,31090,10988,17892,11400,12601
CA,CA6,201906,ADV,105,79.66666667,0.6,1.417619048,"$1,260.99 ",$62.32 ,$324.44 ,$411.39 ,$462.85 ,$0.00 ,0,0,1,2,27,41,0,0,443738,2735.137621,156210,144962,13861,52042,46478,64775,99117,45552,244382,21169,6950,15410,8052,19863
CA,CA7,201906,ADV,2171,72.44357439,0.555043759,0.398158913,$468.94 ,$166.93 ,$27.35 ,$93.60 ,$181.07 ,$0.00 ,6,0,19,3,80,130,0,3,883053,8132.256436,295756,267913,39056,139584,77216,92005,257750,84735,576023,15490,21557,24792,18281,31126
CA,CA8,201906,ADV,104,77.54807692,0.576923077,0.917298077,$640.70 ,$150.70 ,$34.27 ,$253.48 ,$202.24 ,$0.00 ,1,0,0,1,20,32,0,1,281455,3300.636162,121095,105317,6175,17123,20715,52758,50492,9045,86881,7329,9630,3482,4557,16435
CA,CA9,201906,ADV,112,75.375,0.535714286,1.042848214,$853.89 ,$0.00 ,$154.50 ,$460.11 ,$239.28 ,$0.00 ,0,0,3,0,29,33,0,0,433212,3281.719108,141155,126052,10475,78816,46650,55515,114125,75432,301974,14534,6567,17221,5984,17741
CA,CA1,201907,ADV,49060,73.87874032,0.564084794,0.571937199,$811.48 ,$225.41 ,$133.02 ,$241.45 ,$211.60 ,$0.00 ,595,24,718,839,3851,10597,31,60,3302833,4208.762531,1204884,1118980,106962,286008,279602,439595,726344,216965,1787453,255366,42081,75015,61486,89451
CA,CA10,201907,ADV,62,81,0.629032258,1.164741936,"$1,198.53 ",$528.33 ,$112.58 ,$262.04 ,$295.58 ,$0.00 ,2,0,1,0,20,13,0,0,460477,4824.376542,147791,136106,18321,81345,44779,50391,143528,61208,326860,6561,10023,13317,8274,5426
CA,CA11,201907,ADV,17,76.47058824,0.470588235,1.080882353,$372.80 ,$0.00 ,$58.74 ,$185.14 ,$128.91 ,$0.00 ,0,0,1,0,4,6,0,0,150075,1390.308446,45792,42735,4855,24270,10946,14567,40935,13829,101017,2919,1938,3483,2730,14912
CA,CA12,201907,ADV,186,76.67741936,0.559139785,1.21605914,"$1,196.76 ",$381.67 ,$140.33 ,$391.95 ,$282.80 ,$0.00 ,0,0,5,4,59,53,0,2,978130,5958.095977,328577,304624,41276,147389,92035,114438,279979,108140,686675,23756,12508,28262,25805,16750
CA,CA13,201907,ADV,123,78.18699187,0.414634146,1.29096748,"$1,721.24 ",$687.88 ,$559.15 ,$357.60 ,$116.62 ,$0.00 ,4,0,6,0,30,19,0,1,342954,21389.49918,163854,119622,10594,41422,24903,67475,74845,21273,143965,5802,14241,5844,5879,17935
CA,CA14,201907,ADV,2648,73.93617825,0.533610272,0.997786254,"$1,086.53 ",$236.04 ,$383.65 ,$256.63 ,$210.20 ,$0.00 ,25,4,58,24,401,311,2,7,2255381,3124.860076,789873,749021,60919,189668,113096,295103,502048,188257,1461149,154299,25948,59669,38303,48904
CA,CA15,201907,ADV,39,77.15384615,0.487179487,1.163846154,"$1,563.91 ",$674.87 ,$206.17 ,$368.70 ,$314.17 ,$0.00 ,2,0,2,0,10,12,0,0,269075,1935.645521,84795,79606,14912,48433,23145,29320,80062,34066,193067,3236,5216,7611,5801,5926
CA,CA16,201907,ADV,2371,74.98945593,0.563475327,1.032698861,"$1,147.41 ",$396.21 ,$244.84 ,$300.77 ,$205.58 ,$0.00 ,28,3,58,19,438,456,1,3,4673221,2470.336258,1796567,1692047,128698,373438,232541,689629,936866,360315,2804353,396804,19220,110888,205390,80356
CA,CA17,201907,ADV,339,77.53982301,0.566371681,1.139764012,$940.30 ,$194.27 ,$194.30 ,$340.09 ,$211.63 ,$0.00 ,4,0,12,3,92,76,0,1,539301,1496.015066,181213,172682,26130,73664,35012,67770,146907,48530,309505,12059,7723,11489,11100,5269
CA,CA18,201907,ADV,115,76.54782609,0.52173913,1.078034783,"$1,429.14 ",$209.06 ,$381.63 ,$529.00 ,$309.45 ,$0.00 ,1,0,3,3,32,27,0,2,732212,1392.385418,241055,226727,28989,96905,53972,89461,201506,62038,494325,20238,8143,16525,14450,15994
CA,CA19,201907,ADV,368,77.68206522,0.589673913,1.115233696,"$1,255.20 ",$419.67 ,$169.73 ,$422.09 ,$243.71 ,$0.00 ,2,0,9,1,107,85,0,2,2291738,5095.099057,896341,819372,75758,168734,134416,335498,532415,114749,1083594,101802,25772,34828,51388,38576
CA,CA2,201907,ADV,29,73.10344828,0.482758621,0.633103448,$384.68 ,$0.00 ,$65.01 ,$169.02 ,$150.66 ,$0.00 ,0,0,0,1,3,5,0,0,180216,4176.578436,57468,44057,10782,33928,15883,22446,51676,34263,160443,3448,6076,4616,3242,9708
CA,CA20,201907,ADV,55,76.05454546,0.581818182,1.372654546,"$1,228.48 ",$611.74 ,$80.14 ,$368.22 ,$168.37 ,$0.00 ,1,0,2,1,19,13,0,1,438530,821.7515515,156896,149067,15346,36031,23696,64390,98813,20223,269660,13520,4468,7695,7541,10444
CA,CA21,201907,ADV,121,79.19834711,0.58677686,1.332024793,"$1,241.08 ",$134.01 ,$243.65 ,$507.29 ,$356.13 ,$0.00 ,1,0,6,4,34,32,0,1,641847,2324.181643,263188,238371,17271,57501,43401,116457,130712,38050,249451,23427,13544,12933,11677,12597
CA,CA22,201907,ADV,19,76.84210526,0.473684211,0.934210526,$395.44 ,$0.00 ,$73.14 ,$203.64 ,$118.66 ,$0.00 ,0,0,1,0,2,5,0,0,171365,1234.545845,62685,58539,6792,22175,14964,23303,45990,13426,84511,4555,4913,3992,3786,2411
CA,CA23,201907,ADV,60,76.45,0.433333333,0.979733333,$613.17 ,$97.19 ,$237.56 ,$198.46 ,$79.96 ,$0.00 ,1,0,3,1,11,9,1,0,151906,9005.172163,84579,59685,4117,9269,9764,35175,25619,1701,28770,2723,7154,1011,2769,11716
CA,CA24,201907,ADV,72,77.33333333,0.472222222,1.118847222,"$1,056.85 ",$376.09 ,$137.96 ,$360.73 ,$182.07 ,$0.00 ,1,0,1,0,23,15,0,1,428006,8864.022501,193696,163983,16804,39396,35478,79271,91192,17615,138500,10651,26639,6204,11021,9809
CA,CA25,201907,ADV,256,78.4140625,0.49609375,0.998941406,$830.03 ,$97.29 ,$243.69 ,$258.64 ,$230.42 ,$0.00 ,1,0,5,2,68,47,0,2,470990,24672.40534,218386,187277,15591,36021,38019,90963,98766,8104,114440,8163,28551,6986,13481,12724
CA,CA3,201907,ADV,7281,76.01373438,0.588930092,0.578120039,$613.94 ,$78.74 ,$70.37 ,$134.95 ,$329.88 ,$0.00 ,15,0,78,28,548,781,3,6,4518699,27266.44488,1549773,1348982,180356,553160,432652,561952,1186660,340581,3038969,129608,113905,106066,62893,91930
CA,CA4,201907,ADV,9043,74.63065354,0.55025987,0.854125733,$893.04 ,$152.54 ,$134.12 ,$292.13 ,$314.25 ,$0.00 ,42,0,143,44,1571,1975,8,23,13262234,4850.972611,4615697,4338482,441609,1781058,1352330,1739765,2957709,1601964,9307146,1149887,86507,469799,343744,220875
CA,CA5,201907,ADV,328,77.11585366,0.536585366,1.170585366,"$1,062.23 ",$166.30 ,$144.71 ,$406.45 ,$344.76 ,$0.00 ,1,0,10,2,81,101,0,2,848112,1842.466511,287498,271226,25853,88185,78474,123435,199599,77382,459811,31090,10988,17892,11400,12601
CA,CA6,201907,ADV,105,80.13333333,0.6,1.417619048,"$2,210.23 ",$841.79 ,$300.79 ,$626.75 ,$440.91 ,$0.00 ,0,0,7,2,23,36,0,0,443738,2735.137621,156210,144962,13861,52042,46478,64775,99117,45552,244382,21169,6950,15410,8052,19863
CA,CA7,201907,ADV,2171,73.0534316,0.555043759,0.398158913,$332.96 ,$42.52 ,$29.32 ,$74.19 ,$186.92 ,$0.00 ,3,0,14,1,85,102,0,3,883053,8132.256436,295756,267913,39056,139584,77216,92005,257750,84735,576023,15490,21557,24792,18281,31126
CA,CA8,201907,ADV,104,78.13461539,0.576923077,0.917298077,$874.81 ,$0.00 ,$169.60 ,$347.90 ,$357.31 ,$0.00 ,0,0,4,1,22,34,0,1,281455,3300.636162,121095,105317,6175,17123,20715,52758,50492,9045,86881,7329,9630,3482,4557,16435
CA,CA9,201907,ADV,112,76.04464286,0.535714286,1.042848214,$780.90 ,$0.00 ,$186.97 ,$286.30 ,$307.62 ,$0.00 ,0,0,5,0,24,31,0,0,433212,3281.719108,141155,126052,10475,78816,46650,55515,114125,75432,301974,14534,6567,17221,5984,17741
CA,CA1,201908,ADV,49057,73.95225962,0.564058137,0.57185629,$827.51 ,$232.39 ,$138.15 ,$245.29 ,$211.68 ,$0.00 ,642,29,718,821,3794,10625,26,65,3302833,4208.762531,1204884,1118980,106962,286008,279602,439595,726344,216965,1787453,255366,42081,75015,61486,89451
CA,CA10,201908,ADV,62,81.03225807,0.629032258,1.164741936,$665.87 ,$0.00 ,$63.29 ,$419.87 ,$182.70 ,$0.00 ,0,0,1,0,24,11,0,0,460477,4824.376542,147791,136106,18321,81345,44779,50391,143528,61208,326860,6561,10023,13317,8274,5426
CA,CA11,201908,ADV,17,76.58823529,0.470588235,1.080882353,$414.76 ,$0.00 ,$24.69 ,$225.02 ,$165.05 ,$0.00 ,0,0,0,0,4,7,0,0,150075,1390.308446,45792,42735,4855,24270,10946,14567,40935,13829,101017,2919,1938,3483,2730,14912
CA,CA12,201908,ADV,186,76.70967742,0.559139785,1.21605914,$968.38 ,$186.70 ,$134.23 ,$362.56 ,$284.90 ,$0.00 ,2,0,5,5,57,49,0,2,978130,5958.095977,328577,304624,41276,147389,92035,114438,279979,108140,686675,23756,12508,28262,25805,16750
CA,CA13,201908,ADV,123,78.28455285,0.414634146,1.29096748,"$1,090.54 ",$184.44 ,$536.24 ,$277.63 ,$92.22 ,$0.00 ,1,0,5,1,32,34,0,1,342954,21389.49918,163854,119622,10594,41422,24903,67475,74845,21273,143965,5802,14241,5844,5879,17935
CA,CA14,201908,ADV,2648,74.01019638,0.533610272,0.997786254,"$1,153.63 ",$312.94 ,$358.29 ,$246.58 ,$235.81 ,$0.00 ,22,6,62,12,405,301,4,5,2255381,3124.860076,789873,749021,60919,189668,113096,295103,502048,188257,1461149,154299,25948,59669,38303,48904
CA,CA15,201908,ADV,39,77.25641026,0.487179487,1.163846154,"$1,298.95 ",$0.00 ,$560.90 ,$355.25 ,$382.80 ,$0.00 ,0,0,0,0,9,9,0,0,269075,1935.645521,84795,79606,14912,48433,23145,29320,80062,34066,193067,3236,5216,7611,5801,5926
CA,CA16,201908,ADV,2371,75.04175453,0.563475327,1.032698861,"$1,082.21 ",$271.84 ,$263.96 ,$342.10 ,$204.30 ,$0.00 ,22,2,61,21,450,440,2,3,4673221,2470.336258,1796567,1692047,128698,373438,232541,689629,936866,360315,2804353,396804,19220,110888,205390,80356
CA,CA17,201908,ADV,338,77.59763314,0.568047337,1.14064497,$938.01 ,$304.21 ,$128.87 ,$286.76 ,$218.16 ,$0.00 ,4,0,12,2,92,71,0,2,539301,1496.015066,181213,172682,26130,73664,35012,67770,146907,48530,309505,12059,7723,11489,11100,5269
CA,CA18,201908,ADV,115,76.60869565,0.52173913,1.078034783,"$1,275.68 ",$163.27 ,$325.66 ,$508.31 ,$278.44 ,$0.00 ,1,1,2,0,34,25,0,2,732212,1392.385418,241055,226727,28989,96905,53972,89461,201506,62038,494325,20238,8143,16525,14450,15994
CA,CA19,201908,ADV,368,77.7173913,0.589673913,1.115233696,"$1,240.48 ",$424.93 ,$183.03 ,$336.00 ,$296.52 ,$0.00 ,1,0,11,2,100,79,0,2,2291738,5095.099057,896341,819372,75758,168734,134416,335498,532415,114749,1083594,101802,25772,34828,51388,38576
CA,CA2,201908,ADV,29,73.24137931,0.482758621,0.633103448,$865.31 ,$541.05 ,$24.35 ,$203.10 ,$96.80 ,$0.00 ,0,0,0,0,6,3,0,0,180216,4176.578436,57468,44057,10782,33928,15883,22446,51676,34263,160443,3448,6076,4616,3242,9708
CA,CA20,201908,ADV,55,76.10909091,0.581818182,1.372654546,"$2,683.85 ","$1,906.48 ",$65.35 ,$472.62 ,$239.40 ,$0.00 ,1,0,2,1,19,9,0,1,438530,821.7515515,156896,149067,15346,36031,23696,64390,98813,20223,269660,13520,4468,7695,7541,10444
CA,CA21,201908,ADV,121,79.24793388,0.58677686,1.332024793,"$2,014.93 ",$172.88 ,$912.18 ,$564.68 ,$365.19 ,$0.00 ,2,0,9,4,41,36,0,1,641847,2324.181643,263188,238371,17271,57501,43401,116457,130712,38050,249451,23427,13544,12933,11677,12597
CA,CA22,201908,ADV,19,76.89473684,0.473684211,0.934210526,$324.86 ,$0.00 ,$59.10 ,$213.08 ,$52.68 ,$0.00 ,0,0,0,0,4,3,0,0,171365,1234.545845,62685,58539,6792,22175,14964,23303,45990,13426,84511,4555,4913,3992,3786,2411
CA,CA23,201908,ADV,60,76.51666667,0.433333333,0.979733333,$643.12 ,$297.64 ,$56.86 ,$267.82 ,$20.79 ,$0.00 ,1,0,3,0,8,14,1,0,151906,9005.172163,84579,59685,4117,9269,9764,35175,25619,1701,28770,2723,7154,1011,2769,11716
CA,CA24,201908,ADV,72,77.375,0.472222222,1.118847222,"$1,276.05 ",$397.74 ,$176.35 ,$496.12 ,$205.84 ,$0.00 ,0,0,4,2,25,19,0,1,428006,8864.022501,193696,163983,16804,39396,35478,79271,91192,17615,138500,10651,26639,6204,11021,9809
CA,CA25,201908,ADV,256,78.44921875,0.49609375,0.998941406,"$1,175.92 ",$538.40 ,$168.32 ,$303.03 ,$166.16 ,$0.00 ,3,0,4,2,65,50,0,1,470990,24672.40534,218386,187277,15591,36021,38019,90963,98766,8104,114440,8163,28551,6986,13481,12724
CA,CA3,201908,ADV,7281,76.05507485,0.588930092,0.578120039,$595.58 ,$75.27 ,$76.53 ,$135.76 ,$308.02 ,$0.00 ,16,2,72,21,517,705,3,7,4518699,27266.44488,1549773,1348982,180356,553160,432652,561952,1186660,340581,3038969,129608,113905,106066,62893,91930
CA,CA4,201908,ADV,9043,74.64845737,0.55025987,0.854125733,$960.40 ,$187.58 ,$138.26 ,$301.32 ,$333.24 ,$0.00 ,45,1,158,52,1518,1915,8,23,13262234,4850.972611,4615697,4338482,441609,1781058,1352330,1739765,2957709,1601964,9307146,1149887,86507,469799,343744,220875
CA,CA5,201908,ADV,328,77.13414634,0.536585366,1.170585366,"$1,013.67 ",$88.08 ,$204.59 ,$418.30 ,$302.70 ,$0.00 ,1,0,6,3,70,93,0,1,848112,1842.466511,287498,271226,25853,88185,78474,123435,199599,77382,459811,31090,10988,17892,11400,12601
CA,CA6,201908,ADV,105,80.15238095,0.6,1.417619048,"$1,617.84 ",$130.83 ,$332.15 ,$539.33 ,$615.52 ,$0.00 ,2,0,7,2,28,32,0,0,443738,2735.137621,156210,144962,13861,52042,46478,64775,99117,45552,244382,21169,6950,15410,8052,19863
CA,CA7,201908,ADV,2171,73.08106863,0.555043759,0.398158913,$299.52 ,$7.81 ,$33.47 ,$80.96 ,$177.28 ,$0.00 ,0,0,13,1,86,118,0,3,883053,8132.256436,295756,267913,39056,139584,77216,92005,257750,84735,576023,15490,21557,24792,18281,31126
CA,CA8,201908,ADV,104,78.14423077,0.576923077,0.917298077,$714.70 ,$0.00 ,$82.75 ,$289.38 ,$342.57 ,$0.00 ,0,0,1,3,24,32,0,1,281455,3300.636162,121095,105317,6175,17123,20715,52758,50492,9045,86881,7329,9630,3482,4557,16435
CA,CA9,201908,ADV,112,76.05357143,0.535714286,1.042848214,"$1,987.98 ",$859.73 ,$291.65 ,$408.84 ,$427.76 ,$0.00 ,0,0,6,0,29,33,0,0,433212,3281.719108,141155,126052,10475,78816,46650,55515,114125,75432,301974,14534,6567,17221,5984,17741
CA,CA1,201909,ADV,49058,74.02611195,0.564026255,0.571815178,$764.60 ,$236.28 ,$129.65 ,$233.69 ,$164.99 ,$0.00 ,611,37,693,801,3611,10191,28,60,3302833,4208.762531,1204884,1118980,106962,286008,279602,439595,726344,216965,1787453,255366,42081,75015,61486,89451
CA,CA10,201909,ADV,62,81.08064516,0.629032258,1.164741936,$758.52 ,$0.00 ,$263.18 ,$203.85 ,$291.50 ,$0.00 ,0,0,1,0,27,12,0,0,460477,4824.376542,147791,136106,18321,81345,44779,50391,143528,61208,326860,6561,10023,13317,8274,5426
CA,CA11,201909,ADV,17,76.58823529,0.470588235,1.080882353,"$1,337.05 ",$451.63 ,$46.77 ,$501.93 ,$336.72 ,$0.00 ,1,0,1,0,8,6,0,0,150075,1390.308446,45792,42735,4855,24270,10946,14567,40935,13829,101017,2919,1938,3483,2730,14912
CA,CA12,201909,ADV,186,76.75806452,0.559139785,1.21605914,"$1,154.95 ",$347.51 ,$184.26 ,$380.00 ,$243.19 ,$0.00 ,0,0,6,1,48,61,0,2,978130,5958.095977,328577,304624,41276,147389,92035,114438,279979,108140,686675,23756,12508,28262,25805,16750
CA,CA13,201909,ADV,123,78.33333333,0.414634146,1.29096748,"$2,538.50 ",$745.91 ,"$1,243.52 ",$461.76 ,$87.31 ,$0.00 ,2,0,6,0,28,26,0,1,342954,21389.49918,163854,119622,10594,41422,24903,67475,74845,21273,143965,5802,14241,5844,5879,17935
CA,CA14,201909,ADV,2647,74.08273517,0.533434076,0.997445788,"$1,101.48 ",$290.35 ,$336.48 ,$229.64 ,$245.02 ,$0.00 ,31,2,61,11,401,293,3,5,2255381,3124.860076,789873,749021,60919,189668,113096,295103,502048,188257,1461149,154299,25948,59669,38303,48904
CA,CA15,201909,ADV,39,77.38461539,0.487179487,1.163846154,"$1,741.91 ",$796.84 ,$241.91 ,$332.67 ,$370.49 ,$0.00 ,2,0,3,0,10,10,0,0,269075,1935.645521,84795,79606,14912,48433,23145,29320,80062,34066,193067,3236,5216,7611,5801,5926
CA,CA16,201909,ADV,2371,75.10923661,0.563475327,1.032698861,"$1,214.51 ",$381.88 ,$290.48 ,$316.80 ,$225.35 ,$0.00 ,29,3,50,22,450,437,2,3,4673221,2470.336258,1796567,1692047,128698,373438,232541,689629,936866,360315,2804353,396804,19220,110888,205390,80356
CA,CA17,201909,ADV,339,77.66076696,0.566371681,1.139764012,"$1,098.81 ",$282.26 ,$177.28 ,$421.48 ,$217.79 ,$0.00 ,3,0,12,1,96,70,0,2,539301,1496.015066,181213,172682,26130,73664,35012,67770,146907,48530,309505,12059,7723,11489,11100,5269
CA,CA18,201909,ADV,115,76.67826087,0.52173913,1.078034783,$772.76 ,$69.63 ,$73.35 ,$353.76 ,$276.01 ,$0.00 ,1,0,1,0,30,23,0,2,732212,1392.385418,241055,226727,28989,96905,53972,89461,201506,62038,494325,20238,8143,16525,14450,15994
CA,CA19,201909,ADV,368,77.76086957,0.589673913,1.115233696,"$1,161.04 ",$248.41 ,$364.41 ,$373.83 ,$174.40 ,$0.00 ,5,0,12,3,96,93,0,2,2291738,5095.099057,896341,819372,75758,168734,134416,335498,532415,114749,1083594,101802,25772,34828,51388,38576
CA,CA2,201909,ADV,29,73.27586207,0.482758621,0.633103448,$257.06 ,$0.00 ,$17.14 ,$132.43 ,$107.49 ,$0.00 ,0,0,0,0,5,4,0,0,180216,4176.578436,57468,44057,10782,33928,15883,22446,51676,34263,160443,3448,6076,4616,3242,9708
CA,CA20,201909,ADV,55,76.10909091,0.581818182,1.372654546,"$1,978.51 ",$998.60 ,$126.36 ,$662.02 ,$191.53 ,$0.00 ,1,0,4,0,18,13,0,1,438530,821.7515515,156896,149067,15346,36031,23696,64390,98813,20223,269660,13520,4468,7695,7541,10444
CA,CA21,201909,ADV,121,79.27272727,0.58677686,1.332024793,"$1,450.77 ",$365.91 ,$275.60 ,$558.80 ,$250.46 ,$0.00 ,3,0,1,2,30,38,0,1,641847,2324.181643,263188,238371,17271,57501,43401,116457,130712,38050,249451,23427,13544,12933,11677,12597
CA,CA22,201909,ADV,19,76.89473684,0.473684211,0.934210526,$670.05 ,$0.00 ,$153.15 ,$235.20 ,$281.70 ,$0.00 ,0,0,1,0,4,1,0,0,171365,1234.545845,62685,58539,6792,22175,14964,23303,45990,13426,84511,4555,4913,3992,3786,2411
CA,CA23,201909,ADV,60,76.56666667,0.433333333,0.979733333,$489.81 ,$134.40 ,$96.67 ,$217.50 ,$41.25 ,$0.00 ,0,0,0,0,8,12,0,0,151906,9005.172163,84579,59685,4117,9269,9764,35175,25619,1701,28770,2723,7154,1011,2769,11716
CA,CA24,201909,ADV,72,77.41666667,0.472222222,1.118847222,$986.88 ,$220.92 ,$199.47 ,$374.29 ,$192.20 ,$0.00 ,1,0,3,1,29,18,1,1,428006,8864.022501,193696,163983,16804,39396,35478,79271,91192,17615,138500,10651,26639,6204,11021,9809
CA,CA25,201909,ADV,256,78.4765625,0.49609375,0.998941406,$678.21 ,$150.07 ,$117.87 ,$255.48 ,$154.78 ,$0.00 ,2,0,7,1,65,51,0,1,470990,24672.40534,218386,187277,15591,36021,38019,90963,98766,8104,114440,8163,28551,6986,13481,12724
CA,CA3,201909,ADV,7281,76.09723939,0.588930092,0.578120039,$640.25 ,$103.95 ,$79.42 ,$151.03 ,$305.86 ,$0.00 ,26,1,77,34,533,729,2,5,4518699,27266.44488,1549773,1348982,180356,553160,432652,561952,1186660,340581,3038969,129608,113905,106066,62893,91930
CA,CA4,201909,ADV,9043,74.6694681,0.55025987,0.854125733,$908.49 ,$188.60 ,$113.22 ,$301.19 ,$305.48 ,$0.00 ,44,1,164,42,1476,1849,6,24,13262234,4850.972611,4615697,4338482,441609,1781058,1352330,1739765,2957709,1601964,9307146,1149887,86507,469799,343744,220875
CA,CA5,201909,ADV,328,77.17378049,0.536585366,1.170585366,"$1,308.91 ",$316.08 ,$234.89 ,$503.63 ,$254.31 ,$0.00 ,5,0,10,2,71,91,0,1,848112,1842.466511,287498,271226,25853,88185,78474,123435,199599,77382,459811,31090,10988,17892,11400,12601
CA,CA6,201909,ADV,105,80.18095238,0.6,1.417619048,"$1,435.69 ",$251.65 ,$232.51 ,$404.05 ,$547.48 ,$0.00 ,-1,0,1,1,20,28,0,0,443738,2735.137621,156210,144962,13861,52042,46478,64775,99117,45552,244382,21169,6950,15410,8052,19863
CA,CA7,201909,ADV,2171,73.11192999,0.555043759,0.398158913,$332.90 ,$41.58 ,$35.39 ,$64.37 ,$191.57 ,$0.00 ,3,0,11,1,78,89,0,3,883053,8132.256436,295756,267913,39056,139584,77216,92005,257750,84735,576023,15490,21557,24792,18281,31126
CA,CA8,201909,ADV,104,78.15384615,0.576923077,0.917298077,$908.35 ,$85.64 ,$76.98 ,$381.56 ,$364.16 ,$0.00 ,1,0,3,1,24,25,0,1,281455,3300.636162,121095,105317,6175,17123,20715,52758,50492,9045,86881,7329,9630,3482,4557,16435
CA,CA9,201909,ADV,112,76.07142857,0.535714286,1.042848214,"$1,509.39 ",$315.14 ,$424.20 ,$348.20 ,$421.85 ,$0.00 ,0,0,4,0,30,34,0,0,433212,3281.719108,141155,126052,10475,78816,46650,55515,114125,75432,301974,14534,6567,17221,5984,17741
CA,CA1,201910,ADV,49059,74.10151043,0.564035141,0.571873581,$845.87 ,$282.27 ,$139.78 ,$280.82 ,$143.00 ,$0.00 ,761,53,718,787,4060,11219,30,72,3302833,4208.762531,1204884,1118980,106962,286008,279602,439595,726344,216965,1787453,255366,42081,75015,61486,89451
CA,CA10,201910,ADV,62,81.12903226,0.629032258,1.164741936,"$1,013.91 ",$300.98 ,$77.31 ,$492.44 ,$143.17 ,$0.00 ,0,0,2,0,23,13,0,0,460477,4824.376542,147791,136106,18321,81345,44779,50391,143528,61208,326860,6561,10023,13317,8274,5426
CA,CA11,201910,ADV,17,76.76470588,0.470588235,1.080882353,$790.03 ,$0.00 ,$10.70 ,$557.79 ,$221.55 ,$0.00 ,0,0,0,0,8,5,0,0,150075,1390.308446,45792,42735,4855,24270,10946,14567,40935,13829,101017,2919,1938,3483,2730,14912
CA,CA12,201910,ADV,186,76.77956989,0.559139785,1.21605914,"$1,091.85 ",$196.20 ,$223.02 ,$424.26 ,$248.36 ,$0.00 ,3,0,4,2,59,56,1,2,978130,5958.095977,328577,304624,41276,147389,92035,114438,279979,108140,686675,23756,12508,28262,25805,16750
CA,CA13,201910,ADV,123,78.3902439,0.414634146,1.29096748,"$1,537.29 ",$486.11 ,$583.45 ,$297.73 ,$170.00 ,$0.00 ,1,0,6,0,37,27,0,1,342954,21389.49918,163854,119622,10594,41422,24903,67475,74845,21273,143965,5802,14241,5844,5879,17935
CA,CA14,201910,ADV,2648,74.15747734,0.533610272,0.997786254,"$1,742.39 ",$751.00 ,$438.85 ,$270.28 ,$282.27 ,$0.00 ,44,1,56,13,432,313,4,7,2255381,3124.860076,789873,749021,60919,189668,113096,295103,502048,188257,1461149,154299,25948,59669,38303,48904
CA,CA15,201910,ADV,39,77.41025641,0.487179487,1.163846154,"$1,142.13 ",$0.00 ,$188.20 ,$327.31 ,$626.62 ,$0.00 ,0,0,0,0,13,12,0,0,269075,1935.645521,84795,79606,14912,48433,23145,29320,80062,34066,193067,3236,5216,7611,5801,5926
CA,CA16,201910,ADV,2371,75.16786166,0.563475327,1.032698861,"$1,151.76 ",$270.91 ,$267.17 ,$340.24 ,$273.43 ,$0.00 ,24,6,50,11,513,474,3,5,4673221,2470.336258,1796567,1692047,128698,373438,232541,689629,936866,360315,2804353,396804,19220,110888,205390,80356
CA,CA17,201910,ADV,339,77.74631268,0.566371681,1.139764012,"$1,304.63 ",$443.18 ,$220.55 ,$391.72 ,$249.18 ,$0.00 ,4,0,10,0,118,79,0,2,539301,1496.015066,181213,172682,26130,73664,35012,67770,146907,48530,309505,12059,7723,11489,11100,5269
CA,CA18,201910,ADV,115,76.73913044,0.52173913,1.078034783,"$1,177.00 ",$82.92 ,$254.41 ,$497.90 ,$341.77 ,$0.00 ,1,1,6,0,22,29,0,2,732212,1392.385418,241055,226727,28989,96905,53972,89461,201506,62038,494325,20238,8143,16525,14450,15994
CA,CA19,201910,ADV,368,77.79891304,0.589673913,1.115233696,"$1,070.43 ",$302.21 ,$147.90 ,$351.13 ,$269.18 ,$0.00 ,5,0,10,2,108,86,1,2,2291738,5095.099057,896341,819372,75758,168734,134416,335498,532415,114749,1083594,101802,25772,34828,51388,38576
CA,CA2,201910,ADV,29,73.34482759,0.482758621,0.633103448,$370.24 ,$0.00 ,$118.97 ,$122.06 ,$129.20 ,$0.00 ,0,0,1,0,2,6,0,0,180216,4176.578436,57468,44057,10782,33928,15883,22446,51676,34263,160443,3448,6076,4616,3242,9708
CA,CA20,201910,ADV,55,76.14545455,0.581818182,1.372654546,"$1,556.29 ",$596.07 ,$166.02 ,$649.14 ,$145.06 ,$0.00 ,2,0,5,0,25,14,0,1,438530,821.7515515,156896,149067,15346,36031,23696,64390,98813,20223,269660,13520,4468,7695,7541,10444
CA,CA21,201910,ADV,121,79.31404959,0.58677686,1.332024793,"$1,157.95 ",$20.43 ,$346.45 ,$431.54 ,$359.52 ,$0.00 ,0,0,8,5,29,31,0,1,641847,2324.181643,263188,238371,17271,57501,43401,116457,130712,38050,249451,23427,13544,12933,11677,12597
CA,CA22,201910,ADV,19,76.94736842,0.473684211,0.934210526,$610.40 ,$0.00 ,$58.01 ,$365.89 ,$186.50 ,$0.00 ,0,0,1,0,5,2,0,0,171365,1234.545845,62685,58539,6792,22175,14964,23303,45990,13426,84511,4555,4913,3992,3786,2411
CA,CA23,201910,ADV,60,76.65,0.433333333,0.979733333,$770.23 ,$65.13 ,$55.51 ,$546.95 ,$102.64 ,$0.00 ,1,0,1,0,5,8,0,0,151906,9005.172163,84579,59685,4117,9269,9764,35175,25619,1701,28770,2723,7154,1011,2769,11716
CA,CA24,201910,ADV,72,77.45833333,0.472222222,1.118847222,$789.05 ,$144.23 ,$141.52 ,$241.39 ,$261.91 ,$0.00 ,1,0,1,0,28,13,0,0,428006,8864.022501,193696,163983,16804,39396,35478,79271,91192,17615,138500,10651,26639,6204,11021,9809
CA,CA25,201910,ADV,256,78.5,0.49609375,0.998941406,"$1,063.30 ",$263.04 ,$258.20 ,$347.80 ,$194.26 ,$0.00 ,3,0,7,4,63,47,0,1,470990,24672.40534,218386,187277,15591,36021,38019,90963,98766,8104,114440,8163,28551,6986,13481,12724
CA,CA3,201910,ADV,7281,76.1367944,0.588930092,0.578120039,$671.19 ,$78.94 ,$79.45 ,$167.25 ,$345.56 ,$0.00 ,19,0,84,25,616,763,2,5,4518699,27266.44488,1549773,1348982,180356,553160,432652,561952,1186660,340581,3038969,129608,113905,106066,62893,91930
CA,CA4,201910,ADV,9043,74.689373,0.55025987,0.854125733,$992.91 ,$190.75 ,$139.89 ,$327.41 ,$334.85 ,$0.00 ,54,0,160,60,1669,1996,5,26,13262234,4850.972611,4615697,4338482,441609,1781058,1352330,1739765,2957709,1601964,9307146,1149887,86507,469799,343744,220875
CA,CA5,201910,ADV,328,77.2195122,0.536585366,1.170585366,"$1,472.44 ",$275.37 ,$288.93 ,$552.73 ,$355.40 ,$0.00 ,4,0,12,1,85,105,1,1,848112,1842.466511,287498,271226,25853,88185,78474,123435,199599,77382,459811,31090,10988,17892,11400,12601
CA,CA6,201910,ADV,105,80.20952381,0.6,1.417619048,"$2,814.23 ","$1,163.89 ",$476.66 ,$723.77 ,$449.92 ,$0.00 ,3,0,4,2,34,33,0,0,443738,2735.137621,156210,144962,13861,52042,46478,64775,99117,45552,244382,21169,6950,15410,8052,19863
CA,CA7,201910,ADV,2171,73.14785813,0.555043759,0.398158913,$333.20 ,$25.20 ,$38.70 ,$87.40 ,$181.91 ,$0.00 ,3,0,12,2,98,109,0,3,883053,8132.256436,295756,267913,39056,139584,77216,92005,257750,84735,576023,15490,21557,24792,18281,31126
CA,CA8,201910,ADV,104,78.19230769,0.576923077,0.917298077,$959.63 ,$0.00 ,$82.26 ,$352.66 ,$524.71 ,$0.00 ,0,0,1,2,23,31,0,1,281455,3300.636162,121095,105317,6175,17123,20715,52758,50492,9045,86881,7329,9630,3482,4557,16435
CA,CA9,201910,ADV,112,76.09821429,0.535714286,1.042848214,"$1,484.23 ",$230.09 ,$453.58 ,$496.35 ,$304.21 ,$0.00 ,2,0,6,0,25,32,0,0,433212,3281.719108,141155,126052,10475,78816,46650,55515,114125,75432,301974,14534,6567,17221,5984,17741
CA,CA1,201911,ADV,48752,74.16054726,0.56405891,0.56882694,$763.36 ,$262.04 ,$125.48 ,$239.46 ,$136.38 ,$0.00 ,678,43,626,769,3448,9643,28,56,3302833,4208.762531,1204884,1118980,106962,286008,279602,439595,726344,216965,1787453,255366,42081,75015,61486,89451
CA,CA10,201911,ADV,61,81.47540984,0.639344262,1.169885246,$608.38 ,$0.00 ,$225.52 ,$251.45 ,$131.41 ,$0.00 ,0,0,2,0,21,8,0,0,460477,4824.376542,147791,136106,18321,81345,44779,50391,143528,61208,326860,6561,10023,13317,8274,5426
CA,CA11,201911,ADV,17,76.88235294,0.470588235,1.080882353,$399.62 ,$0.00 ,$5.26 ,$174.08 ,$220.28 ,$0.00 ,0,0,0,0,4,5,0,0,150075,1390.308446,45792,42735,4855,24270,10946,14567,40935,13829,101017,2919,1938,3483,2730,14912
CA,CA12,201911,ADV,182,76.91758242,0.554945055,1.204274725,"$1,040.88 ",$179.15 ,$252.77 ,$347.81 ,$261.15 ,$0.00 ,3,0,3,1,64,57,0,2,978130,5958.095977,328577,304624,41276,147389,92035,114438,279979,108140,686675,23756,12508,28262,25805,16750
CA,CA13,201911,ADV,122,78.36885246,0.418032787,1.29845082,"$1,586.30 ",$541.83 ,$576.87 ,$288.02 ,$179.59 ,$0.00 ,3,0,7,0,18,25,0,1,342954,21389.49918,163854,119622,10594,41422,24903,67475,74845,21273,143965,5802,14241,5844,5879,17935
CA,CA14,201911,ADV,2629,74.21833397,0.534043363,0.997406999,"$1,405.91 ",$580.81 ,$352.46 ,$250.72 ,$221.92 ,$0.00 ,38,4,58,23,369,249,2,6,2255381,3124.860076,789873,749021,60919,189668,113096,295103,502048,188257,1461149,154299,25948,59669,38303,48904
CA,CA15,201911,ADV,39,77.53846154,0.487179487,1.163846154,$684.19 ,$0.00 ,$131.30 ,$300.37 ,$252.52 ,$0.00 ,0,0,0,0,8,7,0,0,269075,1935.645521,84795,79606,14912,48433,23145,29320,80062,34066,193067,3236,5216,7611,5801,5926
CA,CA16,201911,ADV,2350,75.21787234,0.563404255,1.03210383,"$1,129.44 ",$306.67 ,$275.87 ,$316.16 ,$230.74 ,$0.00 ,28,5,55,18,434,419,0,2,4673221,2470.336258,1796567,1692047,128698,373438,232541,689629,936866,360315,2804353,396804,19220,110888,205390,80356
CA,CA17,201911,ADV,339,77.80530974,0.566371681,1.139764012,"$1,335.96 ",$543.99 ,$216.15 ,$373.30 ,$202.53 ,$0.00 ,6,0,13,0,94,73,0,2,539301,1496.015066,181213,172682,26130,73664,35012,67770,146907,48530,309505,12059,7723,11489,11100,5269
CA,CA18,201911,ADV,113,76.74336283,0.522123894,1.078699115,$854.52 ,$0.00 ,$188.89 ,$345.23 ,$320.39 ,$0.00 ,0,0,7,1,26,27,0,2,732212,1392.385418,241055,226727,28989,96905,53972,89461,201506,62038,494325,20238,8143,16525,14450,15994
CA,CA19,201911,ADV,359,77.79108635,0.587743733,1.098582173,"$1,115.18 ",$390.74 ,$176.91 ,$346.11 ,$201.42 ,$0.00 ,4,0,14,1,87,80,0,2,2291738,5095.099057,896341,819372,75758,168734,134416,335498,532415,114749,1083594,101802,25772,34828,51388,38576
CA,CA2,201911,ADV,29,73.4137931,0.482758621,0.633103448,$554.60 ,$203.93 ,$85.29 ,$194.76 ,$70.62 ,$0.00 ,0,0,0,0,2,6,0,0,180216,4176.578436,57468,44057,10782,33928,15883,22446,51676,34263,160443,3448,6076,4616,3242,9708
CA,CA20,201911,ADV,52,76,0.576923077,1.306365385,"$1,363.44 ",$445.23 ,$145.53 ,$496.31 ,$276.37 ,$0.00 ,0,0,2,0,13,13,0,1,438530,821.7515515,156896,149067,15346,36031,23696,64390,98813,20223,269660,13520,4468,7695,7541,10444
CA,CA21,201911,ADV,113,79.15044248,0.575221239,1.352026549,"$2,033.29 ",$987.90 ,$276.28 ,$544.26 ,$224.86 ,$0.00 ,3,0,6,0,26,34,0,1,641847,2324.181643,263188,238371,17271,57501,43401,116457,130712,38050,249451,23427,13544,12933,11677,12597
CA,CA22,201911,ADV,19,77,0.473684211,0.934210526,$428.22 ,$0.00 ,$61.01 ,$215.63 ,$151.59 ,$0.00 ,0,0,0,0,9,4,0,0,171365,1234.545845,62685,58539,6792,22175,14964,23303,45990,13426,84511,4555,4913,3992,3786,2411
CA,CA23,201911,ADV,60,76.7,0.433333333,0.979733333,$363.27 ,$0.00 ,$96.89 ,$174.03 ,$92.36 ,$0.00 ,0,0,2,0,10,7,0,0,151906,9005.172163,84579,59685,4117,9269,9764,35175,25619,1701,28770,2723,7154,1011,2769,11716
CA,CA24,201911,ADV,72,77.5,0.472222222,1.118847222,"$1,225.49 ",$417.96 ,$224.20 ,$381.18 ,$202.15 ,$0.00 ,0,0,4,2,21,18,0,1,428006,8864.022501,193696,163983,16804,39396,35478,79271,91192,17615,138500,10651,26639,6204,11021,9809
CA,CA25,201911,ADV,251,78.61354582,0.494023904,1.004183267,$929.89 ,$216.12 ,$165.61 ,$321.58 ,$226.59 ,$0.00 ,2,0,8,5,47,39,0,1,470990,24672.40534,218386,187277,15591,36021,38019,90963,98766,8104,114440,8163,28551,6986,13481,12724
CA,CA3,201911,ADV,7207,76.19189677,0.589288192,0.575857222,$620.10 ,$115.14 ,$66.66 ,$137.56 ,$300.75 ,$0.00 ,26,0,77,23,497,657,3,6,4518699,27266.44488,1549773,1348982,180356,553160,432652,561952,1186660,340581,3038969,129608,113905,106066,62893,91930
CA,CA4,201911,ADV,8964,74.69578313,0.549531459,0.849857988,$887.74 ,$209.75 ,$114.09 ,$274.73 ,$289.17 ,$0.00 ,52,0,153,43,1376,1746,7,23,13262234,4850.972611,4615697,4338482,441609,1781058,1352330,1739765,2957709,1601964,9307146,1149887,86507,469799,343744,220875
CA,CA5,201911,ADV,325,77.17538462,0.538461539,1.159067692,"$1,134.30 ",$159.85 ,$196.02 ,$525.18 ,$253.25 ,$0.00 ,2,0,12,2,80,108,0,1,848112,1842.466511,287498,271226,25853,88185,78474,123435,199599,77382,459811,31090,10988,17892,11400,12601
CA,CA6,201911,ADV,103,80.44660194,0.601941748,1.42638835,"$1,142.85 ",$0.00 ,$225.12 ,$496.92 ,$420.80 ,$0.00 ,0,0,2,1,29,36,1,0,443738,2735.137621,156210,144962,13861,52042,46478,64775,99117,45552,244382,21169,6950,15410,8052,19863
CA,CA7,201911,ADV,2158,73.20991659,0.555607044,0.396546339,$297.81 ,$20.87 ,$30.58 ,$70.36 ,$176.00 ,$0.00 ,2,0,12,3,76,86,0,2,883053,8132.256436,295756,267913,39056,139584,77216,92005,257750,84735,576023,15490,21557,24792,18281,31126
CA,CA8,201911,ADV,103,78.19417476,0.572815534,0.914757282,$865.02 ,$0.00 ,$144.26 ,$385.88 ,$334.88 ,$0.00 ,0,0,2,3,26,24,0,1,281455,3300.636162,121095,105317,6175,17123,20715,52758,50492,9045,86881,7329,9630,3482,4557,16435
CA,CA9,201911,ADV,111,75.99099099,0.531531532,1.034198198,$846.85 ,$134.00 ,$130.42 ,$267.75 ,$314.68 ,$0.00 ,0,0,1,0,27,32,0,0,433212,3281.719108,141155,126052,10475,78816,46650,55515,114125,75432,301974,14534,6567,17221,5984,17741
CA,CA1,201912,ADV,48490,74.21967416,0.56409569,0.565931202,$709.86 ,$265.11 ,$121.32 ,$233.52 ,$89.92 ,$0.00 ,689,38,634,861,3515,9420,24,62,3302833,4208.762531,1204884,1118980,106962,286008,279602,439595,726344,216965,1787453,255366,42081,75015,61486,89451
CA,CA10,201912,ADV,61,81.50819672,0.639344262,1.169885246,"$1,134.10 ",$319.39 ,$121.05 ,$362.79 ,$330.88 ,$0.00 ,2,0,2,0,19,13,0,0,460477,4824.376542,147791,136106,18321,81345,44779,50391,143528,61208,326860,6561,10023,13317,8274,5426
CA,CA11,201912,ADV,17,77.05882353,0.470588235,1.080882353,$598.75 ,$0.00 ,$227.98 ,$188.25 ,$182.52 ,$0.00 ,0,0,2,0,7,2,0,0,150075,1390.308446,45792,42735,4855,24270,10946,14567,40935,13829,101017,2919,1938,3483,2730,14912
CA,CA12,201912,ADV,182,76.96153846,0.554945055,1.204274725,"$1,066.03 ",$155.40 ,$243.59 ,$393.61 ,$273.43 ,$0.00 ,3,0,6,2,47,50,0,2,978130,5958.095977,328577,304624,41276,147389,92035,114438,279979,108140,686675,23756,12508,28262,25805,16750
CA,CA13,201912,ADV,121,78.34710744,0.421487603,1.269066116,"$1,759.88 ",$478.62 ,$937.97 ,$272.77 ,$70.52 ,$0.00 ,2,0,7,0,27,21,0,1,342954,21389.49918,163854,119622,10594,41422,24903,67475,74845,21273,143965,5802,14241,5844,5879,17935
CA,CA14,201912,ADV,2611,74.28379931,0.535044044,0.989915741,"$1,513.55 ",$517.37 ,$483.55 ,$266.17 ,$246.47 ,$0.00 ,39,11,57,8,369,271,4,6,2255381,3124.860076,789873,749021,60919,189668,113096,295103,502048,188257,1461149,154299,25948,59669,38303,48904
CA,CA15,201912,ADV,39,77.58974359,0.487179487,1.163846154,"$1,411.96 ",$164.20 ,$374.15 ,$238.65 ,$634.97 ,$0.00 ,1,0,2,0,9,8,0,0,269075,1935.645521,84795,79606,14912,48433,23145,29320,80062,34066,193067,3236,5216,7611,5801,5926
CA,CA16,201912,ADV,2327,75.29093253,0.563386334,1.028489471,"$1,215.27 ",$376.20 ,$252.23 ,$320.08 ,$266.75 ,$0.00 ,31,2,63,20,420,362,2,3,4673221,2470.336258,1796567,1692047,128698,373438,232541,689629,936866,360315,2804353,396804,19220,110888,205390,80356
CA,CA17,201912,ADV,337,77.87537092,0.566765579,1.130525223,"$1,383.70 ",$668.40 ,$179.98 ,$324.10 ,$211.22 ,$0.00 ,5,0,18,1,99,71,0,3,539301,1496.015066,181213,172682,26130,73664,35012,67770,146907,48530,309505,12059,7723,11489,11100,5269
CA,CA18,201912,ADV,110,76.9,0.518181818,1.053918182,"$1,608.03 ",$630.44 ,$142.38 ,$640.25 ,$194.97 ,$0.00 ,4,0,1,1,19,29,0,1,732212,1392.385418,241055,226727,28989,96905,53972,89461,201506,62038,494325,20238,8143,16525,14450,15994
CA,CA19,201912,ADV,352,77.91477273,0.590909091,1.076590909,"$1,411.36 ",$713.88 ,$110.91 ,$361.54 ,$225.03 ,$0.00 ,5,0,10,1,83,71,0,2,2291738,5095.099057,896341,819372,75758,168734,134416,335498,532415,114749,1083594,101802,25772,34828,51388,38576
CA,CA2,201912,ADV,29,73.4137931,0.482758621,0.633103448,$372.56 ,$0.00 ,$83.84 ,$195.97 ,$92.76 ,$0.00 ,0,0,2,0,4,5,0,0,180216,4176.578436,57468,44057,10782,33928,15883,22446,51676,34263,160443,3448,6076,4616,3242,9708
CA,CA20,201912,ADV,49,75.93877551,0.571428571,1.295,$904.97 ,$271.69 ,$189.82 ,$287.93 ,$155.53 ,$0.00 ,1,0,4,0,12,13,0,1,438530,821.7515515,156896,149067,15346,36031,23696,64390,98813,20223,269660,13520,4468,7695,7541,10444
CA,CA21,201912,ADV,112,79.30357143,0.571428571,1.359883929,"$1,413.77 ",$169.07 ,$211.94 ,$461.15 ,$571.60 ,$0.00 ,1,0,4,2,36,27,0,0,641847,2324.181643,263188,238371,17271,57501,43401,116457,130712,38050,249451,23427,13544,12933,11677,12597
CA,CA22,201912,ADV,19,77.05263158,0.473684211,0.934210526,$434.99 ,$0.00 ,$42.60 ,$153.72 ,$238.67 ,$0.00 ,0,0,1,0,3,4,0,0,171365,1234.545845,62685,58539,6792,22175,14964,23303,45990,13426,84511,4555,4913,3992,3786,2411
CA,CA23,201912,ADV,60,76.75,0.433333333,0.979733333,"$2,244.82 ","$1,593.36 ",$105.27 ,$330.37 ,$215.81 ,$0.00 ,1,0,0,0,6,6,0,0,151906,9005.172163,84579,59685,4117,9269,9764,35175,25619,1701,28770,2723,7154,1011,2769,11716
CA,CA24,201912,ADV,72,77.55555556,0.472222222,1.118847222,"$2,322.27 ","$1,386.61 ",$146.93 ,$590.21 ,$198.52 ,$0.00 ,1,0,3,1,19,11,0,0,428006,8864.022501,193696,163983,16804,39396,35478,79271,91192,17615,138500,10651,26639,6204,11021,9809
CA,CA25,201912,ADV,248,78.72177419,0.5,1.010568548,$638.87 ,$81.03 ,$158.31 ,$239.43 ,$160.09 ,$0.00 ,0,0,10,2,67,42,0,1,470990,24672.40534,218386,187277,15591,36021,38019,90963,98766,8104,114440,8163,28551,6986,13481,12724
CA,CA3,201912,ADV,7133,76.2189822,0.590214496,0.573575354,$652.20 ,$141.84 ,$60.11 ,$143.71 ,$306.54 ,$0.00 ,26,0,76,29,509,629,4,6,4518699,27266.44488,1549773,1348982,180356,553160,432652,561952,1186660,340581,3038969,129608,113905,106066,62893,91930
CA,CA4,201912,ADV,8898,74.7048775,0.549786469,0.844297483,$963.83 ,$209.99 ,$137.09 ,$262.63 ,$354.13 ,$0.00 ,61,1,150,50,1388,1659,2,22,13262234,4850.972611,4615697,4338482,441609,1781058,1352330,1739765,2957709,1601964,9307146,1149887,86507,469799,343744,220875
CA,CA5,201912,ADV,319,77.31661442,0.539184953,1.154946709,"$1,573.88 ",$457.60 ,$235.68 ,$554.17 ,$326.44 ,$0.00 ,-1,0,15,3,71,86,0,1,848112,1842.466511,287498,271226,25853,88185,78474,123435,199599,77382,459811,31090,10988,17892,11400,12601
CA,CA6,201912,ADV,99,80.46464647,0.595959596,1.385909091,"$1,576.68 ",$344.25 ,$165.18 ,$586.57 ,$480.67 ,$0.00 ,2,0,5,1,25,31,1,0,443738,2735.137621,156210,144962,13861,52042,46478,64775,99117,45552,244382,21169,6950,15410,8052,19863
CA,CA7,201912,ADV,2146,73.24277726,0.554986021,0.395033551,$313.75 ,$38.36 ,$36.53 ,$68.51 ,$170.35 ,$0.00 ,3,0,18,6,77,80,0,2,883053,8132.256436,295756,267913,39056,139584,77216,92005,257750,84735,576023,15490,21557,24792,18281,31126
CA,CA8,201912,ADV,101,78.04950495,0.564356436,0.922455446,"$2,152.91 ",$927.04 ,$386.64 ,$448.53 ,$390.71 ,$0.00 ,-2,0,1,1,15,27,0,1,281455,3300.636162,121095,105317,6175,17123,20715,52758,50492,9045,86881,7329,9630,3482,4557,16435
CA,CA9,201912,ADV,110,76.09090909,0.536363636,1.016090909,"$1,121.98 ",$186.55 ,$221.59 ,$404.37 ,$309.46 ,$0.00 ,0,0,2,0,26,37,0,0,433212,3281.719108,141155,126052,10475,78816,46650,55515,114125,75432,301974,14534,6567,17221,5984,17741
CA,CA1,201701,CLF,48900,73.23443763,0.567341513,1.174880061,"$1,173.79 ",$388.08 ,$205.10 ,$506.39 ,$74.22 ,$0.00 ,517,32,1026,1065,11627,16389,68,204,3302833,4208.762531,1204884,1118980,106962,286008,279602,439595,726344,216965,1787453,255366,42081,75015,61486,89451
CA,CA10,201701,CLF,196,73.32142857,0.540816327,1.38869898,"$1,814.69 ",$886.43 ,$257.37 ,$545.74 ,$125.15 ,$0.00 ,2,0,3,2,64,56,0,0,460477,4824.376542,147791,136106,18321,81345,44779,50391,143528,61208,326860,6561,10023,13317,8274,5426
CA,CA11,201701,CLF,93,73.86021505,0.516129032,1.473688172,"$2,494.55 ",$904.60 ,$305.96 ,"$1,197.85 ",$86.13 ,$0.00 ,3,0,1,0,36,27,1,0,150075,1390.308446,45792,42735,4855,24270,10946,14567,40935,13829,101017,2919,1938,3483,2730,14912
CA,CA12,201701,CLF,1054,71.99335863,0.558823529,1.960250474,"$3,211.37 ",$945.59 ,$513.90 ,"$1,625.28 ",$126.60 ,$0.00 ,16,0,37,17,275,436,2,3,978130,5958.095977,328577,304624,41276,147389,92035,114438,279979,108140,686675,23756,12508,28262,25805,16750
CA,CA13,201701,CLF,419,73.20763723,0.515513127,1.367260143,"$2,984.18 ",$812.43 ,$745.93 ,"$1,204.97 ",$220.85 ,$0.00 ,7,0,17,3,90,108,0,4,342954,21389.49918,163854,119622,10594,41422,24903,67475,74845,21273,143965,5802,14241,5844,5879,17935
CA,CA14,201701,CLF,693,75.66378066,0.572871573,1.045575758,"$3,987.61 ","$2,225.20 ",$751.94 ,$820.43 ,$190.04 ,$0.00 ,11,0,14,2,171,199,4,7,2255381,3124.860076,789873,749021,60919,189668,113096,295103,502048,188257,1461149,154299,25948,59669,38303,48904
CA,CA15,201701,CLF,95,76.13684211,0.6,1.565084211,"$2,355.03 ",$899.05 ,$673.89 ,$660.94 ,$121.15 ,$0.00 ,2,0,0,0,19,33,0,0,269075,1935.645521,84795,79606,14912,48433,23145,29320,80062,34066,193067,3236,5216,7611,5801,5926
CA,CA16,201701,CLF,1556,74.6940874,0.570051414,1.172048201,"$3,676.44 ","$1,886.41 ",$686.93 ,$969.42 ,$133.68 ,$0.00 ,20,1,30,12,405,421,2,6,4673221,2470.336258,1796567,1692047,128698,373438,232541,689629,936866,360315,2804353,396804,19220,110888,205390,80356
CA,CA17,201701,CLF,157,75.2611465,0.585987261,1.315598726,"$2,740.25 ",$377.54 ,"$1,581.20 ",$657.05 ,$124.47 ,$0.00 ,0,0,2,3,50,35,0,0,539301,1496.015066,181213,172682,26130,73664,35012,67770,146907,48530,309505,12059,7723,11489,11100,5269
CA,CA18,201701,CLF,342,74.26023392,0.596491228,1.111163743,"$2,507.01 ",$987.66 ,$622.39 ,$718.85 ,$178.11 ,$0.00 ,2,0,5,1,94,99,0,5,732212,1392.385418,241055,226727,28989,96905,53972,89461,201506,62038,494325,20238,8143,16525,14450,15994
CA,CA19,201701,CLF,3163,66.01549162,0.526082833,1.181355675,"$1,718.53 ",$533.71 ,$351.02 ,$516.94 ,$316.86 ,$0.00 ,43,2,144,53,705,740,5,14,2291738,5095.099057,896341,819372,75758,168734,134416,335498,532415,114749,1083594,101802,25772,34828,51388,38576
CA,CA2,201701,CLF,1387,70.52703677,0.504686374,1.255630137,"$1,392.16 ",$238.65 ,$443.36 ,$461.66 ,$248.50 ,$0.00 ,7,0,56,1,351,341,0,4,180216,4176.578436,57468,44057,10782,33928,15883,22446,51676,34263,160443,3448,6076,4616,3242,9708
CA,CA20,201701,CLF,140,72.81428571,0.528571429,1.058785714,"$3,585.50 ",$701.33 ,"$2,141.74 ",$672.11 ,$70.33 ,$0.00 ,1,1,3,2,29,36,0,0,438530,821.7515515,156896,149067,15346,36031,23696,64390,98813,20223,269660,13520,4468,7695,7541,10444
CA,CA21,201701,CLF,312,76.11858974,0.58974359,1.109967949,"$2,693.46 ",$913.07 ,$973.67 ,$663.07 ,$143.66 ,$0.00 ,0,0,7,0,76,81,1,2,641847,2324.181643,263188,238371,17271,57501,43401,116457,130712,38050,249451,23427,13544,12933,11677,12597
CA,CA22,201701,CLF,82,75.40243902,0.609756098,1.215073171,"$2,963.22 ",$658.50 ,"$1,490.00 ",$723.50 ,$91.22 ,$0.00 ,0,0,2,1,24,18,0,1,171365,1234.545845,62685,58539,6792,22175,14964,23303,45990,13426,84511,4555,4913,3992,3786,2411
CA,CA23,201701,CLF,403,74.13647643,0.538461539,1.025846154,"$1,894.00 ",$331.84 ,$842.43 ,$558.08 ,$161.65 ,$0.00 ,3,1,10,2,71,99,0,6,151906,9005.172163,84579,59685,4117,9269,9764,35175,25619,1701,28770,2723,7154,1011,2769,11716
CA,CA24,201701,CLF,315,73.71746032,0.511111111,1.095431746,"$4,017.12 ","$2,473.19 ",$835.73 ,$570.76 ,$137.45 ,$0.00 ,4,0,7,2,67,71,0,2,428006,8864.022501,193696,163983,16804,39396,35478,79271,91192,17615,138500,10651,26639,6204,11021,9809
CA,CA25,201701,CLF,723,73.65006916,0.538035961,1.049914246,"$2,986.17 ","$1,454.10 ",$630.45 ,$742.44 ,$159.17 ,$0.00 ,5,1,22,2,147,140,1,3,470990,24672.40534,218386,187277,15591,36021,38019,90963,98766,8104,114440,8163,28551,6986,13481,12724
CA,CA3,201701,CLF,2912,70.98557692,0.539148352,1.3205443,"$2,173.69 ",$791.94 ,$684.51 ,$574.75 ,$122.49 ,$0.00 ,36,1,83,52,694,888,4,13,4518699,27266.44488,1549773,1348982,180356,553160,432652,561952,1186660,340581,3038969,129608,113905,106066,62893,91930
CA,CA4,201701,CLF,4437,74.27811584,0.572008114,1.267082488,"$3,079.78 ","$1,453.24 ",$633.42 ,$831.42 ,$161.69 ,$0.00 ,56,0,129,75,1043,1472,8,26,13262234,4850.972611,4615697,4338482,441609,1781058,1352330,1739765,2957709,1601964,9307146,1149887,86507,469799,343744,220875
CA,CA5,201701,CLF,1508,75.47745358,0.550397878,1.181918435,"$3,826.91 ","$1,932.83 ",$658.70 ,"$1,036.10 ",$199.29 ,$0.00 ,17,1,32,6,426,546,5,17,848112,1842.466511,287498,271226,25853,88185,78474,123435,199599,77382,459811,31090,10988,17892,11400,12601
CA,,201701,CLF,375,75.66933333,0.592,1.121888,"$2,819.24 ","$1,158.30 ",$695.26 ,$824.54 ,$141.14 ,$0.00 ,2,0,13,1,101,122,0,0,443738,2735.137621,156210,144962,13861,52042,46478,64775,99117,45552,244382,21169,6950,15410,8052,19863
CA,CA7,201701,CLF,1242,74.87439614,0.53784219,1.195838164,"$2,788.18 ",$763.19 ,$897.08 ,$902.76 ,$225.15 ,$0.00 ,12,0,41,6,263,375,1,14,883053,8132.256436,295756,267913,39056,139584,77216,92005,257750,84735,576023,15490,21557,24792,18281,31126
CA,CA8,201701,CLF,299,74.83946488,0.571906355,1.080107023,"$2,696.21 ","$1,226.08 ",$619.94 ,$701.90 ,$148.30 ,$0.00 ,2,0,5,1,64,90,0,1,281455,3300.636162,121095,105317,6175,17123,20715,52758,50492,9045,86881,7329,9630,3482,4557,16435
CA,CA9,201701,CLF,371,75.81401617,0.566037736,1.104797844,"$2,679.76 ","$1,252.45 ",$508.09 ,$768.75 ,$150.48 ,$0.00 ,5,0,10,9,102,112,0,2,433212,3281.719108,141155,126052,10475,78816,46650,55515,114125,75432,301974,14534,6567,17221,5984,17741
CA,CA1,201702,CLF,54747,73.10150328,0.5685791,1.167302081,"$1,038.04 ",$329.70 ,$190.46 ,$458.16 ,$59.72 ,$0.00 ,428,20,1032,1069,11792,17139,63,220,3302833,4208.762531,1204884,1118980,106962,286008,279602,439595,726344,216965,1787453,255366,42081,75015,61486,89451
CA,CA10,201702,CLF,201,73.33830846,0.537313433,1.378044776,"$2,715.74 ","$1,392.07 ",$605.29 ,$617.53 ,$100.86 ,$0.00 ,2,0,2,3,51,54,0,0,460477,4824.376542,147791,136106,18321,81345,44779,50391,143528,61208,326860,6561,10023,13317,8274,5426
CA,CA11,201702,CLF,98,73.83673469,0.530612245,1.459428571,"$1,570.73 ",$401.26 ,$369.95 ,$737.18 ,$62.35 ,$0.00 ,3,0,1,0,27,32,0,0,150075,1390.308446,45792,42735,4855,24270,10946,14567,40935,13829,101017,2919,1938,3483,2730,14912
CA,CA12,201702,CLF,1237,71.86580437,0.553759095,1.961241714,"$2,672.13 ",$611.76 ,$456.28 ,"$1,489.01 ",$115.07 ,$0.00 ,20,4,24,22,302,514,2,3,978130,5958.095977,328577,304624,41276,147389,92035,114438,279979,108140,686675,23756,12508,28262,25805,16750
CA,CA13,201702,CLF,451,73.09090909,0.514412417,1.397607539,"$5,671.48 ","$4,266.14 ",$462.22 ,$793.62 ,$149.50 ,$0.00 ,3,0,9,2,92,127,0,4,342954,21389.49918,163854,119622,10594,41422,24903,67475,74845,21273,143965,5802,14241,5844,5879,17935
CA,CA14,201702,CLF,703,75.72261735,0.573257468,1.041007112,"$2,608.45 ","$1,119.10 ",$604.57 ,$734.04 ,$150.73 ,$0.00 ,7,0,12,6,136,189,3,9,2255381,3124.860076,789873,749021,60919,189668,113096,295103,502048,188257,1461149,154299,25948,59669,38303,48904
CA,CA15,201702,CLF,99,76.16161616,0.606060606,1.56289899,"$2,565.48 ","$1,316.25 ",$554.94 ,$577.70 ,$116.59 ,$0.00 ,3,0,2,1,15,31,0,0,269075,1935.645521,84795,79606,14912,48433,23145,29320,80062,34066,193067,3236,5216,7611,5801,5926
CA,CA16,201702,CLF,1591,74.67504714,0.570710245,1.167246386,"$2,294.29 ",$662.87 ,$704.20 ,$764.09 ,$163.14 ,$0.00 ,17,1,31,11,374,423,4,7,4673221,2470.336258,1796567,1692047,128698,373438,232541,689629,936866,360315,2804353,396804,19220,110888,205390,80356
CA,CA17,201702,CLF,162,75.16666667,0.586419753,1.309185185,"$4,927.76 ","$2,968.63 ",$650.78 ,"$1,186.48 ",$121.87 ,$0.00 ,1,0,3,2,48,45,1,0,539301,1496.015066,181213,172682,26130,73664,35012,67770,146907,48530,309505,12059,7723,11489,11100,5269
CA,CA18,201702,CLF,344,74.31395349,0.593023256,1.106523256,"$3,466.25 ","$1,898.84 ",$645.77 ,$747.63 ,$174.01 ,$0.00 ,4,0,8,1,85,79,0,4,732212,1392.385418,241055,226727,28989,96905,53972,89461,201506,62038,494325,20238,8143,16525,14450,15994
CA,CA19,201702,CLF,3197,66.05254927,0.524867063,1.186838286,"$1,531.03 ",$477.01 ,$306.19 ,$469.90 ,$277.93 ,$0.00 ,30,3,125,54,668,733,1,12,2291738,5095.099057,896341,819372,75758,168734,134416,335498,532415,114749,1083594,101802,25772,34828,51388,38576
CA,CA2,201702,CLF,1476,70.65650407,0.506775068,1.247745258,"$1,146.54 ",$180.43 ,$272.74 ,$475.77 ,$217.61 ,$0.00 ,12,0,62,2,338,359,0,4,180216,4176.578436,57468,44057,10782,33928,15883,22446,51676,34263,160443,3448,6076,4616,3242,9708
CA,CA20,201702,CLF,143,72.85314685,0.524475525,1.05741958,"$2,572.12 ",$585.89 ,"$1,372.85 ",$531.60 ,$81.78 ,$0.00 ,1,0,3,2,28,35,0,1,438530,821.7515515,156896,149067,15346,36031,23696,64390,98813,20223,269660,13520,4468,7695,7541,10444
CA,CA21,201702,CLF,324,75.95987654,0.583333333,1.118299383,"$4,124.52 ","$2,745.54 ",$573.65 ,$711.26 ,$94.08 ,$0.00 ,2,0,11,3,74,91,0,2,641847,2324.181643,263188,238371,17271,57501,43401,116457,130712,38050,249451,23427,13544,12933,11677,12597
CA,CA22,201702,CLF,87,75.02298851,0.597701149,1.216011494,"$3,483.04 ","$1,253.71 ","$1,472.13 ",$519.69 ,$237.50 ,$0.00 ,3,0,3,1,18,19,0,0,171365,1234.545845,62685,58539,6792,22175,14964,23303,45990,13426,84511,4555,4913,3992,3786,2411
CA,CA23,201702,CLF,408,74.16911765,0.539215686,1.023044118,"$2,445.29 ",$860.17 ,$729.28 ,$729.04 ,$126.81 ,$0.00 ,3,0,9,3,61,77,1,6,151906,9005.172163,84579,59685,4117,9269,9764,35175,25619,1701,28770,2723,7154,1011,2769,11716
CA,CA24,201702,CLF,323,73.69659443,0.504643963,1.0955387,"$2,634.88 ","$1,220.29 ",$812.11 ,$490.85 ,$111.63 ,$0.00 ,2,0,2,1,59,71,0,2,428006,8864.022501,193696,163983,16804,39396,35478,79271,91192,17615,138500,10651,26639,6204,11021,9809
CA,CA25,201702,CLF,738,73.58536585,0.539295393,1.042833333,"$3,556.79 ","$2,128.20 ",$485.14 ,$811.65 ,$131.80 ,$0.00 ,10,0,27,3,161,148,0,2,470990,24672.40534,218386,187277,15591,36021,38019,90963,98766,8104,114440,8163,28551,6986,13481,12724
CA,CA3,201702,CLF,3162,70.8542062,0.541745731,1.314728653,"$1,936.86 ",$571.32 ,$658.54 ,$599.41 ,$107.60 ,$0.00 ,36,1,80,54,744,896,3,14,4518699,27266.44488,1549773,1348982,180356,553160,432652,561952,1186660,340581,3038969,129608,113905,106066,62893,91930
CA,CA4,201702,CLF,4606,74.18910117,0.569474598,1.261788103,"$2,041.30 ",$603.70 ,$537.56 ,$758.80 ,$141.23 ,$0.00 ,40,5,87,62,1034,1492,12,26,13262234,4850.972611,4615697,4338482,441609,1781058,1352330,1739765,2957709,1601964,9307146,1149887,86507,469799,343744,220875
CA,CA5,201702,CLF,1521,75.48586456,0.552925707,1.183053254,"$3,126.26 ","$1,374.77 ",$574.64 ,"$1,000.89 ",$175.97 ,$0.00 ,12,0,31,2,383,495,0,14,848112,1842.466511,287498,271226,25853,88185,78474,123435,199599,77382,459811,31090,10988,17892,11400,12601
CA,CA6,201702,CLF,378,75.6984127,0.58994709,1.139656085,"$1,608.34 ",$269.28 ,$463.90 ,$678.75 ,$196.41 ,$0.00 ,2,0,10,3,82,109,0,0,443738,2735.137621,156210,144962,13861,52042,46478,64775,99117,45552,244382,21169,6950,15410,8052,19863
CA,CA7,201702,CLF,1256,74.84315287,0.539012739,1.19356449,"$2,685.83 ",$615.78 ,"$1,012.87 ",$864.69 ,$192.50 ,$0.00 ,9,0,41,3,239,387,2,15,883053,8132.256436,295756,267913,39056,139584,77216,92005,257750,84735,576023,15490,21557,24792,18281,31126
CA,CA8,201702,CLF,305,74.84590164,0.570491803,1.07144918,"$3,440.89 ","$1,943.62 ",$582.83 ,$778.70 ,$135.75 ,$0.00 ,1,0,7,4,76,93,1,1,281455,3300.636162,121095,105317,6175,17123,20715,52758,50492,9045,86881,7329,9630,3482,4557,16435
CA,CA9,201702,CLF,379,75.72295515,0.562005277,1.100580475,"$2,424.71 ","$1,350.43 ",$391.40 ,$547.03 ,$135.86 ,$0.00 ,3,0,6,5,83,108,0,2,433212,3281.719108,141155,126052,10475,78816,46650,55515,114125,75432,301974,14534,6567,17221,5984,17741
CA,CA1,201703,CLF,55844,73.12123057,0.568422749,1.160184407,"$1,168.38 ",$349.47 ,$219.11 ,$534.64 ,$65.16 ,$0.00 ,486,22,1247,1173,13400,19615,93,248,3302833,4208.762531,1204884,1118980,106962,286008,279602,439595,726344,216965,1787453,255366,42081,75015,61486,89451
CA,CA10,201703,CLF,203,73.18719212,0.532019704,1.372261084,"$1,798.65 ",$334.85 ,$629.21 ,$706.07 ,$128.52 ,$0.00 ,1,0,9,2,59,55,0,0,460477,4824.376542,147791,136106,18321,81345,44779,50391,143528,61208,326860,6561,10023,13317,8274,5426
CA,CA11,201703,CLF,99,73.85858586,0.535353535,1.452373737,"$2,290.36 ",$305.41 ,$491.79 ,"$1,391.31 ",$101.85 ,$0.00 ,2,0,3,0,31,39,0,0,150075,1390.308446,45792,42735,4855,24270,10946,14567,40935,13829,101017,2919,1938,3483,2730,14912
CA,CA12,201703,CLF,1258,71.86963434,0.555643879,1.943252782,"$2,871.06 ",$610.54 ,$423.61 ,"$1,719.19 ",$117.72 ,$0.00 ,15,1,39,10,328,605,1,3,978130,5958.095977,328577,304624,41276,147389,92035,114438,279979,108140,686675,23756,12508,28262,25805,16750
CA,CA13,201703,CLF,453,73.13024283,0.514348786,1.399068433,"$3,833.10 ","$1,422.09 ",$671.64 ,"$1,561.29 ",$178.08 ,$0.00 ,8,0,13,2,83,155,0,3,342954,21389.49918,163854,119622,10594,41422,24903,67475,74845,21273,143965,5802,14241,5844,5879,17935
CA,CA14,201703,CLF,708,75.78954802,0.572033898,1.041346045,"$2,165.90 ",$485.80 ,$662.80 ,$824.88 ,$192.43 ,$0.00 ,7,0,16,5,174,201,3,9,2255381,3124.860076,789873,749021,60919,189668,113096,295103,502048,188257,1461149,154299,25948,59669,38303,48904
CA,CA15,201703,CLF,99,76.21212121,0.606060606,1.56289899,"$6,355.74 ","$3,683.40 ","$1,509.62 ",$912.15 ,$250.56 ,$0.00 ,3,0,5,2,30,34,0,0,269075,1935.645521,84795,79606,14912,48433,23145,29320,80062,34066,193067,3236,5216,7611,5801,5926
CA,CA16,201703,CLF,1596,74.73997494,0.571428571,1.166030075,"$3,744.69 ","$1,726.41 ",$811.78 ,"$1,034.50 ",$172.00 ,$0.00 ,20,1,39,18,405,478,0,10,4673221,2470.336258,1796567,1692047,128698,373438,232541,689629,936866,360315,2804353,396804,19220,110888,205390,80356
CA,CA17,201703,CLF,162,75.24691358,0.586419753,1.309185185,"$4,323.83 ","$2,243.55 ",$963.50 ,$956.35 ,$160.42 ,$0.00 ,2,0,6,2,53,48,1,0,539301,1496.015066,181213,172682,26130,73664,35012,67770,146907,48530,309505,12059,7723,11489,11100,5269
CA,CA18,201703,CLF,346,74.37572254,0.592485549,1.105812139,"$1,730.22 ",$463.26 ,$464.27 ,$608.09 ,$194.59 ,$0.00 ,3,0,5,1,104,86,0,6,732212,1392.385418,241055,226727,28989,96905,53972,89461,201506,62038,494325,20238,8143,16525,14450,15994
CA,CA19,201703,CLF,3215,66.09362364,0.524416796,1.187059098,"$1,847.70 ",$466.68 ,$468.66 ,$636.38 ,$275.97 ,$0.00 ,30,3,151,49,725,815,4,16,2291738,5095.099057,896341,819372,75758,168734,134416,335498,532415,114749,1083594,101802,25772,34828,51388,38576
CA,CA2,201703,CLF,1507,70.68679496,0.505640345,1.252600531,"$1,616.68 ",$356.29 ,$385.70 ,$576.62 ,$298.09 ,$0.00 ,22,0,54,3,396,393,0,4,180216,4176.578436,57468,44057,10782,33928,15883,22446,51676,34263,160443,3448,6076,4616,3242,9708
CA,,201703,CLF,145,72.66896552,0.531034483,1.05682069,"$5,508.66 ","$2,301.60 ","$2,393.99 ",$747.07 ,$66.00 ,$0.00 ,2,0,4,4,35,45,1,1,438530,821.7515515,156896,149067,15346,36031,23696,64390,98813,20223,269660,13520,4468,7695,7541,10444
CA,CA21,201703,CLF,324,76.0462963,0.583333333,1.118299383,"$2,999.56 ","$1,042.09 ","$1,002.98 ",$820.12 ,$134.36 ,$0.00 ,0,0,7,2,89,93,0,2,641847,2324.181643,263188,238371,17271,57501,43401,116457,130712,38050,249451,23427,13544,12933,11677,12597
CA,CA22,201703,CLF,87,75.08045977,0.597701149,1.216011494,"$2,381.26 ",$23.23 ,"$1,480.10 ",$679.71 ,$198.22 ,$0.00 ,0,0,1,0,29,30,0,0,171365,1234.545845,62685,58539,6792,22175,14964,23303,45990,13426,84511,4555,4913,3992,3786,2411
CA,CA23,201703,CLF,411,74.23357664,0.540145985,1.023849148,"$3,424.78 ","$1,155.49 ",$801.38 ,"$1,318.13 ",$149.78 ,$0.00 ,2,0,16,5,92,84,0,5,151906,9005.172163,84579,59685,4117,9269,9764,35175,25619,1701,28770,2723,7154,1011,2769,11716
CA,CA24,201703,CLF,324,73.77469136,0.50617284,1.092888889,"$3,831.20 ","$1,933.12 ","$1,045.30 ",$696.51 ,$156.27 ,$0.00 ,3,0,12,4,59,73,1,3,428006,8864.022501,193696,163983,16804,39396,35478,79271,91192,17615,138500,10651,26639,6204,11021,9809
CA,CA25,201703,CLF,740,73.64054054,0.539189189,1.040941892,"$2,409.54 ",$559.95 ,$951.10 ,$687.19 ,$211.30 ,$0.00 ,9,1,24,1,170,158,2,2,470990,24672.40534,218386,187277,15591,36021,38019,90963,98766,8104,114440,8163,28551,6986,13481,12724
CA,CA3,201703,CLF,3210,70.8834891,0.542990654,1.312305296,"$2,034.70 ",$581.23 ,$689.84 ,$641.91 ,$121.71 ,$0.00 ,28,2,92,65,777,1007,3,15,4518699,27266.44488,1549773,1348982,180356,553160,432652,561952,1186660,340581,3038969,129608,113905,106066,62893,91930
CA,CA4,201703,CLF,4644,74.2002584,0.569767442,1.261615418,"$2,578.92 ",$974.31 ,$567.25 ,$876.11 ,$161.25 ,$0.00 ,63,1,115,73,1146,1600,8,30,13262234,4850.972611,4615697,4338482,441609,1781058,1352330,1739765,2957709,1601964,9307146,1149887,86507,469799,343744,220875
CA,CA5,201703,CLF,1526,75.52096986,0.55242464,1.181209043,"$2,977.79 ",$954.46 ,$619.76 ,"$1,195.08 ",$208.48 ,$0.00 ,13,0,35,6,389,575,0,15,848112,1842.466511,287498,271226,25853,88185,78474,123435,199599,77382,459811,31090,10988,17892,11400,12601
CA,CA6,201703,CLF,380,75.73684211,0.589473684,1.135013158,"$2,150.04 ",$664.91 ,$540.62 ,$733.50 ,$211.01 ,$0.00 ,3,0,6,3,91,116,0,0,443738,2735.137621,156210,144962,13861,52042,46478,64775,99117,45552,244382,21169,6950,15410,8052,19863
CA,CA7,201703,CLF,1258,74.90063593,0.538950715,1.192513514,"$4,593.97 ","$1,952.64 ","$1,395.51 ","$1,013.31 ",$232.51 ,$0.00 ,12,0,46,7,300,423,0,17,883053,8132.256436,295756,267913,39056,139584,77216,92005,257750,84735,576023,15490,21557,24792,18281,31126
CA,CA8,201703,CLF,307,74.89250814,0.570032573,1.070931596,"$3,255.77 ","$1,758.34 ",$513.02 ,$832.53 ,$151.88 ,$0.00 ,2,0,5,7,82,94,1,1,281455,3300.636162,121095,105317,6175,17123,20715,52758,50492,9045,86881,7329,9630,3482,4557,16435
CA,CA9,201703,CLF,381,75.67191601,0.56167979,1.099102362,"$2,936.00 ","$1,119.90 ",$650.23 ,"$1,022.60 ",$143.27 ,$0.00 ,2,0,8,4,108,128,0,2,433212,3281.719108,141155,126052,10475,78816,46650,55515,114125,75432,301974,14534,6567,17221,5984,17741
CA,CA1,201704,CLF,55847,73.19317063,0.568410121,1.160270704,"$1,023.09 ",$323.94 ,$183.35 ,$457.44 ,$58.36 ,$0.00 ,473,19,1139,1115,11517,17458,55,224,3302833,4208.762531,1204884,1118980,106962,286008,279602,439595,726344,216965,1787453,255366,42081,75015,61486,89451
CA,CA10,201704,CLF,203,73.24137931,0.532019704,1.372261084,"$1,893.27 ",$743.92 ,$294.06 ,$736.98 ,$118.31 ,$0.00 ,2,0,2,2,56,55,0,0,460477,4824.376542,147791,136106,18321,81345,44779,50391,143528,61208,326860,6561,10023,13317,8274,5426
CA,CA11,201704,CLF,99,73.90909091,0.535353535,1.452373737,"$2,733.87 ",$275.56 ,$777.08 ,"$1,598.63 ",$82.60 ,$0.00 ,2,0,6,0,26,34,0,0,150075,1390.308446,45792,42735,4855,24270,10946,14567,40935,13829,101017,2919,1938,3483,2730,14912
CA,CA12,201704,CLF,1258,71.94197138,0.555643879,1.943252782,"$2,740.35 ",$708.25 ,$427.44 ,"$1,502.05 ",$102.61 ,$0.00 ,19,2,27,13,297,551,2,3,978130,5958.095977,328577,304624,41276,147389,92035,114438,279979,108140,686675,23756,12508,28262,25805,16750
CA,CA13,201704,CLF,453,73.21633554,0.514348786,1.399068433,"$3,677.76 ","$1,650.10 ",$730.12 ,"$1,163.31 ",$134.24 ,$0.00 ,3,0,13,3,87,143,1,3,342954,21389.49918,163854,119622,10594,41422,24903,67475,74845,21273,143965,5802,14241,5844,5879,17935
CA,CA14,201704,CLF,708,75.86299435,0.572033898,1.041346045,"$3,234.30 ","$1,881.30 ",$500.09 ,$668.19 ,$184.72 ,$0.00 ,6,0,11,6,145,179,1,7,2255381,3124.860076,789873,749021,60919,189668,113096,295103,502048,188257,1461149,154299,25948,59669,38303,48904
CA,CA15,201704,CLF,99,76.24242424,0.606060606,1.56289899,"$3,036.11 ","$1,071.55 ",$642.71 ,"$1,089.70 ",$232.16 ,$0.00 ,3,0,1,2,25,43,0,0,269075,1935.645521,84795,79606,14912,48433,23145,29320,80062,34066,193067,3236,5216,7611,5801,5926
CA,CA16,201704,CLF,1596,74.80889724,0.571428571,1.166030075,"$2,198.76 ",$456.56 ,$866.18 ,$743.72 ,$132.30 ,$0.00 ,10,2,47,14,354,425,2,9,4673221,2470.336258,1796567,1692047,128698,373438,232541,689629,936866,360315,2804353,396804,19220,110888,205390,80356
CA,CA17,201704,CLF,162,75.35802469,0.586419753,1.309185185,"$4,758.42 ","$2,937.87 ","$1,020.71 ",$662.92 ,$136.92 ,$0.00 ,4,0,5,0,50,45,0,0,539301,1496.015066,181213,172682,26130,73664,35012,67770,146907,48530,309505,12059,7723,11489,11100,5269
CA,CA18,201704,CLF,346,74.43930636,0.592485549,1.105812139,"$2,745.61 ","$1,234.11 ",$644.24 ,$670.41 ,$196.85 ,$0.00 ,6,0,15,1,102,74,0,6,732212,1392.385418,241055,226727,28989,96905,53972,89461,201506,62038,494325,20238,8143,16525,14450,15994
CA,CA19,201704,CLF,3214,66.17485999,0.524579963,1.187269446,"$1,582.56 ",$435.97 ,$369.25 ,$493.91 ,$283.43 ,$0.00 ,38,1,121,52,701,739,5,17,2291738,5095.099057,896341,819372,75758,168734,134416,335498,532415,114749,1083594,101802,25772,34828,51388,38576
CA,CA2,201704,CLF,1507,70.76244194,0.505640345,1.252600531,"$1,329.02 ",$157.42 ,$408.72 ,$532.95 ,$229.94 ,$0.00 ,8,0,63,2,351,362,2,6,180216,4176.578436,57468,44057,10782,33928,15883,22446,51676,34263,160443,3448,6076,4616,3242,9708
CA,CA20,201704,CLF,145,72.75172414,0.531034483,1.05682069,"$2,150.94 ",$474.32 ,"$1,082.35 ",$504.81 ,$89.46 ,$0.00 ,2,0,2,1,31,34,0,1,438530,821.7515515,156896,149067,15346,36031,23696,64390,98813,20223,269660,13520,4468,7695,7541,10444
CA,CA21,201704,CLF,324,76.10493827,0.583333333,1.118299383,"$1,693.92 ",$562.71 ,$468.82 ,$514.15 ,$148.25 ,$0.00 ,3,0,7,1,72,81,1,2,641847,2324.181643,263188,238371,17271,57501,43401,116457,130712,38050,249451,23427,13544,12933,11677,12597
CA,CA22,201704,CLF,87,75.14942529,0.597701149,1.216011494,"$1,947.06 ",$0.00 ,"$1,107.77 ",$639.98 ,$199.31 ,$0.00 ,0,0,4,0,17,23,0,0,171365,1234.545845,62685,58539,6792,22175,14964,23303,45990,13426,84511,4555,4913,3992,3786,2411
CA,CA23,201704,CLF,411,74.30170316,0.540145985,1.023849148,"$1,807.69 ",$106.98 ,$816.59 ,$720.01 ,$164.11 ,$0.00 ,2,0,17,3,76,103,0,5,151906,9005.172163,84579,59685,4117,9269,9764,35175,25619,1701,28770,2723,7154,1011,2769,11716
CA,CA24,201704,CLF,324,73.84567901,0.50617284,1.092888889,"$2,507.50 ",$800.33 ,"$1,033.00 ",$520.39 ,$153.78 ,$0.00 ,5,1,12,1,77,74,0,2,428006,8864.022501,193696,163983,16804,39396,35478,79271,91192,17615,138500,10651,26639,6204,11021,9809
CA,CA25,201704,CLF,740,73.71756757,0.539189189,1.040941892,"$2,525.17 ",$785.16 ,$928.52 ,$666.07 ,$145.41 ,$0.00 ,4,0,15,2,144,131,2,2,470990,24672.40534,218386,187277,15591,36021,38019,90963,98766,8104,114440,8163,28551,6986,13481,12724
CA,CA3,201704,CLF,3211,70.9461227,0.54313298,1.312208346,"$2,069.23 ",$752.47 ,$595.23 ,$615.82 ,$105.72 ,$0.00 ,36,1,91,57,720,938,3,15,4518699,27266.44488,1549773,1348982,180356,553160,432652,561952,1186660,340581,3038969,129608,113905,106066,62893,91930
CA,CA4,201704,CLF,4644,74.27691645,0.569767442,1.261615418,"$2,370.90 ",$807.58 ,$681.01 ,$737.96 ,$144.35 ,$0.00 ,60,1,99,57,1012,1477,3,28,13262234,4850.972611,4615697,4338482,441609,1781058,1352330,1739765,2957709,1601964,9307146,1149887,86507,469799,343744,220875
CA,CA5,201704,CLF,1526,75.59239843,0.55242464,1.181209043,"$3,288.70 ","$1,659.90 ",$473.16 ,$962.68 ,$192.97 ,$0.00 ,16,0,35,7,384,527,0,12,848112,1842.466511,287498,271226,25853,88185,78474,123435,199599,77382,459811,31090,10988,17892,11400,12601
CA,CA6,201704,CLF,380,75.81052632,0.589473684,1.135013158,"$2,491.30 ",$960.15 ,$680.02 ,$711.54 ,$139.59 ,$0.00 ,4,0,15,2,86,104,0,0,443738,2735.137621,156210,144962,13861,52042,46478,64775,99117,45552,244382,21169,6950,15410,8052,19863
CA,CA7,201704,CLF,1258,74.98807631,0.538950715,1.192513514,"$2,461.37 ",$475.04 ,"$1,004.31 ",$755.77 ,$226.26 ,$0.00 ,7,0,43,3,256,410,3,17,883053,8132.256436,295756,267913,39056,139584,77216,92005,257750,84735,576023,15490,21557,24792,18281,31126
CA,CA8,201704,CLF,307,74.96091205,0.570032573,1.070931596,"$2,963.19 ","$1,111.23 ",$625.58 ,"$1,091.44 ",$134.94 ,$0.00 ,5,0,12,7,62,92,1,1,281455,3300.636162,121095,105317,6175,17123,20715,52758,50492,9045,86881,7329,9630,3482,4557,16435
CA,CA9,201704,CLF,381,75.72703412,0.56167979,1.099102362,"$1,701.29 ",$431.63 ,$490.90 ,$628.38 ,$150.39 ,$0.00 ,2,0,9,2,91,97,1,2,433212,3281.719108,141155,126052,10475,78816,46650,55515,114125,75432,301974,14534,6567,17221,5984,17741
CA,CA1,201705,CLF,55848,73.27171967,0.568435754,1.160223482,"$1,144.41 ",$359.57 ,$202.09 ,$520.53 ,$62.23 ,$0.00 ,515,34,1158,1151,12612,18983,81,244,3302833,4208.762531,1204884,1118980,106962,286008,279602,439595,726344,216965,1787453,255366,42081,75015,61486,89451
CA,CA10,201705,CLF,203,73.31034483,0.532019704,1.372261084,"$1,878.10 ",$828.73 ,$402.90 ,$501.58 ,$144.89 ,$0.00 ,2,0,4,3,49,58,0,0,460477,4824.376542,147791,136106,18321,81345,44779,50391,143528,61208,326860,6561,10023,13317,8274,5426
CA,CA11,201705,CLF,99,73.96969697,0.535353535,1.452373737,"$3,085.09 ","$1,058.89 ",$508.68 ,"$1,429.81 ",$87.71 ,$0.00 ,3,0,3,1,32,36,0,0,150075,1390.308446,45792,42735,4855,24270,10946,14567,40935,13829,101017,2919,1938,3483,2730,14912
CA,CA12,201705,CLF,1257,72.04614161,0.555290374,1.943964201,"$3,516.99 ","$1,033.83 ",$519.35 ,"$1,844.08 ",$119.73 ,$0.00 ,23,0,42,12,322,579,2,3,978130,5958.095977,328577,304624,41276,147389,92035,114438,279979,108140,686675,23756,12508,28262,25805,16750
CA,CA13,201705,CLF,453,73.31125828,0.514348786,1.399068433,"$2,419.99 ",$816.11 ,$569.65 ,$909.17 ,$125.05 ,$0.00 ,2,1,14,3,98,133,2,5,342954,21389.49918,163854,119622,10594,41422,24903,67475,74845,21273,143965,5802,14241,5844,5879,17935
CA,CA14,201705,CLF,708,75.93926554,0.572033898,1.041346045,"$5,055.14 ","$3,366.95 ",$734.71 ,$772.97 ,$180.51 ,$0.00 ,7,0,8,2,163,199,3,9,2255381,3124.860076,789873,749021,60919,189668,113096,295103,502048,188257,1461149,154299,25948,59669,38303,48904
CA,CA15,201705,CLF,99,76.29292929,0.606060606,1.56289899,"$2,874.80 ",$573.47 ,$988.90 ,"$1,065.45 ",$246.97 ,$0.00 ,1,0,4,0,24,41,0,0,269075,1935.645521,84795,79606,14912,48433,23145,29320,80062,34066,193067,3236,5216,7611,5801,5926
CA,CA16,201705,CLF,1596,74.89724311,0.571428571,1.166030075,"$3,761.56 ","$1,699.07 ",$989.79 ,$943.32 ,$129.39 ,$0.00 ,16,1,41,16,423,448,1,9,4673221,2470.336258,1796567,1692047,128698,373438,232541,689629,936866,360315,2804353,396804,19220,110888,205390,80356
CA,CA17,201705,CLF,162,75.43209877,0.586419753,1.309185185,"$4,466.44 ","$2,324.85 ","$1,158.64 ",$809.71 ,$173.24 ,$0.00 ,2,0,7,1,48,41,0,0,539301,1496.015066,181213,172682,26130,73664,35012,67770,146907,48530,309505,12059,7723,11489,11100,5269
CA,CA18,201705,CLF,346,74.51156069,0.592485549,1.105812139,"$3,638.78 ","$1,350.33 ","$1,234.20 ",$840.92 ,$213.32 ,$0.00 ,5,0,17,2,113,107,3,7,732212,1392.385418,241055,226727,28989,96905,53972,89461,201506,62038,494325,20238,8143,16525,14450,15994
CA,CA19,201705,CLF,3215,66.24696734,0.524416796,1.187418974,"$1,784.87 ",$494.41 ,$436.25 ,$543.27 ,$310.94 ,$0.00 ,46,0,158,42,753,818,3,13,2291738,5095.099057,896341,819372,75758,168734,134416,335498,532415,114749,1083594,101802,25772,34828,51388,38576
CA,CA2,201705,CLF,1507,70.82813537,0.505640345,1.252600531,"$1,330.24 ",$233.08 ,$268.54 ,$552.60 ,$276.03 ,$0.00 ,8,0,65,1,369,392,3,5,180216,4176.578436,57468,44057,10782,33928,15883,22446,51676,34263,160443,3448,6076,4616,3242,9708
CA,CA20,201705,CLF,145,72.77931035,0.531034483,1.05682069,"$4,816.74 ","$1,745.62 ","$2,180.15 ",$823.14 ,$67.83 ,$0.00 ,2,0,1,2,33,41,0,1,438530,821.7515515,156896,149067,15346,36031,23696,64390,98813,20223,269660,13520,4468,7695,7541,10444
CA,CA21,201705,CLF,324,76.20061728,0.583333333,1.118299383,"$2,421.94 ",$811.13 ,$749.94 ,$743.89 ,$116.98 ,$0.00 ,5,0,12,0,85,103,0,2,641847,2324.181643,263188,238371,17271,57501,43401,116457,130712,38050,249451,23427,13544,12933,11677,12597
CA,CA22,201705,CLF,87,75.24137931,0.597701149,1.216011494,"$4,376.60 ","$1,165.68 ","$2,077.73 ",$884.71 ,$248.48 ,$0.00 ,1,0,2,0,25,30,1,1,171365,1234.545845,62685,58539,6792,22175,14964,23303,45990,13426,84511,4555,4913,3992,3786,2411
CA,CA23,201705,CLF,411,74.37469586,0.540145985,1.023849148,"$3,761.91 ","$1,782.38 ",$976.13 ,$822.52 ,$180.88 ,$0.00 ,7,1,19,0,70,89,1,4,151906,9005.172163,84579,59685,4117,9269,9764,35175,25619,1701,28770,2723,7154,1011,2769,11716
CA,CA24,201705,CLF,324,73.91666667,0.50617284,1.092888889,"$2,564.11 ",$287.64 ,"$1,708.24 ",$452.66 ,$115.56 ,$0.00 ,3,1,10,3,80,69,2,2,428006,8864.022501,193696,163983,16804,39396,35478,79271,91192,17615,138500,10651,26639,6204,11021,9809
CA,CA25,201705,CLF,740,73.77027027,0.539189189,1.040941892,"$2,314.47 ",$764.69 ,$718.77 ,$604.03 ,$226.97 ,$0.00 ,8,0,26,5,168,158,0,2,470990,24672.40534,218386,187277,15591,36021,38019,90963,98766,8104,114440,8163,28551,6986,13481,12724
CA,CA3,201705,CLF,3211,71.01993149,0.54313298,1.312208346,"$1,919.44 ",$547.81 ,$593.15 ,$663.05 ,$115.43 ,$0.00 ,33,2,88,56,755,992,3,15,4518699,27266.44488,1549773,1348982,180356,553160,432652,561952,1186660,340581,3038969,129608,113905,106066,62893,91930
CA,CA4,201705,CLF,4644,74.35228252,0.569767442,1.261615418,"$2,707.97 ","$1,027.18 ",$678.77 ,$834.37 ,$167.65 ,$0.00 ,51,1,105,60,1093,1648,5,29,13262234,4850.972611,4615697,4338482,441609,1781058,1352330,1739765,2957709,1601964,9307146,1149887,86507,469799,343744,220875
CA,CA5,201705,CLF,1526,75.672346,0.55242464,1.181209043,"$3,426.80 ","$1,176.17 ",$838.86 ,"$1,202.85 ",$208.92 ,$0.00 ,11,0,41,12,393,539,0,13,848112,1842.466511,287498,271226,25853,88185,78474,123435,199599,77382,459811,31090,10988,17892,11400,12601
CA,CA6,201705,CLF,380,75.90263158,0.589473684,1.135013158,"$3,037.25 ","$1,299.16 ",$642.77 ,$904.27 ,$191.05 ,$0.00 ,2,0,13,0,111,123,0,0,443738,2735.137621,156210,144962,13861,52042,46478,64775,99117,45552,244382,21169,6950,15410,8052,19863
CA,CA7,201705,CLF,1258,75.06041336,0.538950715,1.192513514,"$3,438.99 ",$971.55 ,"$1,138.23 ","$1,073.66 ",$255.55 ,$0.00 ,12,0,41,8,264,418,0,16,883053,8132.256436,295756,267913,39056,139584,77216,92005,257750,84735,576023,15490,21557,24792,18281,31126
CA,CA8,201705,CLF,307,75.05863192,0.570032573,1.070931596,"$2,548.56 ",$826.74 ,$750.03 ,$825.06 ,$146.73 ,$0.00 ,3,0,9,4,68,103,0,1,281455,3300.636162,121095,105317,6175,17123,20715,52758,50492,9045,86881,7329,9630,3482,4557,16435
CA,CA9,201705,CLF,381,75.82939633,0.56167979,1.099102362,"$3,290.97 ","$1,912.06 ",$584.24 ,$648.72 ,$145.94 ,$0.00 ,2,1,4,5,108,115,1,2,433212,3281.719108,141155,126052,10475,78816,46650,55515,114125,75432,301974,14534,6567,17221,5984,17741
CA,CA1,201706,CLF,55846,73.34602299,0.568438205,1.160265677,"$1,124.37 ",$344.40 ,$208.99 ,$510.92 ,$60.06 ,$0.00 ,501,32,1176,1066,12689,18744,87,245,3302833,4208.762531,1204884,1118980,106962,286008,279602,439595,726344,216965,1787453,255366,42081,75015,61486,89451
CA,CA10,201706,CLF,203,73.37438424,0.532019704,1.372261084,"$1,153.74 ",$275.50 ,$261.79 ,$494.85 ,$121.60 ,$0.00 ,0,0,2,0,61,58,0,0,460477,4824.376542,147791,136106,18321,81345,44779,50391,143528,61208,326860,6561,10023,13317,8274,5426
CA,CA11,201706,CLF,99,74.08080808,0.535353535,1.452373737,"$1,839.33 ",$309.34 ,$270.64 ,"$1,173.50 ",$85.85 ,$0.00 ,4,0,2,1,25,38,0,0,150075,1390.308446,45792,42735,4855,24270,10946,14567,40935,13829,101017,2919,1938,3483,2730,14912
CA,CA12,201706,CLF,1258,72.10015898,0.555643879,1.943252782,"$3,081.70 ",$670.57 ,$663.75 ,"$1,637.68 ",$109.69 ,$0.00 ,17,2,40,22,341,574,0,3,978130,5958.095977,328577,304624,41276,147389,92035,114438,279979,108140,686675,23756,12508,28262,25805,16750
CA,CA13,201706,CLF,453,73.36203091,0.514348786,1.399068433,"$1,881.98 ",$44.90 ,$712.52 ,$974.80 ,$149.77 ,$0.00 ,1,1,16,1,98,143,0,5,342954,21389.49918,163854,119622,10594,41422,24903,67475,74845,21273,143965,5802,14241,5844,5879,17935
CA,CA14,201706,CLF,708,76.00706215,0.572033898,1.041346045,"$2,387.69 ",$807.36 ,$608.18 ,$782.09 ,$190.05 ,$0.00 ,3,0,17,6,162,212,2,9,2255381,3124.860076,789873,749021,60919,189668,113096,295103,502048,188257,1461149,154299,25948,59669,38303,48904
CA,CA15,201706,CLF,99,76.36363636,0.606060606,1.56289899,"$1,938.05 ",$0.00 ,$791.35 ,$788.27 ,$358.43 ,$0.00 ,0,0,2,3,26,38,0,0,269075,1935.645521,84795,79606,14912,48433,23145,29320,80062,34066,193067,3236,5216,7611,5801,5926
CA,CA16,201706,CLF,1596,74.95864662,0.571428571,1.166030075,"$3,935.34 ","$2,236.41 ",$721.86 ,$822.09 ,$154.99 ,$0.00 ,18,1,25,13,383,438,2,9,4673221,2470.336258,1796567,1692047,128698,373438,232541,689629,936866,360315,2804353,396804,19220,110888,205390,80356
CA,CA17,201706,CLF,162,75.52469136,0.586419753,1.309185185,"$2,623.47 ",$618.98 ,"$1,128.59 ",$685.31 ,$190.58 ,$0.00 ,2,0,0,2,56,37,0,0,539301,1496.015066,181213,172682,26130,73664,35012,67770,146907,48530,309505,12059,7723,11489,11100,5269
CA,CA18,201706,CLF,346,74.61560694,0.592485549,1.105812139,"$3,025.33 ","$1,340.76 ",$855.13 ,$691.31 ,$138.13 ,$0.00 ,4,0,8,0,107,100,0,5,732212,1392.385418,241055,226727,28989,96905,53972,89461,201506,62038,494325,20238,8143,16525,14450,15994
CA,CA19,201706,CLF,3216,66.31436567,0.524253731,1.187208644,"$1,862.65 ",$575.72 ,$421.49 ,$565.16 ,$300.28 ,$0.00 ,46,1,158,42,763,780,6,15,2291738,5095.099057,896341,819372,75758,168734,134416,335498,532415,114749,1083594,101802,25772,34828,51388,38576
CA,CA2,201706,CLF,1507,70.90975448,0.505640345,1.252600531,"$1,413.22 ",$270.55 ,$253.28 ,$637.37 ,$252.02 ,$0.00 ,14,0,61,3,365,395,1,4,180216,4176.578436,57468,44057,10782,33928,15883,22446,51676,34263,160443,3448,6076,4616,3242,9708
CA,CA20,201706,CLF,145,72.89655172,0.531034483,1.05682069,"$2,344.74 ",$0.00 ,"$1,725.05 ",$540.40 ,$79.29 ,$0.00 ,0,0,6,1,36,31,0,1,438530,821.7515515,156896,149067,15346,36031,23696,64390,98813,20223,269660,13520,4468,7695,7541,10444
CA,CA21,201706,CLF,324,76.25925926,0.583333333,1.118299383,"$2,567.23 ","$1,035.34 ",$568.73 ,$849.04 ,$114.11 ,$0.00 ,2,0,8,4,90,79,1,2,641847,2324.181643,263188,238371,17271,57501,43401,116457,130712,38050,249451,23427,13544,12933,11677,12597
CA,CA22,201706,CLF,87,75.28735632,0.597701149,1.216011494,"$3,781.55 ","$1,011.18 ","$1,814.36 ",$771.83 ,$184.18 ,$0.00 ,1,0,2,0,26,22,0,1,171365,1234.545845,62685,58539,6792,22175,14964,23303,45990,13426,84511,4555,4913,3992,3786,2411
CA,CA23,201706,CLF,411,74.45742093,0.540145985,1.023849148,"$2,808.73 ","$1,202.24 ",$732.06 ,$744.22 ,$130.21 ,$0.00 ,3,0,10,6,74,93,0,6,151906,9005.172163,84579,59685,4117,9269,9764,35175,25619,1701,28770,2723,7154,1011,2769,11716
CA,CA24,201706,CLF,324,74,0.50617284,1.092888889,"$4,472.79 ","$2,021.92 ","$1,481.69 ",$812.63 ,$156.54 ,$0.00 ,1,0,9,1,87,68,1,2,428006,8864.022501,193696,163983,16804,39396,35478,79271,91192,17615,138500,10651,26639,6204,11021,9809
CA,CA25,201706,CLF,740,73.8472973,0.539189189,1.040941892,"$2,388.11 ",$587.84 ,$738.00 ,$833.11 ,$229.16 ,$0.00 ,9,0,20,4,161,145,0,2,470990,24672.40534,218386,187277,15591,36021,38019,90963,98766,8104,114440,8163,28551,6986,13481,12724
CA,CA3,201706,CLF,3211,71.0940517,0.54313298,1.312208346,"$1,938.97 ",$641.72 ,$515.98 ,$663.01 ,$118.26 ,$0.00 ,49,2,111,52,749,1011,2,12,4518699,27266.44488,1549773,1348982,180356,553160,432652,561952,1186660,340581,3038969,129608,113905,106066,62893,91930
CA,CA4,201706,CLF,4644,74.42161929,0.569767442,1.261615418,"$2,431.95 ",$833.30 ,$613.97 ,$838.43 ,$146.25 ,$0.00 ,52,1,95,50,1056,1547,8,29,13262234,4850.972611,4615697,4338482,441609,1781058,1352330,1739765,2957709,1601964,9307146,1149887,86507,469799,343744,220875
CA,CA5,201706,CLF,1526,75.73918742,0.55242464,1.181209043,"$2,580.53 ",$634.83 ,$730.82 ,$987.29 ,$227.59 ,$0.00 ,13,0,39,8,387,537,0,15,848112,1842.466511,287498,271226,25853,88185,78474,123435,199599,77382,459811,31090,10988,17892,11400,12601
CA,CA6,201706,CLF,380,75.97631579,0.589473684,1.135013158,"$1,856.06 ",$154.99 ,$731.08 ,$799.67 ,$170.32 ,$0.00 ,1,0,11,3,86,107,1,0,443738,2735.137621,156210,144962,13861,52042,46478,64775,99117,45552,244382,21169,6950,15410,8052,19863
CA,CA7,201706,CLF,1258,75.13036566,0.538950715,1.192513514,"$2,926.23 ",$858.04 ,$886.14 ,$961.15 ,$220.90 ,$0.00 ,14,0,37,9,253,397,0,14,883053,8132.256436,295756,267913,39056,139584,77216,92005,257750,84735,576023,15490,21557,24792,18281,31126
CA,CA8,201706,CLF,307,75.13355049,0.570032573,1.070931596,"$1,820.62 ",$166.48 ,$760.12 ,$748.94 ,$145.08 ,$0.00 ,2,1,14,2,85,100,2,1,281455,3300.636162,121095,105317,6175,17123,20715,52758,50492,9045,86881,7329,9630,3482,4557,16435
CA,CA9,201706,CLF,381,75.8976378,0.56167979,1.099102362,"$1,756.82 ",$525.95 ,$408.65 ,$683.55 ,$138.68 ,$0.00 ,2,0,8,6,102,107,0,2,433212,3281.719108,141155,126052,10475,78816,46650,55515,114125,75432,301974,14534,6567,17221,5984,17741
CA,CA1,201707,CLF,55846,73.42217885,0.568438205,1.16022084,"$1,104.62 ",$366.30 ,$195.60 ,$483.29 ,$59.44 ,$0.00 ,525,31,1226,1138,11706,17622,78,235,3302833,4208.762531,1204884,1118980,106962,286008,279602,439595,726344,216965,1787453,255366,42081,75015,61486,89451
CA,CA10,201707,CLF,203,73.4679803,0.532019704,1.372261084,"$2,878.07 ","$1,675.23 ",$461.93 ,$628.64 ,$112.26 ,$0.00 ,2,0,3,0,52,46,0,0,460477,4824.376542,147791,136106,18321,81345,44779,50391,143528,61208,326860,6561,10023,13317,8274,5426
CA,CA11,201707,CLF,99,74.13131313,0.535353535,1.452373737,"$2,099.31 ",$366.92 ,$615.74 ,"$1,045.99 ",$70.65 ,$0.00 ,1,0,2,1,22,33,0,0,150075,1390.308446,45792,42735,4855,24270,10946,14567,40935,13829,101017,2919,1938,3483,2730,14912
CA,CA12,201707,CLF,1258,72.1709062,0.555643879,1.943252782,"$2,837.03 ",$648.09 ,$486.84 ,"$1,583.18 ",$118.92 ,$0.00 ,15,1,35,11,304,540,2,3,978130,5958.095977,328577,304624,41276,147389,92035,114438,279979,108140,686675,23756,12508,28262,25805,16750
CA,CA13,201707,CLF,453,73.42604857,0.514348786,1.399068433,"$2,499.36 ",$619.21 ,$724.32 ,$988.80 ,$167.02 ,$0.00 ,4,0,13,3,75,140,0,6,342954,21389.49918,163854,119622,10594,41422,24903,67475,74845,21273,143965,5802,14241,5844,5879,17935
CA,CA14,201707,CLF,708,76.07485876,0.572033898,1.041346045,"$2,551.61 ",$508.98 ,$937.19 ,$913.57 ,$191.88 ,$0.00 ,4,0,14,4,145,210,0,10,2255381,3124.860076,789873,749021,60919,189668,113096,295103,502048,188257,1461149,154299,25948,59669,38303,48904
CA,CA15,201707,CLF,99,76.47474748,0.606060606,1.56289899,"$3,724.20 ","$1,761.89 ",$645.38 ,"$1,074.56 ",$242.37 ,$0.00 ,1,0,3,3,19,40,0,0,269075,1935.645521,84795,79606,14912,48433,23145,29320,80062,34066,193067,3236,5216,7611,5801,5926
CA,CA16,201707,CLF,1596,75.03070175,0.571428571,1.166030075,"$2,826.17 ","$1,116.41 ",$767.17 ,$802.66 ,$139.93 ,$0.00 ,16,0,37,19,347,436,1,8,4673221,2470.336258,1796567,1692047,128698,373438,232541,689629,936866,360315,2804353,396804,19220,110888,205390,80356
CA,CA17,201707,CLF,162,75.57407407,0.586419753,1.309185185,"$3,403.83 ","$1,555.21 ",$977.48 ,$691.65 ,$179.49 ,$0.00 ,2,0,3,1,40,35,0,0,539301,1496.015066,181213,172682,26130,73664,35012,67770,146907,48530,309505,12059,7723,11489,11100,5269
CA,CA18,201707,CLF,346,74.69075145,0.592485549,1.105812139,"$1,581.60 ",$0.00 ,$864.32 ,$551.54 ,$165.74 ,$0.00 ,0,0,4,3,101,85,0,5,732212,1392.385418,241055,226727,28989,96905,53972,89461,201506,62038,494325,20238,8143,16525,14450,15994
CA,CA19,201707,CLF,3216,66.39956468,0.524253731,1.187208644,"$1,706.73 ",$587.66 ,$360.73 ,$460.44 ,$297.89 ,$0.00 ,49,1,165,50,684,695,5,15,2291738,5095.099057,896341,819372,75758,168734,134416,335498,532415,114749,1083594,101802,25772,34828,51388,38576
CA,CA2,201707,CLF,1506,71.00199203,0.505976096,1.251843294,"$1,475.92 ",$341.66 ,$287.41 ,$609.26 ,$237.60 ,$0.00 ,12,0,61,4,310,367,1,4,180216,4176.578436,57468,44057,10782,33928,15883,22446,51676,34263,160443,3448,6076,4616,3242,9708
CA,CA20,201707,CLF,145,72.95862069,0.531034483,1.05682069,"$1,764.34 ",$97.27 ,"$1,179.27 ",$400.04 ,$87.75 ,$0.00 ,2,0,2,0,31,30,0,1,438530,821.7515515,156896,149067,15346,36031,23696,64390,98813,20223,269660,13520,4468,7695,7541,10444
CA,CA21,201707,CLF,324,76.32716049,0.583333333,1.118299383,"$3,168.25 ","$1,961.35 ",$417.07 ,$686.10 ,$103.74 ,$0.00 ,5,0,9,2,73,79,0,2,641847,2324.181643,263188,238371,17271,57501,43401,116457,130712,38050,249451,23427,13544,12933,11677,12597
CA,CA22,201707,CLF,87,75.34482759,0.597701149,1.216011494,"$3,290.68 ",$751.17 ,"$1,403.29 ",$941.64 ,$194.59 ,$0.00 ,0,0,1,3,21,15,0,1,171365,1234.545845,62685,58539,6792,22175,14964,23303,45990,13426,84511,4555,4913,3992,3786,2411
CA,CA23,201707,CLF,411,74.54257908,0.540145985,1.023849148,"$2,229.63 ",$863.49 ,$655.27 ,$562.82 ,$148.04 ,$0.00 ,1,0,11,3,74,98,0,6,151906,9005.172163,84579,59685,4117,9269,9764,35175,25619,1701,28770,2723,7154,1011,2769,11716
CA,CA24,201707,CLF,324,74.06790124,0.50617284,1.092888889,"$2,139.13 ",$505.76 ,"$1,006.15 ",$496.59 ,$130.63 ,$0.00 ,3,1,11,0,74,69,0,2,428006,8864.022501,193696,163983,16804,39396,35478,79271,91192,17615,138500,10651,26639,6204,11021,9809
CA,CA25,201707,CLF,740,73.91891892,0.539189189,1.040941892,"$2,678.05 ","$1,233.07 ",$702.65 ,$598.24 ,$144.10 ,$0.00 ,12,0,16,1,146,146,0,2,470990,24672.40534,218386,187277,15591,36021,38019,90963,98766,8104,114440,8163,28551,6986,13481,12724
CA,CA3,201707,CLF,3211,71.16848334,0.54313298,1.312208346,"$1,953.97 ",$747.03 ,$553.25 ,$541.27 ,$112.42 ,$0.00 ,42,5,94,57,656,881,8,14,4518699,27266.44488,1549773,1348982,180356,553160,432652,561952,1186660,340581,3038969,129608,113905,106066,62893,91930
CA,CA4,201707,CLF,4644,74.4877261,0.569767442,1.261615418,"$2,337.11 ",$826.93 ,$594.41 ,$766.19 ,$149.58 ,$0.00 ,58,2,109,61,984,1388,8,27,13262234,4850.972611,4615697,4338482,441609,1781058,1352330,1739765,2957709,1601964,9307146,1149887,86507,469799,343744,220875
CA,CA5,201707,CLF,1526,75.83289646,0.55242464,1.181209043,"$3,843.30 ","$1,865.63 ",$770.71 ,"$1,008.02 ",$198.94 ,$0.00 ,20,0,46,7,376,504,1,12,848112,1842.466511,287498,271226,25853,88185,78474,123435,199599,77382,459811,31090,10988,17892,11400,12601
CA,CA6,201707,CLF,380,76.06842105,0.589473684,1.135013158,"$2,673.26 ","$1,278.12 ",$447.99 ,$814.71 ,$132.44 ,$0.00 ,6,0,11,2,86,112,0,0,443738,2735.137621,156210,144962,13861,52042,46478,64775,99117,45552,244382,21169,6950,15410,8052,19863
CA,CA7,201707,CLF,1258,75.2027027,0.538950715,1.192513514,"$4,230.84 ","$2,025.51 ",$969.54 ,"$1,055.16 ",$180.63 ,$0.00 ,15,0,56,10,233,393,0,10,883053,8132.256436,295756,267913,39056,139584,77216,92005,257750,84735,576023,15490,21557,24792,18281,31126
CA,CA8,201707,CLF,307,75.2019544,0.570032573,1.070931596,"$2,702.23 ","$1,196.82 ",$572.08 ,$692.23 ,$241.10 ,$0.00 ,6,0,11,2,65,91,0,1,281455,3300.636162,121095,105317,6175,17123,20715,52758,50492,9045,86881,7329,9630,3482,4557,16435
CA,CA9,201707,CLF,381,75.95800525,0.56167979,1.099102362,"$1,835.97 ",$612.64 ,$532.52 ,$561.75 ,$129.06 ,$0.00 ,4,0,12,5,84,113,0,2,433212,3281.719108,141155,126052,10475,78816,46650,55515,114125,75432,301974,14534,6567,17221,5984,17741
CA,CA1,201708,CLF,55850,73.49853178,0.568433304,1.160290457,"$1,146.30 ",$325.32 ,$224.96 ,$534.01 ,$62.02 ,$0.00 ,516,30,1225,1005,12883,19367,95,248,3302833,4208.762531,1204884,1118980,106962,286008,279602,439595,726344,216965,1787453,255366,42081,75015,61486,89451
CA,CA10,201708,CLF,203,73.56157636,0.532019704,1.372261084,"$2,668.69 ","$1,111.21 ",$501.42 ,$914.97 ,$141.09 ,$0.00 ,2,0,6,0,66,65,0,0,460477,4824.376542,147791,136106,18321,81345,44779,50391,143528,61208,326860,6561,10023,13317,8274,5426
CA,CA11,201708,CLF,99,74.18181818,0.535353535,1.452373737,"$2,263.79 ",$530.98 ,$472.33 ,"$1,202.75 ",$57.73 ,$0.00 ,0,0,1,1,32,33,1,0,150075,1390.308446,45792,42735,4855,24270,10946,14567,40935,13829,101017,2919,1938,3483,2730,14912
CA,CA12,201708,CLF,1258,72.24403816,0.555643879,1.943252782,"$3,233.25 ",$880.97 ,$504.83 ,"$1,728.00 ",$119.46 ,$0.00 ,16,2,37,18,353,590,2,4,978130,5958.095977,328577,304624,41276,147389,92035,114438,279979,108140,686675,23756,12508,28262,25805,16750
CA,CA13,201708,CLF,453,73.50772627,0.514348786,1.399068433,"$4,372.03 ","$2,178.77 ",$809.05 ,"$1,070.04 ",$314.17 ,$0.00 ,6,1,14,0,98,137,0,5,342954,21389.49918,163854,119622,10594,41422,24903,67475,74845,21273,143965,5802,14241,5844,5879,17935
CA,CA14,201708,CLF,708,76.15677966,0.572033898,1.041346045,"$2,245.34 ",$605.18 ,$631.54 ,$811.52 ,$197.10 ,$0.00 ,7,0,19,0,142,211,1,10,2255381,3124.860076,789873,749021,60919,189668,113096,295103,502048,188257,1461149,154299,25948,59669,38303,48904
CA,CA15,201708,CLF,99,76.58585859,0.606060606,1.56289899,"$7,328.45 ","$4,743.47 ",$962.55 ,"$1,422.98 ",$199.45 ,$0.00 ,3,0,4,0,22,37,0,0,269075,1935.645521,84795,79606,14912,48433,23145,29320,80062,34066,193067,3236,5216,7611,5801,5926
CA,CA16,201708,CLF,1596,75.10087719,0.571428571,1.166030075,"$2,520.62 ",$756.85 ,$844.17 ,$775.66 ,$143.94 ,$0.00 ,23,1,38,12,408,464,0,8,4673221,2470.336258,1796567,1692047,128698,373438,232541,689629,936866,360315,2804353,396804,19220,110888,205390,80356
CA,CA17,201708,CLF,162,75.61728395,0.586419753,1.309185185,"$3,658.17 ",$406.98 ,"$2,319.23 ",$820.77 ,$111.19 ,$0.00 ,1,0,6,1,44,52,0,0,539301,1496.015066,181213,172682,26130,73664,35012,67770,146907,48530,309505,12059,7723,11489,11100,5269
CA,CA18,201708,CLF,346,74.7716763,0.592485549,1.105812139,"$2,126.84 ",$238.35 ,$850.54 ,$814.79 ,$223.16 ,$0.00 ,1,1,12,1,96,97,0,5,732212,1392.385418,241055,226727,28989,96905,53972,89461,201506,62038,494325,20238,8143,16525,14450,15994
CA,CA19,201708,CLF,3215,66.47807154,0.524416796,1.187049456,"$1,815.37 ",$590.19 ,$407.51 ,$507.46 ,$310.21 ,$0.00 ,41,2,143,35,764,798,7,15,2291738,5095.099057,896341,819372,75758,168734,134416,335498,532415,114749,1083594,101802,25772,34828,51388,38576
CA,CA2,201708,CLF,1507,71.06834771,0.505640345,1.252600531,"$1,852.60 ",$365.60 ,$375.09 ,$822.29 ,$289.62 ,$0.00 ,11,1,69,6,363,424,0,5,180216,4176.578436,57468,44057,10782,33928,15883,22446,51676,34263,160443,3448,6076,4616,3242,9708
CA,CA20,201708,CLF,145,73.02068966,0.531034483,1.05682069,"$2,723.04 ",$615.85 ,"$1,255.20 ",$775.53 ,$76.47 ,$0.00 ,0,0,3,2,36,45,0,1,438530,821.7515515,156896,149067,15346,36031,23696,64390,98813,20223,269660,13520,4468,7695,7541,10444
CA,CA21,201708,CLF,324,76.40432099,0.583333333,1.118299383,"$3,047.65 ","$1,227.34 ",$798.63 ,$901.87 ,$119.81 ,$0.00 ,4,0,7,1,74,81,0,2,641847,2324.181643,263188,238371,17271,57501,43401,116457,130712,38050,249451,23427,13544,12933,11677,12597
CA,CA22,201708,CLF,87,75.40229885,0.597701149,1.216011494,"$2,873.09 ",$0.00 ,"$2,106.60 ",$535.44 ,$231.05 ,$0.00 ,0,0,2,0,16,18,0,1,171365,1234.545845,62685,58539,6792,22175,14964,23303,45990,13426,84511,4555,4913,3992,3786,2411
CA,CA23,201708,CLF,411,74.62287105,0.540145985,1.023849148,"$1,982.90 ",$553.35 ,$752.50 ,$542.20 ,$134.85 ,$0.00 ,2,1,7,3,66,94,0,6,151906,9005.172163,84579,59685,4117,9269,9764,35175,25619,1701,28770,2723,7154,1011,2769,11716
CA,CA24,201708,CLF,324,74.16358025,0.50617284,1.092888889,"$3,298.06 ","$1,033.14 ","$1,403.98 ",$682.90 ,$178.04 ,$0.00 ,3,0,7,1,76,72,0,2,428006,8864.022501,193696,163983,16804,39396,35478,79271,91192,17615,138500,10651,26639,6204,11021,9809
CA,CA25,201708,CLF,740,73.9972973,0.539189189,1.040941892,"$1,813.74 ",$244.87 ,$726.23 ,$675.02 ,$167.63 ,$0.00 ,4,0,19,4,158,159,2,2,470990,24672.40534,218386,187277,15591,36021,38019,90963,98766,8104,114440,8163,28551,6986,13481,12724
CA,CA3,201708,CLF,3210,71.24080997,0.542990654,1.312400935,"$2,816.51 ","$1,334.66 ",$619.31 ,$740.29 ,$122.24 ,$0.00 ,48,2,111,53,764,1015,4,12,4518699,27266.44488,1549773,1348982,180356,553160,432652,561952,1186660,340581,3038969,129608,113905,106066,62893,91930
CA,CA4,201708,CLF,4644,74.55986219,0.569767442,1.261615418,"$2,477.59 ",$836.09 ,$597.07 ,$883.33 ,$161.09 ,$0.00 ,52,1,113,60,1075,1613,7,27,13262234,4850.972611,4615697,4338482,441609,1781058,1352330,1739765,2957709,1601964,9307146,1149887,86507,469799,343744,220875
CA,CA5,201708,CLF,1526,75.90825688,0.55242464,1.181209043,"$3,581.12 ","$1,335.94 ",$888.21 ,"$1,135.98 ",$221.00 ,$0.00 ,12,1,23,7,385,578,2,13,848112,1842.466511,287498,271226,25853,88185,78474,123435,199599,77382,459811,31090,10988,17892,11400,12601
CA,CA6,201708,CLF,380,76.12368421,0.589473684,1.135013158,"$3,076.07 ","$1,201.42 ",$547.70 ,"$1,072.36 ",$254.59 ,$0.00 ,3,0,5,1,122,126,0,0,443738,2735.137621,156210,144962,13861,52042,46478,64775,99117,45552,244382,21169,6950,15410,8052,19863
CA,CA7,201708,CLF,1258,75.28219396,0.538950715,1.192513514,"$3,519.63 ","$1,239.03 ","$1,048.27 ","$1,044.12 ",$188.21 ,$0.00 ,9,0,51,16,244,429,2,14,883053,8132.256436,295756,267913,39056,139584,77216,92005,257750,84735,576023,15490,21557,24792,18281,31126
CA,CA8,201708,CLF,307,75.26058632,0.570032573,1.070931596,"$1,476.79 ",$33.61 ,$589.07 ,$610.83 ,$243.28 ,$0.00 ,1,1,7,2,86,96,0,1,281455,3300.636162,121095,105317,6175,17123,20715,52758,50492,9045,86881,7329,9630,3482,4557,16435
CA,CA9,201708,CLF,381,76.03412074,0.56167979,1.099102362,"$2,333.14 ",$813.87 ,$661.44 ,$684.16 ,$173.66 ,$0.00 ,4,0,7,2,102,126,0,1,433212,3281.719108,141155,126052,10475,78816,46650,55515,114125,75432,301974,14534,6567,17221,5984,17741
CA,CA1,201709,CLF,55849,73.58249924,0.568425576,1.160299397,"$1,143.45 ",$360.33 ,$207.22 ,$516.96 ,$58.95 ,$0.00 ,558,34,1185,1118,11878,18073,79,242,3302833,4208.762531,1204884,1118980,106962,286008,279602,439595,726344,216965,1787453,255366,42081,75015,61486,89451
CA,CA10,201709,CLF,203,73.6453202,0.532019704,1.372261084,"$2,198.38 ",$785.76 ,$512.48 ,$739.86 ,$160.28 ,$0.00 ,4,0,6,1,56,68,0,0,460477,4824.376542,147791,136106,18321,81345,44779,50391,143528,61208,326860,6561,10023,13317,8274,5426
CA,CA11,201709,CLF,99,74.25252525,0.535353535,1.452373737,"$16,860.30 ","$13,975.51 ",$380.72 ,"$2,410.69 ",$93.38 ,$0.00 ,4,0,3,0,23,30,0,0,150075,1390.308446,45792,42735,4855,24270,10946,14567,40935,13829,101017,2919,1938,3483,2730,14912
CA,CA12,201709,CLF,1258,72.33386328,0.555643879,1.943252782,"$3,688.62 ","$1,439.67 ",$565.74 ,"$1,575.46 ",$107.75 ,$0.00 ,22,0,31,8,329,585,1,2,978130,5958.095977,328577,304624,41276,147389,92035,114438,279979,108140,686675,23756,12508,28262,25805,16750
CA,CA13,201709,CLF,453,73.6004415,0.514348786,1.399068433,"$3,016.67 ","$1,307.82 ",$717.50 ,$845.16 ,$146.19 ,$0.00 ,2,0,13,2,98,136,0,5,342954,21389.49918,163854,119622,10594,41422,24903,67475,74845,21273,143965,5802,14241,5844,5879,17935
CA,CA14,201709,CLF,708,76.24293785,0.572033898,1.041346045,"$3,166.72 ","$1,562.37 ",$572.59 ,$820.46 ,$211.30 ,$0.00 ,8,0,14,4,135,212,3,7,2255381,3124.860076,789873,749021,60919,189668,113096,295103,502048,188257,1461149,154299,25948,59669,38303,48904
CA,CA15,201709,CLF,99,76.66666667,0.606060606,1.56289899,"$2,824.57 ",$554.67 ,"$1,185.12 ",$826.23 ,$258.55 ,$0.00 ,2,1,1,3,25,31,0,0,269075,1935.645521,84795,79606,14912,48433,23145,29320,80062,34066,193067,3236,5216,7611,5801,5926
CA,CA16,201709,CLF,1596,75.18295739,0.571428571,1.166030075,"$2,878.93 ","$1,224.72 ",$651.96 ,$840.04 ,$162.21 ,$0.00 ,22,0,39,15,373,437,1,6,4673221,2470.336258,1796567,1692047,128698,373438,232541,689629,936866,360315,2804353,396804,19220,110888,205390,80356
CA,CA17,201709,CLF,162,75.69135803,0.586419753,1.309185185,"$3,632.77 ",$677.58 ,"$1,495.87 ","$1,218.08 ",$241.24 ,$0.00 ,2,0,5,0,50,37,0,0,539301,1496.015066,181213,172682,26130,73664,35012,67770,146907,48530,309505,12059,7723,11489,11100,5269
CA,CA18,201709,CLF,346,74.8583815,0.592485549,1.105812139,"$2,156.39 ",$358.90 ,"$1,014.61 ",$614.16 ,$168.72 ,$0.00 ,1,0,10,0,103,81,1,6,732212,1392.385418,241055,226727,28989,96905,53972,89461,201506,62038,494325,20238,8143,16525,14450,15994
CA,CA19,201709,CLF,3216,66.5659204,0.524253731,1.187208644,"$1,638.10 ",$461.38 ,$367.44 ,$493.27 ,$316.01 ,$0.00 ,35,1,106,38,696,746,2,16,2291738,5095.099057,896341,819372,75758,168734,134416,335498,532415,114749,1083594,101802,25772,34828,51388,38576
CA,CA2,201709,CLF,1507,71.14996682,0.505640345,1.252600531,"$1,549.97 ",$539.28 ,$257.12 ,$502.45 ,$251.13 ,$0.00 ,17,1,71,0,339,393,0,5,180216,4176.578436,57468,44057,10782,33928,15883,22446,51676,34263,160443,3448,6076,4616,3242,9708
CA,CA20,201709,CLF,145,73.13793103,0.531034483,1.05682069,"$4,709.18 ",$0.00 ,"$3,962.94 ",$680.73 ,$65.51 ,$0.00 ,0,0,4,3,33,42,0,1,438530,821.7515515,156896,149067,15346,36031,23696,64390,98813,20223,269660,13520,4468,7695,7541,10444
CA,CA21,201709,CLF,324,76.47530864,0.583333333,1.118299383,"$2,827.62 ","$1,425.71 ",$495.88 ,$797.27 ,$108.77 ,$0.00 ,4,0,6,6,77,83,0,1,641847,2324.181643,263188,238371,17271,57501,43401,116457,130712,38050,249451,23427,13544,12933,11677,12597
CA,CA22,201709,CLF,87,75.52873563,0.597701149,1.216011494,"$4,027.72 ",$608.03 ,"$2,468.91 ",$748.81 ,$201.96 ,$0.00 ,0,0,5,0,23,19,0,1,171365,1234.545845,62685,58539,6792,22175,14964,23303,45990,13426,84511,4555,4913,3992,3786,2411
CA,CA23,201709,CLF,411,74.71046229,0.540145985,1.023849148,"$2,030.70 ",$493.03 ,$832.49 ,$552.65 ,$152.52 ,$0.00 ,3,0,10,2,72,81,0,4,151906,9005.172163,84579,59685,4117,9269,9764,35175,25619,1701,28770,2723,7154,1011,2769,11716
CA,CA24,201709,CLF,324,74.23765432,0.50617284,1.092888889,"$2,601.46 ",$806.18 ,"$1,078.04 ",$566.54 ,$150.70 ,$0.00 ,3,0,10,2,51,68,1,2,428006,8864.022501,193696,163983,16804,39396,35478,79271,91192,17615,138500,10651,26639,6204,11021,9809
CA,CA25,201709,CLF,740,74.07837838,0.539189189,1.040941892,"$2,129.66 ",$539.92 ,$807.68 ,$618.08 ,$163.97 ,$0.00 ,6,1,20,4,138,136,1,2,470990,24672.40534,218386,187277,15591,36021,38019,90963,98766,8104,114440,8163,28551,6986,13481,12724
CA,CA3,201709,CLF,3210,71.32866044,0.542990654,1.312400935,"$2,019.69 ",$724.35 ,$558.99 ,$637.46 ,$98.89 ,$0.00 ,44,1,97,53,705,997,4,12,4518699,27266.44488,1549773,1348982,180356,553160,432652,561952,1186660,340581,3038969,129608,113905,106066,62893,91930
CA,CA4,201709,CLF,4644,74.64276486,0.569767442,1.261615418,"$2,245.47 ",$767.50 ,$528.78 ,$801.16 ,$148.04 ,$0.00 ,50,0,119,63,1030,1466,7,24,13262234,4850.972611,4615697,4338482,441609,1781058,1352330,1739765,2957709,1601964,9307146,1149887,86507,469799,343744,220875
CA,CA5,201709,CLF,1526,75.98754915,0.55242464,1.181209043,"$3,098.90 ","$1,067.50 ",$861.58 ,$970.24 ,$199.58 ,$0.00 ,21,0,32,11,376,575,0,13,848112,1842.466511,287498,271226,25853,88185,78474,123435,199599,77382,459811,31090,10988,17892,11400,12601
CA,CA6,201709,CLF,380,76.19736842,0.589473684,1.135013158,"$2,410.77 ","$1,090.05 ",$457.52 ,$740.70 ,$122.50 ,$0.00 ,1,0,9,5,99,122,2,0,443738,2735.137621,156210,144962,13861,52042,46478,64775,99117,45552,244382,21169,6950,15410,8052,19863
CA,CA7,201709,CLF,1258,75.35691574,0.538950715,1.192513514,"$3,033.77 ","$1,026.42 ",$923.12 ,$905.63 ,$178.60 ,$0.00 ,14,0,41,8,242,382,0,14,883053,8132.256436,295756,267913,39056,139584,77216,92005,257750,84735,576023,15490,21557,24792,18281,31126
CA,CA8,201709,CLF,307,75.3257329,0.570032573,1.070931596,"$1,978.31 ",$379.57 ,$665.77 ,$705.68 ,$227.28 ,$0.00 ,1,0,8,0,74,86,1,0,281455,3300.636162,121095,105317,6175,17123,20715,52758,50492,9045,86881,7329,9630,3482,4557,16435
CA,CA9,201709,CLF,381,76.11023622,0.56167979,1.099102362,"$2,413.95 ","$1,196.52 ",$464.63 ,$608.83 ,$143.97 ,$0.00 ,6,0,12,4,89,112,0,2,433212,3281.719108,141155,126052,10475,78816,46650,55515,114125,75432,301974,14534,6567,17221,5984,17741
CA,CA1,201710,CLF,55839,73.66600405,0.568491556,1.160400992,"$1,302.20 ",$435.99 ,$227.45 ,$575.72 ,$63.04 ,$0.00 ,598,30,1226,1150,12854,18899,81,240,3302833,4208.762531,1204884,1118980,106962,286008,279602,439595,726344,216965,1787453,255366,42081,75015,61486,89451
CA,CA10,201710,CLF,203,73.70935961,0.532019704,1.372261084,"$2,260.43 ",$976.39 ,$451.81 ,$699.14 ,$133.09 ,$0.00 ,4,0,3,3,70,71,0,0,460477,4824.376542,147791,136106,18321,81345,44779,50391,143528,61208,326860,6561,10023,13317,8274,5426
CA,CA11,201710,CLF,99,74.34343434,0.535353535,1.452373737,"$3,579.96 ","$2,118.08 ",$327.17 ,"$1,038.47 ",$96.24 ,$0.00 ,3,0,5,0,33,33,0,0,150075,1390.308446,45792,42735,4855,24270,10946,14567,40935,13829,101017,2919,1938,3483,2730,14912
CA,CA12,201710,CLF,1256,72.44665605,0.555732484,1.944952229,"$3,443.04 ","$1,031.20 ",$469.17 ,"$1,843.75 ",$98.92 ,$0.00 ,24,1,29,14,360,582,2,3,978130,5958.095977,328577,304624,41276,147389,92035,114438,279979,108140,686675,23756,12508,28262,25805,16750
CA,CA13,201710,CLF,453,73.68432671,0.514348786,1.399068433,"$3,067.09 ","$1,127.29 ",$744.54 ,"$1,063.94 ",$131.31 ,$0.00 ,12,0,12,2,98,146,0,5,342954,21389.49918,163854,119622,10594,41422,24903,67475,74845,21273,143965,5802,14241,5844,5879,17935
CA,CA14,201710,CLF,708,76.33050848,0.572033898,1.041346045,"$2,348.30 ",$902.26 ,$504.39 ,$753.97 ,$187.68 ,$0.00 ,6,0,14,1,179,221,1,9,2255381,3124.860076,789873,749021,60919,189668,113096,295103,502048,188257,1461149,154299,25948,59669,38303,48904
CA,CA15,201710,CLF,99,76.75757576,0.606060606,1.56289899,"$4,182.82 ","$2,093.90 ",$798.85 ,"$1,068.22 ",$221.84 ,$0.00 ,4,0,1,2,23,35,0,0,269075,1935.645521,84795,79606,14912,48433,23145,29320,80062,34066,193067,3236,5216,7611,5801,5926
CA,CA16,201710,CLF,1596,75.26566416,0.571428571,1.166030075,"$3,164.33 ","$1,314.11 ",$832.17 ,$876.26 ,$141.79 ,$0.00 ,15,0,40,15,391,444,2,8,4673221,2470.336258,1796567,1692047,128698,373438,232541,689629,936866,360315,2804353,396804,19220,110888,205390,80356
CA,CA17,201710,CLF,162,75.7654321,0.586419753,1.309185185,"$5,072.63 ","$2,779.44 ","$1,284.01 ",$891.15 ,$118.03 ,$0.00 ,5,0,3,0,52,34,0,0,539301,1496.015066,181213,172682,26130,73664,35012,67770,146907,48530,309505,12059,7723,11489,11100,5269
CA,CA18,201710,CLF,346,74.94508671,0.592485549,1.105812139,"$3,846.06 ","$1,709.03 ",$974.08 ,$978.28 ,$184.67 ,$0.00 ,5,0,11,2,120,94,1,5,732212,1392.385418,241055,226727,28989,96905,53972,89461,201506,62038,494325,20238,8143,16525,14450,15994
CA,CA19,201710,CLF,3216,66.6511194,0.524253731,1.187208644,"$2,713.88 ","$1,250.65 ",$512.79 ,$617.45 ,$332.98 ,$0.00 ,57,1,156,39,756,817,2,14,2291738,5095.099057,896341,819372,75758,168734,134416,335498,532415,114749,1083594,101802,25772,34828,51388,38576
CA,CA2,201710,CLF,1507,71.23025879,0.505640345,1.252600531,"$1,512.17 ",$253.41 ,$359.65 ,$613.77 ,$285.34 ,$0.00 ,18,0,53,1,308,403,1,5,180216,4176.578436,57468,44057,10782,33928,15883,22446,51676,34263,160443,3448,6076,4616,3242,9708
CA,CA20,201710,CLF,145,73.2137931,0.531034483,1.05682069,"$2,265.79 ",$482.59 ,$958.13 ,$734.26 ,$90.80 ,$0.00 ,2,0,4,1,30,42,0,1,438530,821.7515515,156896,149067,15346,36031,23696,64390,98813,20223,269660,13520,4468,7695,7541,10444
CA,CA21,201710,CLF,323,76.6006192,0.585139319,1.119804954,"$3,326.95 ","$1,553.76 ",$932.03 ,$726.59 ,$114.57 ,$0.00 ,4,0,12,3,71,75,1,2,641847,2324.181643,263188,238371,17271,57501,43401,116457,130712,38050,249451,23427,13544,12933,11677,12597
CA,CA22,201710,CLF,87,75.62068966,0.597701149,1.216011494,"$5,830.09 ","$3,426.05 ","$1,320.83 ",$852.20 ,$231.00 ,$0.00 ,3,0,4,0,20,17,0,1,171365,1234.545845,62685,58539,6792,22175,14964,23303,45990,13426,84511,4555,4913,3992,3786,2411
CA,CA23,201710,CLF,411,74.81265207,0.540145985,1.023849148,"$2,978.58 ","$1,398.17 ",$763.09 ,$680.51 ,$136.80 ,$0.00 ,6,0,20,2,76,97,0,4,151906,9005.172163,84579,59685,4117,9269,9764,35175,25619,1701,28770,2723,7154,1011,2769,11716
CA,CA24,201710,CLF,324,74.32407407,0.50617284,1.092888889,"$3,153.21 ",$693.36 ,"$1,597.32 ",$734.36 ,$128.17 ,$0.00 ,5,0,11,1,77,72,1,2,428006,8864.022501,193696,163983,16804,39396,35478,79271,91192,17615,138500,10651,26639,6204,11021,9809
CA,CA25,201710,CLF,740,74.17162162,0.539189189,1.040941892,"$2,530.42 ",$864.22 ,$838.36 ,$648.49 ,$179.35 ,$0.00 ,5,0,15,2,167,152,1,2,470990,24672.40534,218386,187277,15591,36021,38019,90963,98766,8104,114440,8163,28551,6986,13481,12724
CA,CA3,201710,CLF,3209,71.42817077,0.542848239,1.312475849,"$2,531.67 ","$1,119.96 ",$565.61 ,$738.89 ,$107.21 ,$0.00 ,48,0,122,54,742,1007,4,15,4518699,27266.44488,1549773,1348982,180356,553160,432652,561952,1186660,340581,3038969,129608,113905,106066,62893,91930
CA,CA4,201710,CLF,4644,74.72372954,0.569767442,1.261615418,"$3,106.34 ","$1,320.80 ",$618.64 ,"$1,008.47 ",$158.43 ,$0.00 ,69,2,116,57,1087,1585,9,30,13262234,4850.972611,4615697,4338482,441609,1781058,1352330,1739765,2957709,1601964,9307146,1149887,86507,469799,343744,220875
CA,CA5,201710,CLF,1526,76.07601573,0.55242464,1.181209043,"$4,040.98 ","$1,661.29 ",$913.54 ,"$1,246.16 ",$219.99 ,$0.00 ,18,0,33,8,409,559,0,14,848112,1842.466511,287498,271226,25853,88185,78474,123435,199599,77382,459811,31090,10988,17892,11400,12601
CA,CA6,201710,CLF,380,76.27368421,0.589473684,1.135013158,"$4,569.18 ","$2,045.05 ","$1,101.27 ","$1,236.08 ",$186.78 ,$0.00 ,4,1,14,3,90,104,0,0,443738,2735.137621,156210,144962,13861,52042,46478,64775,99117,45552,244382,21169,6950,15410,8052,19863
CA,CA7,201710,CLF,1258,75.45945946,0.538950715,1.192513514,"$4,432.93 ","$1,716.60 ","$1,190.22 ","$1,333.91 ",$192.20 ,$0.00 ,16,2,54,6,278,433,1,15,883053,8132.256436,295756,267913,39056,139584,77216,92005,257750,84735,576023,15490,21557,24792,18281,31126
CA,CA8,201710,CLF,307,75.41368078,0.570032573,1.070931596,"$1,981.49 ",$41.07 ,$559.20 ,"$1,204.27 ",$176.95 ,$0.00 ,0,0,9,11,86,104,0,1,281455,3300.636162,121095,105317,6175,17123,20715,52758,50492,9045,86881,7329,9630,3482,4557,16435
CA,CA9,201710,CLF,381,76.18372703,0.56167979,1.099102362,"$3,151.55 ","$1,632.71 ",$560.98 ,$786.99 ,$170.87 ,$0.00 ,3,1,4,4,102,106,1,2,433212,3281.719108,141155,126052,10475,78816,46650,55515,114125,75432,301974,14534,6567,17221,5984,17741
CA,CA1,201711,CLF,55742,73.73456281,0.568655592,1.15662565,"$1,199.06 ",$410.61 ,$199.85 ,$528.68 ,$59.93 ,$0.00 ,614,35,1216,1163,12045,17988,75,239,3302833,4208.762531,1204884,1118980,106962,286008,279602,439595,726344,216965,1787453,255366,42081,75015,61486,89451
CA,CA10,201711,CLF,202,73.73267327,0.534653465,1.372638614,"$2,042.41 ",$504.44 ,$604.11 ,$762.49 ,$171.37 ,$0.00 ,0,0,5,2,56,62,1,0,460477,4824.376542,147791,136106,18321,81345,44779,50391,143528,61208,326860,6561,10023,13317,8274,5426
CA,CA11,201711,CLF,99,74.43434343,0.535353535,1.452373737,"$1,631.11 ",$0.00 ,$624.04 ,$914.61 ,$92.46 ,$0.00 ,0,0,4,0,31,39,0,0,150075,1390.308446,45792,42735,4855,24270,10946,14567,40935,13829,101017,2919,1938,3483,2730,14912
CA,CA12,201711,CLF,1255,72.52191235,0.556175299,1.945640638,"$2,655.01 ",$521.14 ,$413.25 ,"$1,622.70 ",$97.92 ,$0.00 ,17,0,45,12,339,570,2,4,978130,5958.095977,328577,304624,41276,147389,92035,114438,279979,108140,686675,23756,12508,28262,25805,16750
CA,CA13,201711,CLF,452,73.73230089,0.515486726,1.398924779,"$3,080.37 ","$1,079.12 ",$831.82 ,"$1,011.11 ",$158.32 ,$0.00 ,2,0,12,1,108,132,1,5,342954,21389.49918,163854,119622,10594,41422,24903,67475,74845,21273,143965,5802,14241,5844,5879,17935
CA,CA14,201711,CLF,708,76.3940678,0.572033898,1.041346045,"$2,659.68 ","$1,142.04 ",$334.70 ,$975.15 ,$207.78 ,$0.00 ,9,0,6,4,145,207,3,8,2255381,3124.860076,789873,749021,60919,189668,113096,295103,502048,188257,1461149,154299,25948,59669,38303,48904
CA,CA15,201711,CLF,99,76.80808081,0.606060606,1.56289899,"$6,255.38 ","$3,117.04 ","$1,303.48 ","$1,414.54 ",$420.32 ,$0.00 ,4,0,1,1,24,37,0,0,269075,1935.645521,84795,79606,14912,48433,23145,29320,80062,34066,193067,3236,5216,7611,5801,5926
CA,CA16,201711,CLF,1591,75.31363922,0.571338781,1.156722816,"$2,823.33 ","$1,066.93 ",$875.00 ,$736.51 ,$144.88 ,$0.00 ,19,2,37,14,369,445,2,8,4673221,2470.336258,1796567,1692047,128698,373438,232541,689629,936866,360315,2804353,396804,19220,110888,205390,80356
CA,CA17,201711,CLF,161,75.86335404,0.590062112,1.282795031,"$5,683.20 ","$3,481.38 ","$1,092.82 ",$993.86 ,$115.14 ,$0.00 ,5,0,6,0,40,43,0,0,539301,1496.015066,181213,172682,26130,73664,35012,67770,146907,48530,309505,12059,7723,11489,11100,5269
CA,CA18,201711,CLF,346,75.03179191,0.592485549,1.105812139,"$4,286.83 ","$2,484.13 ",$829.60 ,$722.63 ,$250.47 ,$0.00 ,5,0,7,0,103,87,1,6,732212,1392.385418,241055,226727,28989,96905,53972,89461,201506,62038,494325,20238,8143,16525,14450,15994
CA,CA19,201711,CLF,3096,66.84334625,0.524547804,1.184687339,"$2,022.54 ",$719.16 ,$430.46 ,$556.56 ,$316.36 ,$0.00 ,44,1,127,26,623,701,2,15,2291738,5095.099057,896341,819372,75758,168734,134416,335498,532415,114749,1083594,101802,25772,34828,51388,38576
CA,CA2,201711,CLF,1490,71.31946309,0.508053691,1.240073154,"$1,932.19 ",$839.62 ,$263.08 ,$560.52 ,$268.98 ,$0.00 ,22,0,77,0,216,480,0,6,180216,4176.578436,57468,44057,10782,33928,15883,22446,51676,34263,160443,3448,6076,4616,3242,9708
CA,CA20,201711,CLF,144,73.30555556,0.527777778,1.0615,"$2,704.93 ",$453.81 ,"$1,253.29 ",$927.44 ,$70.40 ,$0.00 ,1,0,3,2,28,39,0,1,438530,821.7515515,156896,149067,15346,36031,23696,64390,98813,20223,269660,13520,4468,7695,7541,10444
CA,CA21,201711,CLF,323,76.66873065,0.585139319,1.119804954,"$4,037.77 ","$2,139.23 ",$960.24 ,$819.74 ,$118.56 ,$0.00 ,4,0,11,4,95,96,0,2,641847,2324.181643,263188,238371,17271,57501,43401,116457,130712,38050,249451,23427,13544,12933,11677,12597
CA,CA22,201711,CLF,86,75.62790698,0.593023256,1.128127907,"$2,661.20 ",$338.16 ,"$1,074.52 ",$992.84 ,$255.68 ,$0.00 ,2,0,4,0,28,20,0,0,171365,1234.545845,62685,58539,6792,22175,14964,23303,45990,13426,84511,4555,4913,3992,3786,2411
CA,CA23,201711,CLF,410,74.89756098,0.53902439,1.020029268,"$4,623.41 ","$2,018.06 ","$1,210.98 ","$1,206.90 ",$187.47 ,$0.00 ,10,1,12,0,73,95,0,4,151906,9005.172163,84579,59685,4117,9269,9764,35175,25619,1701,28770,2723,7154,1011,2769,11716
CA,CA24,201711,CLF,323,74.3498452,0.507739938,1.088362229,"$3,782.50 ","$1,302.55 ","$1,678.75 ",$684.99 ,$116.20 ,$0.00 ,2,0,9,1,63,74,0,2,428006,8864.022501,193696,163983,16804,39396,35478,79271,91192,17615,138500,10651,26639,6204,11021,9809
CA,CA25,201711,CLF,739,74.23951286,0.539918809,1.041673884,"$2,604.25 ","$1,096.47 ",$720.24 ,$607.08 ,$180.46 ,$0.00 ,8,0,21,1,133,152,2,2,470990,24672.40534,218386,187277,15591,36021,38019,90963,98766,8104,114440,8163,28551,6986,13481,12724
CA,CA3,201711,CLF,3198,71.53189493,0.543464665,1.309126954,"$2,372.00 ",$911.17 ,$654.57 ,$692.97 ,$113.29 ,$0.00 ,52,2,95,53,701,953,2,11,4518699,27266.44488,1549773,1348982,180356,553160,432652,561952,1186660,340581,3038969,129608,113905,106066,62893,91930
CA,CA4,201711,CLF,4626,74.78901859,0.569606572,1.256741461,"$3,120.52 ","$1,483.16 ",$556.28 ,$928.10 ,$152.98 ,$0.00 ,86,0,110,58,1057,1517,8,27,13262234,4850.972611,4615697,4338482,441609,1781058,1352330,1739765,2957709,1601964,9307146,1149887,86507,469799,343744,220875
CA,CA5,201711,CLF,1521,76.12820513,0.552268245,1.170316239,"$3,411.54 ","$1,258.00 ","$1,019.79 ",$915.58 ,$218.17 ,$0.00 ,17,0,42,8,377,510,2,13,848112,1842.466511,287498,271226,25853,88185,78474,123435,199599,77382,459811,31090,10988,17892,11400,12601
CA,CA6,201711,CLF,378,76.32539683,0.592592593,1.115986773,"$2,720.05 ",$987.09 ,$785.64 ,$765.20 ,$182.12 ,$0.00 ,3,0,10,5,97,112,0,0,443738,2735.137621,156210,144962,13861,52042,46478,64775,99117,45552,244382,21169,6950,15410,8052,19863
CA,CA7,201711,CLF,1252,75.50878594,0.539936102,1.183555112,"$3,079.78 ",$852.25 ,$984.03 ,"$1,026.52 ",$216.97 ,$0.00 ,15,1,44,7,248,402,2,12,883053,8132.256436,295756,267913,39056,139584,77216,92005,257750,84735,576023,15490,21557,24792,18281,31126
CA,CA8,201711,CLF,307,75.49837134,0.570032573,1.070931596,"$4,009.54 ","$2,537.91 ",$522.51 ,$758.63 ,$190.49 ,$0.00 ,3,0,7,7,83,93,1,0,281455,3300.636162,121095,105317,6175,17123,20715,52758,50492,9045,86881,7329,9630,3482,4557,16435
CA,CA9,201711,CLF,381,76.27296588,0.56167979,1.099102362,"$2,079.39 ",$604.29 ,$618.83 ,$671.06 ,$185.22 ,$0.00 ,3,0,10,4,108,96,1,2,433212,3281.719108,141155,126052,10475,78816,46650,55515,114125,75432,301974,14534,6567,17221,5984,17741
CA,CA1,201712,CLF,55634,73.80414854,0.568752921,1.150258134,"$1,167.96 ",$444.12 ,$183.24 ,$483.66 ,$56.94 ,$0.00 ,748,24,1286,1462,10990,16073,55,222,3302833,4208.762531,1204884,1118980,106962,286008,279602,439595,726344,216965,1787453,255366,42081,75015,61486,89451
CA,CA10,201712,CLF,201,73.7761194,0.532338309,1.354930348,"$2,134.26 ",$462.40 ,$529.54 ,$987.02 ,$155.31 ,$0.00 ,0,0,7,4,57,58,0,0,460477,4824.376542,147791,136106,18321,81345,44779,50391,143528,61208,326860,6561,10023,13317,8274,5426
CA,CA11,201712,CLF,99,74.54545455,0.535353535,1.452373737,"$2,978.57 ",$295.67 ,$688.86 ,"$1,943.76 ",$50.29 ,$0.00 ,1,0,5,0,29,39,0,0,150075,1390.308446,45792,42735,4855,24270,10946,14567,40935,13829,101017,2919,1938,3483,2730,14912
CA,CA12,201712,CLF,1256,72.56130573,0.554936306,1.937769108,"$2,920.84 ",$869.49 ,$468.08 ,"$1,482.38 ",$100.90 ,$0.00 ,19,1,39,14,332,538,1,3,978130,5958.095977,328577,304624,41276,147389,92035,114438,279979,108140,686675,23756,12508,28262,25805,16750
CA,CA13,201712,CLF,451,73.77161863,0.514412417,1.396851441,"$3,283.78 ","$1,792.18 ",$489.88 ,$855.98 ,$145.74 ,$0.00 ,8,0,17,2,90,117,0,5,342954,21389.49918,163854,119622,10594,41422,24903,67475,74845,21273,143965,5802,14241,5844,5879,17935
CA,CA14,201712,CLF,708,76.47881356,0.572033898,1.041346045,"$3,366.52 ","$1,679.68 ",$674.38 ,$807.88 ,$204.59 ,$0.00 ,8,0,16,8,128,174,2,9,2255381,3124.860076,789873,749021,60919,189668,113096,295103,502048,188257,1461149,154299,25948,59669,38303,48904
CA,CA15,201712,CLF,99,76.85858586,0.606060606,1.56289899,"$6,722.65 ","$3,173.32 ","$1,345.92 ","$1,951.53 ",$251.88 ,$0.00 ,3,0,4,1,23,27,0,0,269075,1935.645521,84795,79606,14912,48433,23145,29320,80062,34066,193067,3236,5216,7611,5801,5926
CA,CA16,201712,CLF,1587,75.36672968,0.571518589,1.150954001,"$2,663.83 ",$992.96 ,$796.37 ,$728.26 ,$146.25 ,$0.00 ,18,0,43,17,353,384,3,9,4673221,2470.336258,1796567,1692047,128698,373438,232541,689629,936866,360315,2804353,396804,19220,110888,205390,80356
CA,CA17,201712,CLF,159,75.77987421,0.58490566,1.222660377,"$9,511.70 ","$7,534.42 ","$1,170.48 ",$700.29 ,$106.52 ,$0.00 ,2,0,6,1,34,36,0,0,539301,1496.015066,181213,172682,26130,73664,35012,67770,146907,48530,309505,12059,7723,11489,11100,5269
CA,CA18,201712,CLF,346,75.11271676,0.592485549,1.105812139,"$4,948.29 ","$3,523.45 ",$572.99 ,$693.76 ,$158.08 ,$0.00 ,5,0,9,0,101,88,2,5,732212,1392.385418,241055,226727,28989,96905,53972,89461,201506,62038,494325,20238,8143,16525,14450,15994
CA,CA19,201712,CLF,2992,66.91076203,0.523729947,1.187669786,"$1,720.53 ",$560.77 ,$430.37 ,$456.62 ,$272.78 ,$0.00 ,50,0,163,38,609,652,2,15,2291738,5095.099057,896341,819372,75758,168734,134416,335498,532415,114749,1083594,101802,25772,34828,51388,38576
CA,CA2,201712,CLF,1480,71.35067568,0.50945946,1.222016216,"$1,319.41 ",$482.98 ,$185.08 ,$436.91 ,$214.44 ,$0.00 ,26,0,73,2,202,418,0,3,180216,4176.578436,57468,44057,10782,33928,15883,22446,51676,34263,160443,3448,6076,4616,3242,9708
CA,CA20,201712,CLF,143,73.25874126,0.524475525,1.060188811,"$3,781.70 ",$905.93 ,"$2,014.38 ",$785.35 ,$76.04 ,$0.00 ,2,0,6,2,31,31,0,1,438530,821.7515515,156896,149067,15346,36031,23696,64390,98813,20223,269660,13520,4468,7695,7541,10444
CA,CA21,201712,CLF,324,76.72222222,0.583333333,1.118299383,"$4,170.05 ","$1,855.66 ","$1,329.62 ",$863.16 ,$121.61 ,$0.00 ,6,0,12,3,59,90,1,2,641847,2324.181643,263188,238371,17271,57501,43401,116457,130712,38050,249451,23427,13544,12933,11677,12597
CA,CA22,201712,CLF,86,75.68604651,0.593023256,1.128127907,"$2,799.54 ",$981.91 ,$998.17 ,$622.98 ,$196.48 ,$0.00 ,3,0,4,1,19,15,0,0,171365,1234.545845,62685,58539,6792,22175,14964,23303,45990,13426,84511,4555,4913,3992,3786,2411
CA,CA23,201712,CLF,407,74.9017199,0.540540541,1.006496315,"$4,335.70 ","$2,330.72 ",$763.85 ,"$1,101.24 ",$139.88 ,$0.00 ,8,0,14,4,74,79,0,3,151906,9005.172163,84579,59685,4117,9269,9764,35175,25619,1701,28770,2723,7154,1011,2769,11716
CA,CA24,201712,CLF,321,74.30841122,0.507788162,1.080158879,"$2,557.65 ",$610.83 ,"$1,154.37 ",$694.71 ,$97.74 ,$0.00 ,2,1,10,5,56,57,0,2,428006,8864.022501,193696,163983,16804,39396,35478,79271,91192,17615,138500,10651,26639,6204,11021,9809
CA,CA25,201712,CLF,737,74.34599729,0.540027137,1.039976934,"$3,746.66 ","$2,210.27 ",$582.67 ,$808.24 ,$145.48 ,$0.00 ,14,0,17,1,133,136,0,2,470990,24672.40534,218386,187277,15591,36021,38019,90963,98766,8104,114440,8163,28551,6986,13481,12724
CA,CA3,201712,CLF,3186,71.60797238,0.543314501,1.29950408,"$2,439.71 ","$1,143.00 ",$560.56 ,$639.85 ,$96.29 ,$0.00 ,54,0,103,72,588,894,4,10,4518699,27266.44488,1549773,1348982,180356,553160,432652,561952,1186660,340581,3038969,129608,113905,106066,62893,91930
CA,CA4,201712,CLF,4612,74.85125759,0.570034692,1.255109714,"$2,688.32 ","$1,216.82 ",$510.04 ,$801.93 ,$159.53 ,$0.00 ,72,1,117,56,964,1347,4,25,13262234,4850.972611,4615697,4338482,441609,1781058,1352330,1739765,2957709,1601964,9307146,1149887,86507,469799,343744,220875
CA,CA5,201712,CLF,1516,76.19459103,0.553430079,1.157658971,"$4,035.78 ","$1,866.22 ",$817.30 ,"$1,120.64 ",$231.63 ,$0.00 ,30,0,41,15,333,492,1,12,848112,1842.466511,287498,271226,25853,88185,78474,123435,199599,77382,459811,31090,10988,17892,11400,12601
CA,CA6,201712,CLF,376,76.34574468,0.593085106,1.106465426,"$3,685.14 ","$2,061.28 ",$657.71 ,$791.01 ,$175.15 ,$0.00 ,4,0,14,4,82,102,0,0,443738,2735.137621,156210,144962,13861,52042,46478,64775,99117,45552,244382,21169,6950,15410,8052,19863
CA,CA7,201712,CLF,1250,75.5768,0.5392,1.1793784,"$3,187.45 ","$1,218.02 ",$901.86 ,$887.50 ,$180.06 ,$0.00 ,13,0,49,11,257,359,0,14,883053,8132.256436,295756,267913,39056,139584,77216,92005,257750,84735,576023,15490,21557,24792,18281,31126
CA,CA8,201712,CLF,307,75.58957655,0.570032573,1.070931596,"$4,108.07 ","$2,273.04 ",$796.69 ,$887.34 ,$151.00 ,$0.00 ,7,0,8,10,83,79,0,0,281455,3300.636162,121095,105317,6175,17123,20715,52758,50492,9045,86881,7329,9630,3482,4557,16435
CA,CA9,201712,CLF,377,76.28381963,0.562334218,1.064965517,"$1,912.97 ",$593.70 ,$604.41 ,$556.29 ,$158.57 ,$0.00 ,3,0,9,8,87,102,0,2,433212,3281.719108,141155,126052,10475,78816,46650,55515,114125,75432,301974,14534,6567,17221,5984,17741
CA,CA1,201801,CLF,61288,72.99029174,0.574092808,1.105771587,"$1,149.33 ",$360.78 ,$205.09 ,$491.48 ,$91.98 ,$0.00 ,633,37,1399,1405,13739,19563,89,238,3302833,4208.762531,1204884,1118980,106962,286008,279602,439595,726344,216965,1787453,255366,42081,75015,61486,89451
CA,CA10,201801,CLF,198,73.16666667,0.515151515,1.731035354,"$3,335.79 ","$1,538.00 ",$434.93 ,"$1,170.68 ",$192.18 ,$0.00 ,6,0,7,2,62,65,0,0,460477,4824.376542,147791,136106,18321,81345,44779,50391,143528,61208,326860,6561,10023,13317,8274,5426
CA,CA11,201801,CLF,102,74.02941177,0.529411765,1.416578431,"$1,672.99 ",$80.48 ,$601.90 ,$855.58 ,$135.04 ,$0.00 ,1,0,1,1,33,35,0,0,150075,1390.308446,45792,42735,4855,24270,10946,14567,40935,13829,101017,2919,1938,3483,2730,14912
CA,CA12,201801,CLF,1291,71.75832688,0.56158017,2.128539117,"$2,971.55 ",$731.43 ,$485.59 ,"$1,616.49 ",$138.04 ,$0.00 ,22,2,33,13,387,621,3,4,978130,5958.095977,328577,304624,41276,147389,92035,114438,279979,108140,686675,23756,12508,28262,25805,16750
CA,CA13,201801,CLF,470,72.93404255,0.5,1.48226383,"$1,947.88 ",$408.30 ,$594.83 ,$779.80 ,$164.95 ,$0.00 ,1,0,10,3,119,140,0,5,342954,21389.49918,163854,119622,10594,41422,24903,67475,74845,21273,143965,5802,14241,5844,5879,17935
CA,CA14,201801,CLF,712,75.64325843,0.58005618,1.081462079,"$2,370.87 ",$710.78 ,$620.26 ,$832.90 ,$206.93 ,$0.00 ,5,0,17,2,170,214,6,8,2255381,3124.860076,789873,749021,60919,189668,113096,295103,502048,188257,1461149,154299,25948,59669,38303,48904
CA,CA15,201801,CLF,99,75.61616162,0.646464647,1.50140404,"$3,470.36 ",$605.69 ,"$1,852.01 ",$871.90 ,$140.76 ,$0.00 ,1,0,3,1,34,38,1,0,269075,1935.645521,84795,79606,14912,48433,23145,29320,80062,34066,193067,3236,5216,7611,5801,5926
CA,CA16,201801,CLF,1604,74.7319202,0.572942643,1.162865337,"$4,252.93 ","$2,333.70 ",$711.89 ,"$1,055.88 ",$151.47 ,$0.00 ,15,0,49,22,368,435,3,8,4673221,2470.336258,1796567,1692047,128698,373438,232541,689629,936866,360315,2804353,396804,19220,110888,205390,80356
CA,CA17,201801,CLF,158,75.65822785,0.601265823,1.315335443,"$5,110.75 ","$2,967.55 ","$1,128.31 ",$880.41 ,$134.49 ,$0.00 ,5,0,5,0,47,38,0,0,539301,1496.015066,181213,172682,26130,73664,35012,67770,146907,48530,309505,12059,7723,11489,11100,5269
CA,CA18,201801,CLF,328,74.71036585,0.594512195,1.167466463,"$2,922.34 ","$1,406.58 ",$572.09 ,$733.00 ,$210.67 ,$0.00 ,6,0,4,1,118,86,1,6,732212,1392.385418,241055,226727,28989,96905,53972,89461,201506,62038,494325,20238,8143,16525,14450,15994
CA,CA19,201801,CLF,1078,74.33487941,0.551020408,1.093792208,"$2,638.74 ",$964.62 ,$761.29 ,$742.49 ,$170.34 ,$0.00 ,12,0,24,13,265,266,2,9,2291738,5095.099057,896341,819372,75758,168734,134416,335498,532415,114749,1083594,101802,25772,34828,51388,38576
CA,CA2,201801,CLF,1420,70.39225352,0.531690141,1.270054225,"$1,497.16 ",$492.91 ,$239.54 ,$505.23 ,$259.47 ,$0.00 ,17,0,72,7,287,406,0,3,180216,4176.578436,57468,44057,10782,33928,15883,22446,51676,34263,160443,3448,6076,4616,3242,9708
CA,CA20,201801,CLF,159,73,0.540880503,1.164855346,"$5,454.28 ","$1,453.63 ","$3,191.06 ",$701.82 ,$107.78 ,$0.00 ,2,0,2,0,41,36,0,0,438530,821.7515515,156896,149067,15346,36031,23696,64390,98813,20223,269660,13520,4468,7695,7541,10444
CA,CA21,201801,CLF,308,76.41558442,0.584415584,1.160574675,"$2,527.42 ",$650.19 ,"$1,118.52 ",$655.40 ,$103.31 ,$0.00 ,5,0,14,0,70,88,0,3,641847,2324.181643,263188,238371,17271,57501,43401,116457,130712,38050,249451,23427,13544,12933,11677,12597
CA,CA22,201801,CLF,88,74.60227273,0.556818182,1.199704546,"$6,940.36 ","$4,394.80 ","$1,148.50 ","$1,189.92 ",$207.14 ,$0.00 ,2,0,2,0,23,22,0,0,171365,1234.545845,62685,58539,6792,22175,14964,23303,45990,13426,84511,4555,4913,3992,3786,2411
CA,CA23,201801,CLF,412,74.27669903,0.536407767,1.137444175,"$3,232.86 ","$1,224.28 ","$1,162.40 ",$672.51 ,$173.67 ,$0.00 ,6,0,10,3,74,84,0,4,151906,9005.172163,84579,59685,4117,9269,9764,35175,25619,1701,28770,2723,7154,1011,2769,11716
CA,CA24,201801,CLF,332,73.76506024,0.515060241,1.115759036,"$2,127.19 ",$686.36 ,$781.35 ,$525.66 ,$133.82 ,$0.00 ,6,0,9,1,84,69,1,2,428006,8864.022501,193696,163983,16804,39396,35478,79271,91192,17615,138500,10651,26639,6204,11021,9809
CA,CA25,201801,CLF,757,73.82034346,0.532364597,0.993892999,"$2,176.33 ",$653.16 ,$801.29 ,$575.86 ,$146.02 ,$0.00 ,6,0,20,6,169,163,0,3,470990,24672.40534,218386,187277,15591,36021,38019,90963,98766,8104,114440,8163,28551,6986,13481,12724
CA,CA3,201801,CLF,3186,70.90489642,0.540489642,1.322205273,"$2,286.56 ",$831.87 ,$559.83 ,$766.53 ,$128.33 ,$0.00 ,36,1,108,71,750,990,1,11,4518699,27266.44488,1549773,1348982,180356,553160,432652,561952,1186660,340581,3038969,129608,113905,106066,62893,91930
CA,CA4,201801,CLF,4536,74.15784833,0.568342152,1.296684965,"$3,330.00 ","$1,636.68 ",$628.67 ,$885.42 ,$179.22 ,$0.00 ,67,2,113,70,1111,1514,5,27,13262234,4850.972611,4615697,4338482,441609,1781058,1352330,1739765,2957709,1601964,9307146,1149887,86507,469799,343744,220875
CA,CA5,201801,CLF,1515,75.73267327,0.55379538,1.219626403,"$4,312.42 ","$1,807.53 ","$1,117.00 ","$1,166.74 ",$221.15 ,$0.00 ,26,0,35,10,406,580,2,11,848112,1842.466511,287498,271226,25853,88185,78474,123435,199599,77382,459811,31090,10988,17892,11400,12601
CA,CA6,201801,CLF,372,75.57258065,0.583333333,1.185287634,"$4,623.07 ","$2,874.38 ",$694.76 ,$859.09 ,$194.84 ,$0.00 ,7,0,12,5,101,104,0,0,443738,2735.137621,156210,144962,13861,52042,46478,64775,99117,45552,244382,21169,6950,15410,8052,19863
CA,CA7,201801,CLF,1262,75.07686212,0.530903328,1.197433439,"$3,898.59 ","$1,737.64 ",$941.73 ,"$1,031.65 ",$187.58 ,$0.00 ,20,0,65,9,259,445,2,17,883053,8132.256436,295756,267913,39056,139584,77216,92005,257750,84735,576023,15490,21557,24792,18281,31126
CA,CA8,201801,CLF,312,74.9775641,0.541666667,1.053028846,"$1,517.47 ",$109.09 ,$562.78 ,$693.81 ,$151.80 ,$0.00 ,0,0,10,6,79,92,0,0,281455,3300.636162,121095,105317,6175,17123,20715,52758,50492,9045,86881,7329,9630,3482,4557,16435
CA,CA9,201801,CLF,383,75.60835509,0.579634465,1.030911227,"$2,358.37 ",$675.30 ,$765.72 ,$744.45 ,$172.89 ,$0.00 ,4,0,5,5,117,102,0,2,433212,3281.719108,141155,126052,10475,78816,46650,55515,114125,75432,301974,14534,6567,17221,5984,17741
CA,CA1,201802,CLF,61899,73.00996785,0.573870337,1.102787169,$997.52 ,$302.93 ,$176.22 ,$441.15 ,$77.22 ,$0.00 ,496,25,1174,1115,12101,17840,82,241,3302833,4208.762531,1204884,1118980,106962,286008,279602,439595,726344,216965,1787453,255366,42081,75015,61486,89451
CA,CA10,201802,CLF,201,73.03482587,0.517412935,1.754348259,"$2,028.13 ",$121.00 ,$449.33 ,"$1,308.58 ",$149.22 ,$0.00 ,2,0,5,2,54,67,0,0,460477,4824.376542,147791,136106,18321,81345,44779,50391,143528,61208,326860,6561,10023,13317,8274,5426
CA,CA11,201802,CLF,102,74.10784314,0.529411765,1.416578431,"$1,586.09 ",$205.47 ,$405.71 ,$905.17 ,$69.74 ,$0.00 ,2,0,4,0,31,24,1,0,150075,1390.308446,45792,42735,4855,24270,10946,14567,40935,13829,101017,2919,1938,3483,2730,14912
CA,CA12,201802,CLF,1298,71.77657935,0.561633282,2.121872111,"$3,177.12 ","$1,033.24 ",$352.07 ,"$1,692.55 ",$99.26 ,$0.00 ,20,2,29,12,380,561,3,4,978130,5958.095977,328577,304624,41276,147389,92035,114438,279979,108140,686675,23756,12508,28262,25805,16750
CA,CA13,201802,CLF,473,72.95137421,0.496828753,1.501991543,"$2,420.70 ",$798.28 ,$598.11 ,$905.61 ,$118.69 ,$0.00 ,3,0,15,4,101,147,0,4,342954,21389.49918,163854,119622,10594,41422,24903,67475,74845,21273,143965,5802,14241,5844,5879,17935
CA,CA14,201802,CLF,714,75.70588235,0.581232493,1.081514006,"$3,146.17 ","$1,702.71 ",$523.36 ,$761.42 ,$158.69 ,$0.00 ,8,0,13,3,153,181,1,8,2255381,3124.860076,789873,749021,60919,189668,113096,295103,502048,188257,1461149,154299,25948,59669,38303,48904
CA,CA15,201802,CLF,100,75.56,0.65,1.49138,"$4,013.41 ","$1,881.45 ","$1,032.87 ",$951.13 ,$147.97 ,$0.00 ,3,0,4,4,22,35,0,0,269075,1935.645521,84795,79606,14912,48433,23145,29320,80062,34066,193067,3236,5216,7611,5801,5926
CA,CA16,201802,CLF,1618,74.73176761,0.572311496,1.158266996,"$2,241.69 ",$696.80 ,$742.78 ,$674.11 ,$128.00 ,$0.00 ,13,2,32,25,376,395,4,7,4673221,2470.336258,1796567,1692047,128698,373438,232541,689629,936866,360315,2804353,396804,19220,110888,205390,80356
CA,CA17,201802,CLF,158,75.75949367,0.601265823,1.315335443,"$5,163.53 ","$3,208.62 ",$936.42 ,$925.37 ,$93.13 ,$0.00 ,6,0,2,3,47,40,0,0,539301,1496.015066,181213,172682,26130,73664,35012,67770,146907,48530,309505,12059,7723,11489,11100,5269
CA,CA18,201802,CLF,329,74.75379939,0.595744681,1.166303951,"$3,698.99 ","$1,967.35 ",$773.99 ,$735.70 ,$221.95 ,$0.00 ,5,0,9,2,96,76,1,6,732212,1392.385418,241055,226727,28989,96905,53972,89461,201506,62038,494325,20238,8143,16525,14450,15994
CA,CA19,201802,CLF,1080,74.38333333,0.55,1.094946296,"$2,573.42 ",$854.11 ,$768.01 ,$765.09 ,$186.21 ,$0.00 ,9,1,31,18,245,234,0,8,2291738,5095.099057,896341,819372,75758,168734,134416,335498,532415,114749,1083594,101802,25772,34828,51388,38576
CA,CA2,201802,CLF,1440,70.41805556,0.53125,1.275307639,"$1,433.73 ",$364.13 ,$293.37 ,$528.79 ,$247.45 ,$0.00 ,18,0,59,1,333,364,1,3,180216,4176.578436,57468,44057,10782,33928,15883,22446,51676,34263,160443,3448,6076,4616,3242,9708
CA,CA20,201802,CLF,159,73.06918239,0.540880503,1.164855346,"$2,204.62 ",$92.70 ,"$1,419.35 ",$628.60 ,$63.97 ,$0.00 ,2,0,3,1,40,26,0,1,438530,821.7515515,156896,149067,15346,36031,23696,64390,98813,20223,269660,13520,4468,7695,7541,10444
CA,CA21,201802,CLF,309,76.4433657,0.582524272,1.158491909,"$2,984.24 ","$1,493.82 ",$750.87 ,$641.73 ,$97.82 ,$0.00 ,1,0,7,3,86,84,1,3,641847,2324.181643,263188,238371,17271,57501,43401,116457,130712,38050,249451,23427,13544,12933,11677,12597
CA,CA22,201802,CLF,88,74.68181818,0.556818182,1.199704546,"$1,416.79 ",$0.00 ,$669.13 ,$492.30 ,$255.36 ,$0.00 ,0,0,1,0,21,19,0,0,171365,1234.545845,62685,58539,6792,22175,14964,23303,45990,13426,84511,4555,4913,3992,3786,2411
CA,CA23,201802,CLF,412,74.36407767,0.536407767,1.137444175,"$3,482.14 ","$1,292.24 ","$1,079.57 ",$948.17 ,$162.16 ,$0.00 ,6,0,15,7,71,76,0,2,151906,9005.172163,84579,59685,4117,9269,9764,35175,25619,1701,28770,2723,7154,1011,2769,11716
CA,CA24,201802,CLF,332,73.85843374,0.515060241,1.115759036,"$2,101.05 ",$675.03 ,$846.29 ,$449.79 ,$129.93 ,$0.00 ,3,1,10,2,74,61,1,2,428006,8864.022501,193696,163983,16804,39396,35478,79271,91192,17615,138500,10651,26639,6204,11021,9809
CA,CA25,201802,CLF,758,73.8707124,0.531662269,0.995287599,"$2,215.05 ",$591.01 ,$799.18 ,$698.45 ,$126.41 ,$0.00 ,9,0,24,2,154,150,1,3,470990,24672.40534,218386,187277,15591,36021,38019,90963,98766,8104,114440,8163,28551,6986,13481,12724
CA,CA3,201802,CLF,3215,70.92659409,0.541213064,1.319752722,"$2,102.68 ",$896.22 ,$482.23 ,$604.62 ,$119.61 ,$0.00 ,38,3,87,57,670,900,6,13,4518699,27266.44488,1549773,1348982,180356,553160,432652,561952,1186660,340581,3038969,129608,113905,106066,62893,91930
CA,CA4,201802,CLF,4565,74.17721796,0.569112815,1.293399343,"$2,926.28 ","$1,403.95 ",$538.97 ,$809.61 ,$173.75 ,$0.00 ,64,0,86,59,959,1448,5,28,13262234,4850.972611,4615697,4338482,441609,1781058,1352330,1739765,2957709,1601964,9307146,1149887,86507,469799,343744,220875
CA,CA5,201802,CLF,1522,75.72930355,0.553219448,1.217743758,"$4,647.49 ","$2,447.93 ",$859.77 ,"$1,119.20 ",$220.59 ,$0.00 ,20,0,34,9,370,525,0,10,848112,1842.466511,287498,271226,25853,88185,78474,123435,199599,77382,459811,31090,10988,17892,11400,12601
CA,CA6,201802,CLF,373,75.61126005,0.584450402,1.183281501,"$4,826.64 ","$3,372.72 ",$250.30 ,"$1,036.18 ",$167.44 ,$0.00 ,3,0,5,7,84,96,0,0,443738,2735.137621,156210,144962,13861,52042,46478,64775,99117,45552,244382,21169,6950,15410,8052,19863
CA,CA7,201802,CLF,1267,75.10812944,0.531176006,1.195005525,"$2,426.79 ",$510.42 ,$883.23 ,$848.07 ,$185.07 ,$0.00 ,10,0,39,6,238,418,0,17,883053,8132.256436,295756,267913,39056,139584,77216,92005,257750,84735,576023,15490,21557,24792,18281,31126
CA,CA8,201802,CLF,314,74.99044586,0.544585987,1.052748408,"$1,355.73 ",$0.00 ,$574.17 ,$614.39 ,$167.17 ,$0.00 ,0,0,8,6,71,88,1,0,281455,3300.636162,121095,105317,6175,17123,20715,52758,50492,9045,86881,7329,9630,3482,4557,16435
CA,CA9,201802,CLF,385,75.69090909,0.579220779,1.029657143,"$1,927.92 ",$556.63 ,$572.83 ,$620.48 ,$177.98 ,$0.00 ,2,0,9,9,83,97,0,2,433212,3281.719108,141155,126052,10475,78816,46650,55515,114125,75432,301974,14534,6567,17221,5984,17741
CA,CA1,201803,CLF,62250,73.04769478,0.573702811,1.101484337,"$1,179.60 ",$392.61 ,$210.95 ,$497.75 ,$78.28 ,$0.00 ,624,38,1326,1332,13493,19589,98,241,3302833,4208.762531,1204884,1118980,106962,286008,279602,439595,726344,216965,1787453,255366,42081,75015,61486,89451
CA,CA10,201803,CLF,202,73.05445545,0.514851485,1.747069307,"$3,315.89 ","$1,402.96 ",$682.25 ,"$1,084.67 ",$146.01 ,$0.00 ,2,0,5,2,64,74,0,0,460477,4824.376542,147791,136106,18321,81345,44779,50391,143528,61208,326860,6561,10023,13317,8274,5426
CA,CA11,201803,CLF,103,74.10679612,0.533980583,1.406728155,"$1,939.65 ",$463.56 ,$471.00 ,$908.63 ,$96.46 ,$0.00 ,0,0,3,0,25,35,0,0,150075,1390.308446,45792,42735,4855,24270,10946,14567,40935,13829,101017,2919,1938,3483,2730,14912
CA,CA12,201803,CLF,1300,71.84461539,0.562307692,2.11955,"$2,887.50 ",$606.45 ,$353.93 ,"$1,811.65 ",$115.47 ,$0.00 ,20,1,31,16,392,567,2,5,978130,5958.095977,328577,304624,41276,147389,92035,114438,279979,108140,686675,23756,12508,28262,25805,16750
CA,CA13,201803,CLF,478,73.0167364,0.49790795,1.492648536,"$3,198.00 ","$1,439.02 ",$571.14 ,"$1,008.58 ",$179.26 ,$0.00 ,3,0,11,5,102,147,0,5,342954,21389.49918,163854,119622,10594,41422,24903,67475,74845,21273,143965,5802,14241,5844,5879,17935
CA,CA14,201803,CLF,717,75.73082287,0.581589958,1.079069735,"$5,135.70 ","$3,296.88 ",$605.14 ,"$1,011.40 ",$222.28 ,$0.00 ,7,0,14,3,160,223,1,7,2255381,3124.860076,789873,749021,60919,189668,113096,295103,502048,188257,1461149,154299,25948,59669,38303,48904
CA,CA15,201803,CLF,100,75.6,0.65,1.49138,"$3,346.62 ","$1,215.49 ","$1,081.36 ",$884.39 ,$165.39 ,$0.00 ,0,0,3,1,28,35,0,0,269075,1935.645521,84795,79606,14912,48433,23145,29320,80062,34066,193067,3236,5216,7611,5801,5926
CA,CA16,201803,CLF,1622,74.77435265,0.572749692,1.157588779,"$2,948.22 ","$1,185.75 ",$816.38 ,$808.72 ,$137.38 ,$0.00 ,10,1,31,18,359,461,2,7,4673221,2470.336258,1796567,1692047,128698,373438,232541,689629,936866,360315,2804353,396804,19220,110888,205390,80356
CA,CA17,201803,CLF,158,75.84810127,0.601265823,1.315335443,"$2,622.31 ",$148.16 ,"$1,615.27 ",$690.68 ,$168.20 ,$0.00 ,0,0,2,2,47,41,0,0,539301,1496.015066,181213,172682,26130,73664,35012,67770,146907,48530,309505,12059,7723,11489,11100,5269
CA,CA18,201803,CLF,329,74.80851064,0.595744681,1.166303951,"$2,308.95 ",$601.04 ,$795.83 ,$744.20 ,$167.89 ,$0.00 ,4,0,9,1,111,78,1,7,732212,1392.385418,241055,226727,28989,96905,53972,89461,201506,62038,494325,20238,8143,16525,14450,15994
CA,CA19,201803,CLF,1082,74.43438078,0.548983364,1.097238447,"$3,587.44 ","$1,742.93 ",$763.88 ,$899.16 ,$181.48 ,$0.00 ,11,0,27,17,262,277,2,9,2291738,5095.099057,896341,819372,75758,168734,134416,335498,532415,114749,1083594,101802,25772,34828,51388,38576
CA,CA2,201803,CLF,1451,70.41833219,0.531357684,1.274356306,"$1,258.21 ",$172.06 ,$236.50 ,$515.94 ,$333.72 ,$0.00 ,8,0,66,1,373,377,0,3,180216,4176.578436,57468,44057,10782,33928,15883,22446,51676,34263,160443,3448,6076,4616,3242,9708
CA,CA20,201803,CLF,160,73.09375,0.5375,1.1598,"$3,968.47 ","$1,620.75 ","$1,514.73 ",$756.42 ,$76.57 ,$0.00 ,3,0,3,0,31,41,0,1,438530,821.7515515,156896,149067,15346,36031,23696,64390,98813,20223,269660,13520,4468,7695,7541,10444
CA,CA21,201803,CLF,312,76.41025641,0.586538462,1.150099359,"$3,576.66 ","$1,943.03 ",$842.48 ,$682.92 ,$108.23 ,$0.00 ,7,0,10,3,71,94,0,2,641847,2324.181643,263188,238371,17271,57501,43401,116457,130712,38050,249451,23427,13544,12933,11677,12597
CA,CA22,201803,CLF,89,74.61797753,0.561797753,1.188438202,"$4,126.15 ","$2,586.58 ",$579.72 ,$759.00 ,$200.85 ,$0.00 ,0,0,6,0,17,23,0,0,171365,1234.545845,62685,58539,6792,22175,14964,23303,45990,13426,84511,4555,4913,3992,3786,2411
CA,CA23,201803,CLF,412,74.42961165,0.536407767,1.137444175,"$5,230.64 ","$3,006.60 ","$1,197.76 ",$844.68 ,$181.60 ,$0.00 ,5,1,16,5,94,80,0,4,151906,9005.172163,84579,59685,4117,9269,9764,35175,25619,1701,28770,2723,7154,1011,2769,11716
CA,CA24,201803,CLF,333,73.86486487,0.516516517,1.116414414,"$2,811.90 ","$1,084.31 ",$998.93 ,$574.80 ,$153.86 ,$0.00 ,7,0,12,2,74,67,0,2,428006,8864.022501,193696,163983,16804,39396,35478,79271,91192,17615,138500,10651,26639,6204,11021,9809
CA,CA25,201803,CLF,763,73.84534731,0.530799476,0.995897772,"$2,195.10 ",$743.28 ,$673.08 ,$589.08 ,$189.66 ,$0.00 ,7,0,19,5,158,168,0,3,470990,24672.40534,218386,187277,15591,36021,38019,90963,98766,8104,114440,8163,28551,6986,13481,12724
CA,CA3,201803,CLF,3240,70.95833333,0.540740741,1.315730556,"$1,921.51 ",$585.16 ,$512.49 ,$694.99 ,$128.87 ,$0.00 ,33,5,79,72,747,942,4,16,4518699,27266.44488,1549773,1348982,180356,553160,432652,561952,1186660,340581,3038969,129608,113905,106066,62893,91930
CA,CA4,201803,CLF,4586,74.20562582,0.568687309,1.29078587,"$2,830.72 ","$1,067.11 ",$680.41 ,$923.40 ,$159.82 ,$0.00 ,72,0,117,68,1104,1541,6,29,13262234,4850.972611,4615697,4338482,441609,1781058,1352330,1739765,2957709,1601964,9307146,1149887,86507,469799,343744,220875
CA,CA5,201803,CLF,1534,75.71382008,0.554758801,1.21443807,"$4,647.75 ","$2,321.04 ",$858.34 ,"$1,199.89 ",$268.49 ,$0.00 ,25,0,45,11,385,532,2,11,848112,1842.466511,287498,271226,25853,88185,78474,123435,199599,77382,459811,31090,10988,17892,11400,12601
CA,CA6,201803,CLF,375,75.62666667,0.586666667,1.179552,"$1,719.04 ",$396.43 ,$450.28 ,$693.39 ,$178.93 ,$0.00 ,1,0,13,10,105,92,0,0,443738,2735.137621,156210,144962,13861,52042,46478,64775,99117,45552,244382,21169,6950,15410,8052,19863
CA,CA7,201803,CLF,1270,75.1488189,0.531496063,1.195223622,"$2,651.49 ",$665.64 ,$912.92 ,$857.30 ,$215.62 ,$0.00 ,12,1,41,4,264,418,0,18,883053,8132.256436,295756,267913,39056,139584,77216,92005,257750,84735,576023,15490,21557,24792,18281,31126
CA,CA8,201803,CLF,315,75.00634921,0.546031746,1.051422222,"$1,396.39 ",$85.55 ,$410.03 ,$707.94 ,$192.87 ,$0.00 ,1,0,7,6,72,90,0,0,281455,3300.636162,121095,105317,6175,17123,20715,52758,50492,9045,86881,7329,9630,3482,4557,16435
CA,,201803,CLF,385,75.75064935,0.579220779,1.029657143,"$2,001.42 ",$450.18 ,$710.46 ,$676.30 ,$164.48 ,$0.00 ,3,0,9,7,105,122,1,2,433212,3281.719108,141155,126052,10475,78816,46650,55515,114125,75432,301974,14534,6567,17221,5984,17741
CA,CA1,201804,CLF,62248,73.11841344,0.573785503,1.101637659,"$1,074.99 ",$316.12 ,$202.39 ,$471.22 ,$85.26 ,$0.00 ,588,30,1367,1195,13043,19011,90,239,3302833,4208.762531,1204884,1118980,106962,286008,279602,439595,726344,216965,1787453,255366,42081,75015,61486,89451
CA,CA10,201804,CLF,202,73.11881188,0.514851485,1.747069307,"$4,026.46 ","$2,044.28 ",$638.58 ,"$1,162.64 ",$180.96 ,$0.00 ,3,0,9,6,63,75,0,0,460477,4824.376542,147791,136106,18321,81345,44779,50391,143528,61208,326860,6561,10023,13317,8274,5426
CA,CA11,201804,CLF,103,74.16504854,0.533980583,1.406728155,"$2,350.10 ",$607.25 ,$473.76 ,"$1,137.39 ",$131.70 ,$0.00 ,0,0,1,1,30,31,0,0,150075,1390.308446,45792,42735,4855,24270,10946,14567,40935,13829,101017,2919,1938,3483,2730,14912
CA,CA12,201804,CLF,1300,71.91538462,0.562307692,2.11955,"$3,398.26 ","$1,117.49 ",$385.10 ,"$1,780.90 ",$114.77 ,$0.00 ,24,1,25,14,368,617,1,5,978130,5958.095977,328577,304624,41276,147389,92035,114438,279979,108140,686675,23756,12508,28262,25805,16750
CA,CA13,201804,CLF,478,73.10878661,0.49790795,1.492648536,"$2,237.76 ",$613.86 ,$567.75 ,$904.78 ,$151.37 ,$0.00 ,3,0,16,0,99,164,0,4,342954,21389.49918,163854,119622,10594,41422,24903,67475,74845,21273,143965,5802,14241,5844,5879,17935
CA,CA14,201804,CLF,717,75.80613668,0.581589958,1.079069735,"$2,313.37 ",$497.94 ,$755.31 ,$827.80 ,$232.32 ,$0.00 ,3,0,15,3,148,200,1,7,2255381,3124.860076,789873,749021,60919,189668,113096,295103,502048,188257,1461149,154299,25948,59669,38303,48904
CA,CA15,201804,CLF,100,75.63,0.65,1.49138,"$2,401.87 ",$156.75 ,$916.10 ,"$1,219.73 ",$109.28 ,$0.00 ,0,0,3,1,28,37,0,0,269075,1935.645521,84795,79606,14912,48433,23145,29320,80062,34066,193067,3236,5216,7611,5801,5926
CA,CA16,201804,CLF,1622,74.84525277,0.572749692,1.157588779,"$2,745.32 ",$945.72 ,$762.96 ,$882.93 ,$153.71 ,$0.00 ,16,0,36,10,378,444,2,7,4673221,2470.336258,1796567,1692047,128698,373438,232541,689629,936866,360315,2804353,396804,19220,110888,205390,80356
CA,CA17,201804,CLF,158,75.9556962,0.601265823,1.315335443,"$3,172.31 ",$921.78 ,"$1,382.75 ",$721.30 ,$146.47 ,$0.00 ,1,0,3,2,40,46,0,0,539301,1496.015066,181213,172682,26130,73664,35012,67770,146907,48530,309505,12059,7723,11489,11100,5269
CA,CA18,201804,CLF,329,74.87537994,0.595744681,1.166303951,"$3,047.54 ",$735.32 ,"$1,381.43 ",$745.70 ,$185.10 ,$0.00 ,1,1,9,0,97,87,2,7,732212,1392.385418,241055,226727,28989,96905,53972,89461,201506,62038,494325,20238,8143,16525,14450,15994
CA,CA19,201804,CLF,1082,74.50369686,0.548983364,1.097238447,"$2,667.63 ",$936.14 ,$830.30 ,$742.64 ,$158.55 ,$0.00 ,4,0,24,12,255,276,0,10,2291738,5095.099057,896341,819372,75758,168734,134416,335498,532415,114749,1083594,101802,25772,34828,51388,38576
CA,CA2,201804,CLF,1450,70.49586207,0.531034483,1.274094483,"$1,557.70 ",$339.38 ,$328.31 ,$608.36 ,$281.65 ,$0.00 ,19,1,58,4,288,394,0,3,180216,4176.578436,57468,44057,10782,33928,15883,22446,51676,34263,160443,3448,6076,4616,3242,9708
CA,CA20,201804,CLF,160,73.175,0.5375,1.1598,"$1,903.99 ",$196.53 ,"$1,059.27 ",$583.80 ,$64.38 ,$0.00 ,3,0,2,0,40,30,0,1,438530,821.7515515,156896,149067,15346,36031,23696,64390,98813,20223,269660,13520,4468,7695,7541,10444
CA,CA21,201804,CLF,312,76.46794872,0.586538462,1.150099359,"$2,414.72 ",$917.66 ,$601.97 ,$794.52 ,$100.58 ,$0.00 ,6,0,9,2,81,85,0,3,641847,2324.181643,263188,238371,17271,57501,43401,116457,130712,38050,249451,23427,13544,12933,11677,12597
CA,CA22,201804,CLF,89,74.68539326,0.561797753,1.188438202,"$1,917.01 ",$0.00 ,$926.11 ,$783.96 ,$206.94 ,$0.00 ,0,0,4,1,24,15,0,0,171365,1234.545845,62685,58539,6792,22175,14964,23303,45990,13426,84511,4555,4913,3992,3786,2411
CA,CA23,201804,CLF,412,74.5,0.536407767,1.137444175,"$4,319.90 ","$1,926.67 ","$1,316.46 ",$891.57 ,$185.20 ,$0.00 ,2,1,3,2,64,103,0,2,151906,9005.172163,84579,59685,4117,9269,9764,35175,25619,1701,28770,2723,7154,1011,2769,11716
CA,CA24,201804,CLF,333,73.93093093,0.516516517,1.116414414,"$1,877.56 ",$519.09 ,$693.70 ,$492.44 ,$172.34 ,$0.00 ,1,0,7,0,70,71,0,3,428006,8864.022501,193696,163983,16804,39396,35478,79271,91192,17615,138500,10651,26639,6204,11021,9809
CA,CA25,201804,CLF,763,73.91874181,0.530799476,0.995897772,"$2,381.51 ",$781.15 ,$717.48 ,$698.01 ,$184.86 ,$0.00 ,7,0,16,4,145,165,2,3,470990,24672.40534,218386,187277,15591,36021,38019,90963,98766,8104,114440,8163,28551,6986,13481,12724
CA,CA3,201804,CLF,3241,71.02591793,0.540882444,1.316782166,"$2,130.46 ",$749.25 ,$566.49 ,$679.54 ,$135.18 ,$0.00 ,35,1,92,42,734,959,4,15,4518699,27266.44488,1549773,1348982,180356,553160,432652,561952,1186660,340581,3038969,129608,113905,106066,62893,91930
CA,CA4,201804,CLF,4586,74.28281727,0.568687309,1.29078587,"$2,868.96 ","$1,149.93 ",$659.04 ,$890.95 ,$169.04 ,$0.00 ,47,2,113,44,1021,1454,4,28,13262234,4850.972611,4615697,4338482,441609,1781058,1352330,1739765,2957709,1601964,9307146,1149887,86507,469799,343744,220875
CA,CA5,201804,CLF,1534,75.78878748,0.554758801,1.21443807,"$3,300.44 ",$795.41 ,$977.96 ,"$1,303.11 ",$223.96 ,$0.00 ,11,1,35,8,399,601,0,12,848112,1842.466511,287498,271226,25853,88185,78474,123435,199599,77382,459811,31090,10988,17892,11400,12601
CA,CA6,201804,CLF,375,75.704,0.586666667,1.179552,"$1,337.49 ",$205.34 ,$383.51 ,$586.47 ,$162.16 ,$0.00 ,3,0,5,5,87,101,0,0,443738,2735.137621,156210,144962,13861,52042,46478,64775,99117,45552,244382,21169,6950,15410,8052,19863
CA,CA7,201804,CLF,1270,75.23464567,0.531496063,1.195223622,"$2,456.49 ",$394.38 ,$991.75 ,$825.53 ,$244.83 ,$0.00 ,7,2,33,6,253,422,1,17,883053,8132.256436,295756,267913,39056,139584,77216,92005,257750,84735,576023,15490,21557,24792,18281,31126
CA,CA8,201804,CLF,315,75.06984127,0.546031746,1.051422222,"$1,718.61 ",$97.94 ,$630.80 ,$821.71 ,$168.16 ,$0.00 ,2,0,12,7,83,86,1,0,281455,3300.636162,121095,105317,6175,17123,20715,52758,50492,9045,86881,7329,9630,3482,4557,16435
CA,CA9,201804,CLF,385,75.81038961,0.579220779,1.029657143,"$2,833.68 ","$1,259.55 ",$740.54 ,$636.63 ,$196.95 ,$0.00 ,1,0,11,2,95,130,0,2,433212,3281.719108,141155,126052,10475,78816,46650,55515,114125,75432,301974,14534,6567,17221,5984,17741
CA,CA1,201805,CLF,62243,73.19785357,0.573735199,1.101698312,"$1,137.89 ",$327.83 ,$218.16 ,$504.66 ,$87.23 ,$0.00 ,570,29,1271,1202,13331,19808,108,249,3302833,4208.762531,1204884,1118980,106962,286008,279602,439595,726344,216965,1787453,255366,42081,75015,61486,89451
CA,CA10,201805,CLF,202,73.19306931,0.514851485,1.747069307,"$2,708.96 ",$806.06 ,$514.79 ,"$1,221.65 ",$166.46 ,$0.00 ,6,0,8,4,57,61,0,0,460477,4824.376542,147791,136106,18321,81345,44779,50391,143528,61208,326860,6561,10023,13317,8274,5426
CA,CA11,201805,CLF,103,74.24271845,0.533980583,1.406728155,"$2,322.57 ",$641.19 ,$603.26 ,$992.59 ,$85.53 ,$0.00 ,0,0,3,0,29,45,0,0,150075,1390.308446,45792,42735,4855,24270,10946,14567,40935,13829,101017,2919,1938,3483,2730,14912
CA,CA12,201805,CLF,1300,71.99615385,0.562307692,2.11955,"$3,596.06 ",$810.99 ,$456.36 ,"$2,208.41 ",$120.29 ,$0.00 ,28,0,39,13,391,616,6,4,978130,5958.095977,328577,304624,41276,147389,92035,114438,279979,108140,686675,23756,12508,28262,25805,16750
CA,CA13,201805,CLF,478,73.19456067,0.49790795,1.492648536,"$2,955.07 ",$927.72 ,$792.55 ,"$1,089.35 ",$145.45 ,$0.00 ,5,1,18,1,102,164,0,4,342954,21389.49918,163854,119622,10594,41422,24903,67475,74845,21273,143965,5802,14241,5844,5879,17935
CA,CA14,201805,CLF,717,75.88284519,0.581589958,1.079069735,"$4,526.71 ","$2,594.43 ",$670.26 ,"$1,002.60 ",$259.43 ,$0.00 ,11,0,10,5,167,207,3,7,2255381,3124.860076,789873,749021,60919,189668,113096,295103,502048,188257,1461149,154299,25948,59669,38303,48904
CA,CA15,201805,CLF,100,75.67,0.65,1.49138,"$2,981.48 ",$534.52 ,"$1,322.23 ",$981.04 ,$143.70 ,$0.00 ,2,0,1,1,24,40,0,0,269075,1935.645521,84795,79606,14912,48433,23145,29320,80062,34066,193067,3236,5216,7611,5801,5926
CA,CA16,201805,CLF,1622,74.93649815,0.572749692,1.157588779,"$2,527.94 ",$849.33 ,$777.54 ,$756.11 ,$144.96 ,$0.00 ,13,1,29,11,385,451,4,6,4673221,2470.336258,1796567,1692047,128698,373438,232541,689629,936866,360315,2804353,396804,19220,110888,205390,80356
CA,CA17,201805,CLF,158,76.01265823,0.601265823,1.315335443,"$7,855.66 ","$4,417.07 ","$2,126.35 ","$1,156.87 ",$155.37 ,$0.00 ,2,0,7,0,42,52,0,0,539301,1496.015066,181213,172682,26130,73664,35012,67770,146907,48530,309505,12059,7723,11489,11100,5269
CA,CA18,201805,CLF,329,74.94528875,0.595744681,1.166303951,"$5,275.75 ","$3,334.38 ",$885.74 ,$854.68 ,$200.94 ,$0.00 ,7,0,10,2,95,83,0,7,732212,1392.385418,241055,226727,28989,96905,53972,89461,201506,62038,494325,20238,8143,16525,14450,15994
CA,CA19,201805,CLF,1082,74.57486137,0.548983364,1.097238447,"$2,932.47 ","$1,179.64 ",$657.12 ,$883.65 ,$212.06 ,$0.00 ,11,0,23,10,266,301,2,10,2291738,5095.099057,896341,819372,75758,168734,134416,335498,532415,114749,1083594,101802,25772,34828,51388,38576
CA,CA2,201805,CLF,1450,70.54413793,0.531724138,1.273832414,"$1,395.80 ",$202.67 ,$322.75 ,$574.79 ,$295.58 ,$0.00 ,15,0,74,4,314,370,0,2,180216,4176.578436,57468,44057,10782,33928,15883,22446,51676,34263,160443,3448,6076,4616,3242,9708
CA,CA20,201805,CLF,160,73.2125,0.5375,1.1598,"$2,531.25 ",$19.81 ,"$1,847.70 ",$601.82 ,$61.92 ,$0.00 ,0,0,5,1,36,41,0,1,438530,821.7515515,156896,149067,15346,36031,23696,64390,98813,20223,269660,13520,4468,7695,7541,10444
CA,CA21,201805,CLF,312,76.57692308,0.586538462,1.150099359,"$1,821.12 ",$273.98 ,$682.12 ,$682.03 ,$182.98 ,$0.00 ,3,0,4,3,68,91,0,3,641847,2324.181643,263188,238371,17271,57501,43401,116457,130712,38050,249451,23427,13544,12933,11677,12597
CA,CA22,201805,CLF,89,74.78651685,0.561797753,1.188438202,"$2,127.00 ",$256.21 ,$968.66 ,$577.49 ,$324.63 ,$0.00 ,1,1,2,0,21,25,1,0,171365,1234.545845,62685,58539,6792,22175,14964,23303,45990,13426,84511,4555,4913,3992,3786,2411
CA,CA23,201805,CLF,412,74.56796117,0.536407767,1.137444175,"$3,568.18 ","$1,394.08 ","$1,102.96 ",$926.34 ,$144.80 ,$0.00 ,4,0,10,2,82,107,0,4,151906,9005.172163,84579,59685,4117,9269,9764,35175,25619,1701,28770,2723,7154,1011,2769,11716
CA,CA24,201805,CLF,333,74.003003,0.516516517,1.116414414,"$2,754.30 ","$1,217.20 ",$764.31 ,$620.65 ,$152.14 ,$0.00 ,2,0,12,0,80,75,0,2,428006,8864.022501,193696,163983,16804,39396,35478,79271,91192,17615,138500,10651,26639,6204,11021,9809
CA,CA25,201805,CLF,763,73.97903014,0.530799476,0.995897772,"$2,042.45 ",$249.96 ,$813.75 ,$828.77 ,$149.98 ,$0.00 ,3,0,24,5,156,149,2,3,470990,24672.40534,218386,187277,15591,36021,38019,90963,98766,8104,114440,8163,28551,6986,13481,12724
CA,CA3,201805,CLF,3241,71.09996915,0.540882444,1.316782166,"$1,987.59 ",$607.21 ,$586.38 ,$661.71 ,$132.29 ,$0.00 ,38,2,88,54,686,968,1,11,4518699,27266.44488,1549773,1348982,180356,553160,432652,561952,1186660,340581,3038969,129608,113905,106066,62893,91930
CA,CA4,201805,CLF,4586,74.35935456,0.568687309,1.29078587,"$2,888.03 ","$1,067.18 ",$685.71 ,$955.62 ,$179.52 ,$0.00 ,70,1,130,59,1063,1633,8,28,13262234,4850.972611,4615697,4338482,441609,1781058,1352330,1739765,2957709,1601964,9307146,1149887,86507,469799,343744,220875
CA,CA5,201805,CLF,1534,75.87483703,0.554758801,1.21443807,"$4,083.74 ","$1,371.53 ","$1,103.96 ","$1,349.18 ",$259.08 ,$0.00 ,16,1,43,6,393,546,0,13,848112,1842.466511,287498,271226,25853,88185,78474,123435,199599,77382,459811,31090,10988,17892,11400,12601
CA,CA6,201805,CLF,375,75.79466667,0.586666667,1.179552,"$2,436.27 ","$1,078.47 ",$456.70 ,$712.89 ,$188.21 ,$0.00 ,1,0,7,8,93,109,1,0,443738,2735.137621,156210,144962,13861,52042,46478,64775,99117,45552,244382,21169,6950,15410,8052,19863
CA,CA7,201805,CLF,1270,75.30866142,0.531496063,1.195223622,"$3,437.76 ","$1,216.68 ",$947.29 ,"$1,052.68 ",$221.11 ,$0.00 ,13,1,58,6,233,417,1,18,883053,8132.256436,295756,267913,39056,139584,77216,92005,257750,84735,576023,15490,21557,24792,18281,31126
CA,CA8,201805,CLF,315,75.16190476,0.546031746,1.051422222,"$1,504.00 ",$68.46 ,$630.04 ,$599.22 ,$206.29 ,$0.00 ,1,0,7,7,82,103,0,0,281455,3300.636162,121095,105317,6175,17123,20715,52758,50492,9045,86881,7329,9630,3482,4557,16435
CA,CA9,201805,CLF,385,75.9038961,0.579220779,1.029657143,"$2,701.69 ",$877.86 ,$882.74 ,$749.05 ,$192.05 ,$0.00 ,4,1,11,4,103,122,1,2,433212,3281.719108,141155,126052,10475,78816,46650,55515,114125,75432,301974,14534,6567,17221,5984,17741
CA,CA1,201806,CLF,62255,73.27300618,0.573720986,1.101428303,"$1,107.35 ",$340.39 ,$209.03 ,$481.23 ,$76.70 ,$0.00 ,607,36,1305,1176,12590,18833,74,252,3302833,4208.762531,1204884,1118980,106962,286008,279602,439595,726344,216965,1787453,255366,42081,75015,61486,89451
CA,CA10,201806,CLF,202,73.24752475,0.514851485,1.747069307,"$3,700.52 ","$1,255.58 ","$1,260.00 ","$1,039.82 ",$145.12 ,$0.00 ,5,0,10,0,64,72,0,0,460477,4824.376542,147791,136106,18321,81345,44779,50391,143528,61208,326860,6561,10023,13317,8274,5426
CA,CA11,201806,CLF,103,74.36893204,0.533980583,1.406728155,"$2,330.38 ",$431.01 ,$983.07 ,$806.70 ,$109.59 ,$0.00 ,4,0,6,1,28,40,0,0,150075,1390.308446,45792,42735,4855,24270,10946,14567,40935,13829,101017,2919,1938,3483,2730,14912
CA,CA12,201806,CLF,1300,72.07769231,0.562307692,2.11955,"$3,891.13 ","$1,353.81 ",$459.99 ,"$1,948.61 ",$128.72 ,$0.00 ,30,0,40,13,351,616,6,6,978130,5958.095977,328577,304624,41276,147389,92035,114438,279979,108140,686675,23756,12508,28262,25805,16750
CA,CA13,201806,CLF,478,73.24895398,0.49790795,1.492648536,"$3,016.61 ",$887.77 ,$774.08 ,"$1,175.97 ",$178.79 ,$0.00 ,6,0,18,0,83,141,0,4,342954,21389.49918,163854,119622,10594,41422,24903,67475,74845,21273,143965,5802,14241,5844,5879,17935
CA,CA14,201806,CLF,717,75.9497908,0.581589958,1.079069735,"$3,940.28 ","$1,736.17 ","$1,016.64 ",$974.40 ,$213.08 ,$0.00 ,5,0,18,2,165,208,3,6,2255381,3124.860076,789873,749021,60919,189668,113096,295103,502048,188257,1461149,154299,25948,59669,38303,48904
CA,CA15,201806,CLF,100,75.74,0.65,1.49138,"$3,498.82 ","$1,579.39 ",$752.47 ,"$1,047.01 ",$119.95 ,$0.00 ,3,0,3,1,21,34,1,0,269075,1935.645521,84795,79606,14912,48433,23145,29320,80062,34066,193067,3236,5216,7611,5801,5926
CA,CA16,201806,CLF,1622,74.99876695,0.572749692,1.157588779,"$3,483.65 ","$1,425.55 ","$1,144.48 ",$755.23 ,$158.39 ,$0.00 ,13,1,31,12,374,429,4,4,4673221,2470.336258,1796567,1692047,128698,373438,232541,689629,936866,360315,2804353,396804,19220,110888,205390,80356
CA,CA17,201806,CLF,158,76.09493671,0.601265823,1.315335443,"$3,608.03 ",$130.38 ,"$2,731.33 ",$634.79 ,$111.54 ,$0.00 ,1,0,5,1,49,44,0,0,539301,1496.015066,181213,172682,26130,73664,35012,67770,146907,48530,309505,12059,7723,11489,11100,5269
CA,CA18,201806,CLF,329,75.04559271,0.595744681,1.166303951,"$4,358.93 ","$2,339.67 ",$817.33 ,"$1,060.03 ",$141.91 ,$0.00 ,2,0,8,0,95,76,1,6,732212,1392.385418,241055,226727,28989,96905,53972,89461,201506,62038,494325,20238,8143,16525,14450,15994
CA,CA19,201806,CLF,1082,74.63955638,0.548983364,1.097238447,"$1,963.83 ",$320.59 ,$634.02 ,$820.72 ,$188.50 ,$0.00 ,6,0,19,8,252,261,0,7,2291738,5095.099057,896341,819372,75758,168734,134416,335498,532415,114749,1083594,101802,25772,34828,51388,38576
CA,CA2,201806,CLF,1452,70.60881543,0.530991736,1.275426309,"$1,456.51 ",$291.80 ,$240.47 ,$649.06 ,$275.18 ,$0.00 ,27,0,80,3,330,450,1,2,180216,4176.578436,57468,44057,10782,33928,15883,22446,51676,34263,160443,3448,6076,4616,3242,9708
CA,CA20,201806,CLF,160,73.34375,0.5375,1.1598,"$5,294.08 ","$1,260.24 ","$3,173.36 ",$806.72 ,$53.76 ,$0.00 ,4,0,4,2,39,38,0,1,438530,821.7515515,156896,149067,15346,36031,23696,64390,98813,20223,269660,13520,4468,7695,7541,10444
CA,CA21,201806,CLF,312,76.63461539,0.586538462,1.150099359,"$2,194.58 ",$284.86 ,$898.61 ,$860.55 ,$150.56 ,$0.00 ,2,0,13,1,72,87,0,3,641847,2324.181643,263188,238371,17271,57501,43401,116457,130712,38050,249451,23427,13544,12933,11677,12597
CA,CA22,201806,CLF,89,74.84269663,0.561797753,1.188438202,"$1,987.93 ",$201.83 ,"$1,084.23 ",$508.17 ,$193.69 ,$0.00 ,0,0,2,0,23,21,0,0,171365,1234.545845,62685,58539,6792,22175,14964,23303,45990,13426,84511,4555,4913,3992,3786,2411
CA,CA23,201806,CLF,412,74.65048544,0.536407767,1.137444175,"$4,397.16 ","$1,813.52 ","$1,146.84 ","$1,257.49 ",$179.30 ,$0.00 ,8,0,10,3,71,102,1,4,151906,9005.172163,84579,59685,4117,9269,9764,35175,25619,1701,28770,2723,7154,1011,2769,11716
CA,CA24,201806,CLF,333,74.09309309,0.516516517,1.116414414,"$2,166.89 ",$543.56 ,"$1,047.91 ",$431.25 ,$144.17 ,$0.00 ,0,0,4,1,64,84,0,2,428006,8864.022501,193696,163983,16804,39396,35478,79271,91192,17615,138500,10651,26639,6204,11021,9809
CA,CA25,201806,CLF,763,74.05897772,0.530799476,0.995897772,"$2,487.05 ",$679.20 ,$824.01 ,$796.80 ,$187.05 ,$0.00 ,5,1,18,4,143,157,0,4,470990,24672.40534,218386,187277,15591,36021,38019,90963,98766,8104,114440,8163,28551,6986,13481,12724
CA,CA3,201806,CLF,3241,71.17463746,0.540882444,1.316782166,"$1,921.08 ",$599.30 ,$536.51 ,$665.30 ,$119.97 ,$0.00 ,39,1,97,48,746,1001,2,13,4518699,27266.44488,1549773,1348982,180356,553160,432652,561952,1186660,340581,3038969,129608,113905,106066,62893,91930
CA,CA4,201806,CLF,4586,74.42956825,0.568687309,1.29078587,"$3,089.82 ","$1,179.45 ",$740.52 ,$995.61 ,$174.24 ,$0.00 ,53,1,85,62,1034,1489,2,26,13262234,4850.972611,4615697,4338482,441609,1781058,1352330,1739765,2957709,1601964,9307146,1149887,86507,469799,343744,220875
CA,CA5,201806,CLF,1534,75.9387223,0.554758801,1.21443807,"$4,504.27 ","$1,860.54 ","$1,137.36 ","$1,257.04 ",$249.34 ,$0.00 ,12,0,32,7,352,561,1,13,848112,1842.466511,287498,271226,25853,88185,78474,123435,199599,77382,459811,31090,10988,17892,11400,12601
CA,CA6,201806,CLF,375,75.872,0.586666667,1.179552,"$2,229.70 ",$594.37 ,$377.51 ,"$1,048.22 ",$209.60 ,$0.00 ,4,0,12,2,94,94,0,0,443738,2735.137621,156210,144962,13861,52042,46478,64775,99117,45552,244382,21169,6950,15410,8052,19863
CA,CA7,201806,CLF,1270,75.37637795,0.531496063,1.195223622,"$3,329.48 ",$999.97 ,"$1,082.86 ",$995.05 ,$251.60 ,$0.00 ,14,0,54,7,226,419,2,17,883053,8132.256436,295756,267913,39056,139584,77216,92005,257750,84735,576023,15490,21557,24792,18281,31126
CA,CA8,201806,CLF,315,75.24444444,0.546031746,1.051422222,"$2,397.65 ",$912.01 ,$584.71 ,$719.40 ,$181.53 ,$0.00 ,1,0,7,3,73,96,0,0,281455,3300.636162,121095,105317,6175,17123,20715,52758,50492,9045,86881,7329,9630,3482,4557,16435
CA,CA9,201806,CLF,385,75.97662338,0.579220779,1.029657143,"$1,309.61 ",$315.13 ,$278.78 ,$538.99 ,$176.72 ,$0.00 ,1,0,10,5,96,115,1,2,433212,3281.719108,141155,126052,10475,78816,46650,55515,114125,75432,301974,14534,6567,17221,5984,17741
CA,CA1,201807,CLF,62258,73.34917601,0.573757589,1.101512593,"$1,155.44 ",$366.04 ,$213.35 ,$493.43 ,$82.63 ,$0.00 ,637,28,1385,1294,12626,18982,78,245,3302833,4208.762531,1204884,1118980,106962,286008,279602,439595,726344,216965,1787453,255366,42081,75015,61486,89451
CA,CA10,201807,CLF,202,73.34158416,0.514851485,1.747069307,"$3,766.92 ","$1,398.36 ","$1,248.53 ",$930.19 ,$189.84 ,$0.00 ,5,1,11,1,53,72,1,0,460477,4824.376542,147791,136106,18321,81345,44779,50391,143528,61208,326860,6561,10023,13317,8274,5426
CA,CA11,201807,CLF,103,74.41747573,0.533980583,1.406728155,"$2,737.78 ",$781.20 ,$724.44 ,"$1,092.66 ",$139.47 ,$0.00 ,1,0,4,0,36,38,0,0,150075,1390.308446,45792,42735,4855,24270,10946,14567,40935,13829,101017,2919,1938,3483,2730,14912
CA,CA12,201807,CLF,1300,72.15076923,0.562307692,2.11955,"$3,846.34 ","$1,298.12 ",$484.03 ,"$1,945.75 ",$118.43 ,$0.00 ,21,0,28,11,346,577,4,6,978130,5958.095977,328577,304624,41276,147389,92035,114438,279979,108140,686675,23756,12508,28262,25805,16750
CA,CA13,201807,CLF,478,73.31171548,0.49790795,1.492648536,"$3,264.57 ","$1,343.31 ",$790.66 ,$981.52 ,$149.08 ,$0.00 ,8,2,15,1,96,136,0,4,342954,21389.49918,163854,119622,10594,41422,24903,67475,74845,21273,143965,5802,14241,5844,5879,17935
CA,CA14,201807,CLF,717,76.0223152,0.581589958,1.079069735,"$2,365.47 ",$547.43 ,$752.76 ,$805.36 ,$259.92 ,$0.00 ,4,0,13,8,141,210,2,8,2255381,3124.860076,789873,749021,60919,189668,113096,295103,502048,188257,1461149,154299,25948,59669,38303,48904
CA,CA15,201807,CLF,100,75.86,0.65,1.49138,"$2,551.92 ",$0.00 ,"$1,161.21 ","$1,255.77 ",$134.94 ,$0.00 ,0,0,0,1,33,34,0,0,269075,1935.645521,84795,79606,14912,48433,23145,29320,80062,34066,193067,3236,5216,7611,5801,5926
CA,CA16,201807,CLF,1622,75.0702836,0.572749692,1.157588779,"$3,177.34 ","$1,085.09 ","$1,171.07 ",$753.59 ,$167.58 ,$0.00 ,20,0,42,18,379,425,0,5,4673221,2470.336258,1796567,1692047,128698,373438,232541,689629,936866,360315,2804353,396804,19220,110888,205390,80356
CA,CA17,201807,CLF,158,76.16455696,0.601265823,1.315335443,"$3,277.57 ",$444.01 ,"$1,901.37 ",$773.53 ,$158.66 ,$0.00 ,0,1,4,0,34,36,1,0,539301,1496.015066,181213,172682,26130,73664,35012,67770,146907,48530,309505,12059,7723,11489,11100,5269
CA,CA18,201807,CLF,329,75.11854103,0.595744681,1.166303951,"$2,597.84 ",$684.62 ,"$1,014.63 ",$677.25 ,$221.34 ,$0.00 ,2,0,5,2,110,88,1,6,732212,1392.385418,241055,226727,28989,96905,53972,89461,201506,62038,494325,20238,8143,16525,14450,15994
CA,CA19,201807,CLF,1082,74.71256932,0.548983364,1.097238447,"$2,380.47 ",$901.39 ,$665.05 ,$672.83 ,$141.20 ,$0.00 ,10,0,34,10,229,268,0,7,2291738,5095.099057,896341,819372,75758,168734,134416,335498,532415,114749,1083594,101802,25772,34828,51388,38576
CA,CA2,201807,CLF,1453,70.69580179,0.531314522,1.275214728,"$1,609.98 ",$439.86 ,$372.88 ,$510.13 ,$287.10 ,$0.00 ,20,1,54,3,300,370,0,4,180216,4176.578436,57468,44057,10782,33928,15883,22446,51676,34263,160443,3448,6076,4616,3242,9708
CA,CA20,201807,CLF,160,73.4125,0.5375,1.1598,"$2,927.60 ",$905.30 ,"$1,276.90 ",$680.73 ,$64.67 ,$0.00 ,2,0,3,1,40,36,0,1,438530,821.7515515,156896,149067,15346,36031,23696,64390,98813,20223,269660,13520,4468,7695,7541,10444
CA,CA21,201807,CLF,312,76.71474359,0.586538462,1.150099359,"$3,579.21 ","$1,806.69 ",$903.60 ,$686.22 ,$182.70 ,$0.00 ,3,0,13,2,65,83,0,2,641847,2324.181643,263188,238371,17271,57501,43401,116457,130712,38050,249451,23427,13544,12933,11677,12597
CA,CA22,201807,CLF,89,74.88764045,0.561797753,1.188438202,"$1,886.53 ",$304.25 ,$814.51 ,$522.86 ,$244.91 ,$0.00 ,0,1,2,0,18,26,0,0,171365,1234.545845,62685,58539,6792,22175,14964,23303,45990,13426,84511,4555,4913,3992,3786,2411
CA,CA23,201807,CLF,412,74.72815534,0.536407767,1.137444175,"$3,030.11 ","$1,276.31 ",$801.45 ,$804.05 ,$148.30 ,$0.00 ,5,0,8,3,69,106,1,4,151906,9005.172163,84579,59685,4117,9269,9764,35175,25619,1701,28770,2723,7154,1011,2769,11716
CA,CA24,201807,CLF,333,74.16516517,0.516516517,1.116414414,"$2,497.15 ",$533.94 ,"$1,005.62 ",$870.26 ,$87.33 ,$0.00 ,4,0,9,1,71,67,0,2,428006,8864.022501,193696,163983,16804,39396,35478,79271,91192,17615,138500,10651,26639,6204,11021,9809
CA,CA25,201807,CLF,763,74.13630406,0.530799476,0.995897772,"$2,839.33 ","$1,192.10 ",$803.66 ,$655.28 ,$188.30 ,$0.00 ,7,0,18,3,136,131,1,3,470990,24672.40534,218386,187277,15591,36021,38019,90963,98766,8104,114440,8163,28551,6986,13481,12724
CA,CA3,201807,CLF,3241,71.2514656,0.540882444,1.316782166,"$2,160.22 ",$714.56 ,$639.64 ,$678.34 ,$127.68 ,$0.00 ,33,0,104,59,659,917,0,11,4518699,27266.44488,1549773,1348982,180356,553160,432652,561952,1186660,340581,3038969,129608,113905,106066,62893,91930
CA,CA4,201807,CLF,4586,74.49498474,0.568687309,1.29078587,"$2,616.34 ",$812.66 ,$678.37 ,$945.55 ,$179.75 ,$0.00 ,50,0,108,56,992,1514,6,25,13262234,4850.972611,4615697,4338482,441609,1781058,1352330,1739765,2957709,1601964,9307146,1149887,86507,469799,343744,220875
CA,CA5,201807,CLF,1534,76.03063885,0.554758801,1.21443807,"$3,674.66 ","$1,141.01 ","$1,142.03 ","$1,141.64 ",$249.99 ,$0.00 ,15,0,41,5,380,576,1,9,848112,1842.466511,287498,271226,25853,88185,78474,123435,199599,77382,459811,31090,10988,17892,11400,12601
CA,CA6,201807,CLF,375,75.968,0.586666667,1.179552,"$2,049.04 ",$398.53 ,$569.06 ,$862.92 ,$218.53 ,$0.00 ,4,0,19,8,101,107,0,0,443738,2735.137621,156210,144962,13861,52042,46478,64775,99117,45552,244382,21169,6950,15410,8052,19863
CA,CA7,201807,CLF,1270,75.45433071,0.531496063,1.195223622,"$2,649.68 ",$499.86 ,$913.20 ,$970.56 ,$266.05 ,$0.00 ,11,1,45,15,222,402,0,17,883053,8132.256436,295756,267913,39056,139584,77216,92005,257750,84735,576023,15490,21557,24792,18281,31126
CA,CA8,201807,CLF,315,75.3015873,0.546031746,1.051422222,"$2,326.98 ",$507.50 ,$990.74 ,$660.88 ,$167.87 ,$0.00 ,1,0,11,5,86,81,1,0,281455,3300.636162,121095,105317,6175,17123,20715,52758,50492,9045,86881,7329,9630,3482,4557,16435
CA,CA9,201807,CLF,385,76.03636364,0.579220779,1.029657143,"$1,947.71 ",$398.54 ,$716.75 ,$607.38 ,$225.05 ,$0.00 ,2,0,6,7,88,111,0,2,433212,3281.719108,141155,126052,10475,78816,46650,55515,114125,75432,301974,14534,6567,17221,5984,17741
CA,CA1,201808,CLF,62262,73.42403071,0.573768912,1.101329655,"$1,203.21 ",$353.55 ,$230.00 ,$532.92 ,$86.73 ,$0.00 ,644,43,1371,1178,13403,19957,80,236,3302833,4208.762531,1204884,1118980,106962,286008,279602,439595,726344,216965,1787453,255366,42081,75015,61486,89451
CA,CA10,201808,CLF,202,73.44554455,0.514851485,1.747069307,"$2,438.49 ",$416.27 ,"$1,033.61 ",$808.66 ,$179.95 ,$0.00 ,1,1,5,2,63,72,0,0,460477,4824.376542,147791,136106,18321,81345,44779,50391,143528,61208,326860,6561,10023,13317,8274,5426
CA,CA11,201808,CLF,103,74.47572816,0.533980583,1.406728155,"$2,168.98 ",$374.34 ,$545.51 ,"$1,157.47 ",$91.65 ,$0.00 ,3,0,2,1,31,34,0,0,150075,1390.308446,45792,42735,4855,24270,10946,14567,40935,13829,101017,2919,1938,3483,2730,14912
CA,CA12,201808,CLF,1300,72.22461539,0.562307692,2.11955,"$3,216.52 ",$504.63 ,$429.57 ,"$2,150.09 ",$132.23 ,$0.00 ,26,0,41,19,382,633,3,6,978130,5958.095977,328577,304624,41276,147389,92035,114438,279979,108140,686675,23756,12508,28262,25805,16750
CA,CA13,201808,CLF,478,73.39330544,0.49790795,1.492648536,"$2,689.10 ",$443.59 ,$873.25 ,"$1,242.15 ",$130.11 ,$0.00 ,7,0,16,2,108,160,0,4,342954,21389.49918,163854,119622,10594,41422,24903,67475,74845,21273,143965,5802,14241,5844,5879,17935
CA,CA14,201808,CLF,717,76.10181311,0.581589958,1.079069735,"$2,913.53 ",$825.50 ,"$1,089.99 ",$837.59 ,$160.45 ,$0.00 ,6,0,13,3,157,221,3,7,2255381,3124.860076,789873,749021,60919,189668,113096,295103,502048,188257,1461149,154299,25948,59669,38303,48904
CA,CA15,201808,CLF,100,75.95,0.65,1.49138,"$5,173.74 ","$2,683.70 ","$1,553.31 ",$793.46 ,$143.27 ,$0.00 ,1,0,2,1,23,41,0,0,269075,1935.645521,84795,79606,14912,48433,23145,29320,80062,34066,193067,3236,5216,7611,5801,5926
CA,CA16,201808,CLF,1622,75.14303329,0.572749692,1.157588779,"$3,116.36 ",$803.06 ,"$1,152.50 ",$990.46 ,$170.34 ,$0.00 ,9,1,37,14,381,478,4,3,4673221,2470.336258,1796567,1692047,128698,373438,232541,689629,936866,360315,2804353,396804,19220,110888,205390,80356
CA,CA17,201808,CLF,158,76.20886076,0.601265823,1.315335443,"$5,583.04 ","$2,304.53 ","$1,958.10 ","$1,142.97 ",$177.43 ,$0.00 ,3,1,6,0,38,42,0,0,539301,1496.015066,181213,172682,26130,73664,35012,67770,146907,48530,309505,12059,7723,11489,11100,5269
CA,CA18,201808,CLF,329,75.18844985,0.595744681,1.166303951,"$4,230.97 ","$2,222.26 ",$894.76 ,$932.76 ,$181.18 ,$0.00 ,4,0,7,2,90,87,0,5,732212,1392.385418,241055,226727,28989,96905,53972,89461,201506,62038,494325,20238,8143,16525,14450,15994
CA,CA19,201808,CLF,1082,74.79759704,0.548983364,1.097238447,"$2,124.96 ",$494.30 ,$684.87 ,$753.05 ,$192.75 ,$0.00 ,8,0,29,8,261,283,3,9,2291738,5095.099057,896341,819372,75758,168734,134416,335498,532415,114749,1083594,101802,25772,34828,51388,38576
CA,CA2,201808,CLF,1452,70.78443526,0.531680441,1.274926997,"$1,594.96 ",$324.23 ,$361.28 ,$586.53 ,$322.92 ,$0.00 ,17,1,81,3,326,404,1,2,180216,4176.578436,57468,44057,10782,33928,15883,22446,51676,34263,160443,3448,6076,4616,3242,9708
CA,CA20,201808,CLF,160,73.48125,0.5375,1.1598,"$2,413.93 ",$494.68 ,$959.38 ,$871.03 ,$88.85 ,$0.00 ,1,0,2,1,34,36,0,1,438530,821.7515515,156896,149067,15346,36031,23696,64390,98813,20223,269660,13520,4468,7695,7541,10444
CA,CA21,201808,CLF,312,76.79166667,0.586538462,1.150099359,"$3,170.44 ","$1,005.70 ","$1,160.57 ",$855.93 ,$148.23 ,$0.00 ,3,0,10,3,90,75,0,2,641847,2324.181643,263188,238371,17271,57501,43401,116457,130712,38050,249451,23427,13544,12933,11677,12597
CA,CA22,201808,CLF,89,74.93258427,0.561797753,1.188438202,"$4,312.19 ","$1,976.72 ","$1,001.24 ","$1,181.71 ",$152.52 ,$0.00 ,1,1,2,0,23,27,0,0,171365,1234.545845,62685,58539,6792,22175,14964,23303,45990,13426,84511,4555,4913,3992,3786,2411
CA,CA23,201808,CLF,412,74.81067961,0.536407767,1.137444175,"$3,078.51 ",$937.27 ,"$1,027.87 ",$882.59 ,$230.78 ,$0.00 ,4,0,15,3,64,95,1,2,151906,9005.172163,84579,59685,4117,9269,9764,35175,25619,1701,28770,2723,7154,1011,2769,11716
CA,CA24,201808,CLF,333,74.25225225,0.516516517,1.116414414,"$5,141.92 ","$3,151.34 ","$1,173.52 ",$719.92 ,$97.13 ,$0.00 ,7,1,11,1,65,79,0,2,428006,8864.022501,193696,163983,16804,39396,35478,79271,91192,17615,138500,10651,26639,6204,11021,9809
CA,CA25,201808,CLF,763,74.21100917,0.530799476,0.995897772,"$2,939.46 ","$1,006.88 ",$873.32 ,$888.68 ,$170.58 ,$0.00 ,4,1,22,1,153,152,0,3,470990,24672.40534,218386,187277,15591,36021,38019,90963,98766,8104,114440,8163,28551,6986,13481,12724
CA,CA3,201808,CLF,3241,71.32921938,0.540882444,1.316782166,"$2,524.42 ",$813.10 ,$736.76 ,$837.74 ,$136.83 ,$0.00 ,41,3,93,55,717,1000,9,13,4518699,27266.44488,1549773,1348982,180356,553160,432652,561952,1186660,340581,3038969,129608,113905,106066,62893,91930
CA,CA4,201808,CLF,4586,74.56563454,0.568687309,1.29078587,"$3,444.23 ","$1,474.24 ",$674.88 ,"$1,098.20 ",$196.91 ,$0.00 ,54,3,106,59,1078,1575,12,27,13262234,4850.972611,4615697,4338482,441609,1781058,1352330,1739765,2957709,1601964,9307146,1149887,86507,469799,343744,220875
CA,CA5,201808,CLF,1534,76.10691004,0.554758801,1.21443807,"$3,535.65 ",$943.71 ,"$1,035.61 ","$1,285.04 ",$271.29 ,$0.00 ,16,1,44,7,397,616,0,11,848112,1842.466511,287498,271226,25853,88185,78474,123435,199599,77382,459811,31090,10988,17892,11400,12601
CA,CA6,201808,CLF,375,76.02133333,0.586666667,1.179552,"$1,867.80 ",$196.62 ,$548.85 ,$911.36 ,$210.98 ,$0.00 ,2,0,13,4,95,107,0,0,443738,2735.137621,156210,144962,13861,52042,46478,64775,99117,45552,244382,21169,6950,15410,8052,19863
CA,CA7,201808,CLF,1270,75.53228347,0.531496063,1.195223622,"$3,223.06 ",$801.33 ,"$1,089.15 ","$1,101.51 ",$231.08 ,$0.00 ,14,1,48,4,262,462,0,16,883053,8132.256436,295756,267913,39056,139584,77216,92005,257750,84735,576023,15490,21557,24792,18281,31126
CA,CA8,201808,CLF,315,75.36507937,0.546031746,1.051422222,"$9,384.21 ","$6,300.38 ","$1,310.60 ","$1,561.55 ",$211.68 ,$0.00 ,3,0,9,4,89,89,0,1,281455,3300.636162,121095,105317,6175,17123,20715,52758,50492,9045,86881,7329,9630,3482,4557,16435
CA,CA9,201808,CLF,385,76.1038961,0.579220779,1.029657143,"$1,955.58 ",$802.88 ,$402.59 ,$559.61 ,$190.50 ,$0.00 ,4,0,3,6,81,114,0,2,433212,3281.719108,141155,126052,10475,78816,46650,55515,114125,75432,301974,14534,6567,17221,5984,17741
CA,CA1,201809,CLF,62185,73.50470371,0.573498432,1.101739439,"$1,147.15 ",$371.97 ,$204.56 ,$491.53 ,$79.08 ,$0.00 ,642,47,1342,1221,12148,18224,75,220,3302833,4208.762531,1204884,1118980,106962,286008,279602,439595,726344,216965,1787453,255366,42081,75015,61486,89451
CA,CA10,201809,CLF,202,73.53960396,0.514851485,1.747069307,"$3,823.80 ","$2,412.49 ",$485.36 ,$787.96 ,$137.98 ,$0.00 ,5,0,6,2,67,60,0,0,460477,4824.376542,147791,136106,18321,81345,44779,50391,143528,61208,326860,6561,10023,13317,8274,5426
CA,CA11,201809,CLF,103,74.55339806,0.533980583,1.406728155,"$1,546.52 ",$56.58 ,$394.13 ,"$1,007.52 ",$88.29 ,$0.00 ,1,0,1,0,25,33,1,0,150075,1390.308446,45792,42735,4855,24270,10946,14567,40935,13829,101017,2919,1938,3483,2730,14912
CA,CA12,201809,CLF,1300,72.31461539,0.562307692,2.11955,"$3,083.66 ",$895.98 ,$375.48 ,"$1,716.93 ",$95.27 ,$0.00 ,32,0,22,9,335,584,3,6,978130,5958.095977,328577,304624,41276,147389,92035,114438,279979,108140,686675,23756,12508,28262,25805,16750
CA,CA13,201809,CLF,478,73.4790795,0.49790795,1.492648536,"$2,754.58 ",$543.17 ,$942.93 ,"$1,141.16 ",$127.32 ,$0.00 ,7,1,15,2,105,150,1,4,342954,21389.49918,163854,119622,10594,41422,24903,67475,74845,21273,143965,5802,14241,5844,5879,17935
CA,CA14,201809,CLF,717,76.18828452,0.581589958,1.079069735,"$4,439.08 ","$2,725.85 ",$704.85 ,$825.85 ,$182.53 ,$0.00 ,6,1,12,2,144,198,0,7,2255381,3124.860076,789873,749021,60919,189668,113096,295103,502048,188257,1461149,154299,25948,59669,38303,48904
CA,CA15,201809,CLF,100,76.03,0.65,1.49138,"$4,896.40 ","$2,966.64 ",$901.83 ,$930.88 ,$97.04 ,$0.00 ,4,1,4,1,32,31,0,0,269075,1935.645521,84795,79606,14912,48433,23145,29320,80062,34066,193067,3236,5216,7611,5801,5926
CA,CA16,201809,CLF,1622,75.22503083,0.572749692,1.157588779,"$3,044.98 ","$1,221.70 ",$848.91 ,$815.34 ,$159.03 ,$0.00 ,27,0,33,18,362,412,1,3,4673221,2470.336258,1796567,1692047,128698,373438,232541,689629,936866,360315,2804353,396804,19220,110888,205390,80356
CA,CA17,201809,CLF,158,76.29113924,0.601265823,1.315335443,"$4,631.74 ","$1,871.52 ","$1,556.73 ","$1,044.64 ",$158.85 ,$0.00 ,4,0,2,0,42,32,0,0,539301,1496.015066,181213,172682,26130,73664,35012,67770,146907,48530,309505,12059,7723,11489,11100,5269
CA,CA18,201809,CLF,329,75.27659575,0.595744681,1.166303951,"$1,946.11 ",$256.53 ,$804.20 ,$745.40 ,$139.98 ,$0.00 ,2,0,10,1,94,80,0,5,732212,1392.385418,241055,226727,28989,96905,53972,89461,201506,62038,494325,20238,8143,16525,14450,15994
CA,CA19,201809,CLF,1082,74.8844732,0.548983364,1.097238447,"$2,716.96 ","$1,191.30 ",$593.11 ,$768.24 ,$164.31 ,$0.00 ,11,0,22,11,243,244,0,5,2291738,5095.099057,896341,819372,75758,168734,134416,335498,532415,114749,1083594,101802,25772,34828,51388,38576
CA,CA2,201809,CLF,1451,70.86078567,0.531357684,1.27519297,"$1,530.70 ",$482.28 ,$252.39 ,$515.19 ,$280.84 ,$0.00 ,19,0,67,2,294,354,0,3,180216,4176.578436,57468,44057,10782,33928,15883,22446,51676,34263,160443,3448,6076,4616,3242,9708
CA,CA20,201809,CLF,160,73.59375,0.5375,1.1598,"$3,395.74 ","$1,747.65 ",$945.16 ,$644.38 ,$58.56 ,$0.00 ,3,0,2,3,28,42,0,1,438530,821.7515515,156896,149067,15346,36031,23696,64390,98813,20223,269660,13520,4468,7695,7541,10444
CA,CA21,201809,CLF,312,76.86217949,0.586538462,1.150099359,"$3,010.71 ","$1,426.10 ",$685.83 ,$696.12 ,$202.67 ,$0.00 ,4,0,10,2,62,78,1,3,641847,2324.181643,263188,238371,17271,57501,43401,116457,130712,38050,249451,23427,13544,12933,11677,12597
CA,CA22,201809,CLF,89,75.06741573,0.561797753,1.188438202,"$2,279.81 ",$239.37 ,"$1,059.94 ",$777.33 ,$203.18 ,$0.00 ,1,0,2,0,22,23,0,0,171365,1234.545845,62685,58539,6792,22175,14964,23303,45990,13426,84511,4555,4913,3992,3786,2411
CA,CA23,201809,CLF,412,74.90776699,0.536407767,1.137444175,"$5,311.66 ","$2,286.31 ",$842.05 ,"$2,005.71 ",$177.58 ,$0.00 ,6,1,15,4,70,90,0,4,151906,9005.172163,84579,59685,4117,9269,9764,35175,25619,1701,28770,2723,7154,1011,2769,11716
CA,CA24,201809,CLF,333,74.32432432,0.516516517,1.116414414,"$2,967.34 ","$1,379.00 ",$836.48 ,$651.01 ,$100.85 ,$0.00 ,8,0,12,4,63,67,0,2,428006,8864.022501,193696,163983,16804,39396,35478,79271,91192,17615,138500,10651,26639,6204,11021,9809
CA,CA25,201809,CLF,763,74.29226737,0.530799476,0.995897772,"$2,499.02 ","$1,053.73 ",$658.02 ,$621.47 ,$165.79 ,$0.00 ,9,0,23,5,140,151,1,3,470990,24672.40534,218386,187277,15591,36021,38019,90963,98766,8104,114440,8163,28551,6986,13481,12724
CA,CA3,201809,CLF,3241,71.41499537,0.540882444,1.316782166,"$1,938.99 ",$566.61 ,$565.04 ,$694.51 ,$112.84 ,$0.00 ,36,0,113,50,687,877,3,7,4518699,27266.44488,1549773,1348982,180356,553160,432652,561952,1186660,340581,3038969,129608,113905,106066,62893,91930
CA,CA4,201809,CLF,4586,74.64653293,0.568687309,1.29078587,"$3,172.36 ","$1,313.03 ",$729.78 ,$954.51 ,$175.05 ,$0.00 ,53,1,97,60,995,1392,5,24,13262234,4850.972611,4615697,4338482,441609,1781058,1352330,1739765,2957709,1601964,9307146,1149887,86507,469799,343744,220875
CA,CA5,201809,CLF,1534,76.18448501,0.554758801,1.21443807,"$3,412.92 ","$1,093.13 ",$899.68 ,"$1,179.32 ",$240.78 ,$0.00 ,17,0,39,8,349,523,1,11,848112,1842.466511,287498,271226,25853,88185,78474,123435,199599,77382,459811,31090,10988,17892,11400,12601
CA,CA6,201809,CLF,375,76.096,0.586666667,1.179552,"$1,650.19 ",$198.14 ,$460.82 ,$813.45 ,$177.78 ,$0.00 ,2,0,14,4,101,106,0,0,443738,2735.137621,156210,144962,13861,52042,46478,64775,99117,45552,244382,21169,6950,15410,8052,19863
CA,CA7,201809,CLF,1270,75.60787402,0.531496063,1.195223622,"$3,561.91 ","$1,219.57 ","$1,128.16 ",$980.14 ,$234.04 ,$0.00 ,15,1,43,10,239,430,2,14,883053,8132.256436,295756,267913,39056,139584,77216,92005,257750,84735,576023,15490,21557,24792,18281,31126
CA,CA8,201809,CLF,315,75.43492064,0.546031746,1.051422222,"$1,790.57 ",$0.00 ,$713.21 ,$904.72 ,$172.65 ,$0.00 ,0,0,7,5,61,78,0,1,281455,3300.636162,121095,105317,6175,17123,20715,52758,50492,9045,86881,7329,9630,3482,4557,16435
CA,CA9,201809,CLF,385,76.17922078,0.579220779,1.029657143,"$2,761.56 ","$1,303.19 ",$625.86 ,$620.05 ,$212.45 ,$0.00 ,3,0,3,5,84,110,2,2,433212,3281.719108,141155,126052,10475,78816,46650,55515,114125,75432,301974,14534,6567,17221,5984,17741
CA,CA1,201810,CLF,62245,73.59259378,0.573781027,1.101543979,"$1,331.67 ",$414.66 ,$240.75 ,$587.76 ,$88.50 ,$0.00 ,698,38,1384,1204,14028,20277,81,241,3302833,4208.762531,1204884,1118980,106962,286008,279602,439595,726344,216965,1787453,255366,42081,75015,61486,89451
CA,CA10,201810,CLF,202,73.60891089,0.514851485,1.747069307,"$2,909.00 ","$1,209.44 ",$464.25 ,"$1,129.08 ",$106.24 ,$0.00 ,6,1,7,3,71,72,0,0,460477,4824.376542,147791,136106,18321,81345,44779,50391,143528,61208,326860,6561,10023,13317,8274,5426
CA,CA11,201810,CLF,103,74.65048544,0.533980583,1.406728155,"$2,425.95 ",$170.51 ,$785.30 ,"$1,108.98 ",$361.16 ,$0.00 ,2,0,3,0,40,36,0,0,150075,1390.308446,45792,42735,4855,24270,10946,14567,40935,13829,101017,2919,1938,3483,2730,14912
CA,CA12,201810,CLF,1300,72.40692308,0.562307692,2.11955,"$4,531.64 ","$1,818.01 ",$443.72 ,"$2,154.11 ",$115.81 ,$0.00 ,30,0,36,21,391,639,4,5,978130,5958.095977,328577,304624,41276,147389,92035,114438,279979,108140,686675,23756,12508,28262,25805,16750
CA,CA13,201810,CLF,478,73.56694561,0.49790795,1.492648536,"$4,096.17 ","$1,915.77 ",$810.67 ,"$1,228.90 ",$140.83 ,$0.00 ,10,0,15,2,108,153,0,4,342954,21389.49918,163854,119622,10594,41422,24903,67475,74845,21273,143965,5802,14241,5844,5879,17935
CA,CA14,201810,CLF,717,76.27336123,0.581589958,1.079069735,"$4,308.78 ","$2,072.78 ",$874.81 ,"$1,163.99 ",$197.20 ,$0.00 ,10,0,15,3,153,219,3,6,2255381,3124.860076,789873,749021,60919,189668,113096,295103,502048,188257,1461149,154299,25948,59669,38303,48904
CA,CA15,201810,CLF,100,76.15,0.65,1.49138,"$4,103.20 ","$1,270.84 ","$1,477.65 ","$1,235.81 ",$118.90 ,$0.00 ,2,0,2,1,26,37,1,0,269075,1935.645521,84795,79606,14912,48433,23145,29320,80062,34066,193067,3236,5216,7611,5801,5926
CA,CA16,201810,CLF,1622,75.30641184,0.572749692,1.157588779,"$3,743.75 ","$1,244.36 ","$1,290.21 ",$990.05 ,$219.13 ,$0.00 ,16,0,30,14,432,480,2,3,4673221,2470.336258,1796567,1692047,128698,373438,232541,689629,936866,360315,2804353,396804,19220,110888,205390,80356
CA,CA17,201810,CLF,158,76.38607595,0.601265823,1.315335443,"$7,817.02 ","$4,207.68 ","$2,308.57 ","$1,172.76 ",$128.02 ,$0.00 ,4,1,5,1,45,32,0,0,539301,1496.015066,181213,172682,26130,73664,35012,67770,146907,48530,309505,12059,7723,11489,11100,5269
CA,CA18,201810,CLF,329,75.35866261,0.595744681,1.166303951,"$3,557.40 ",$855.31 ,"$1,364.80 ","$1,095.35 ",$241.94 ,$0.00 ,7,0,10,3,99,97,1,5,732212,1392.385418,241055,226727,28989,96905,53972,89461,201506,62038,494325,20238,8143,16525,14450,15994
CA,CA19,201810,CLF,1081,74.96947271,0.548566143,1.097696577,"$2,531.60 ",$719.63 ,$784.61 ,$867.81 ,$159.54 ,$0.00 ,6,0,14,12,275,294,1,6,2291738,5095.099057,896341,819372,75758,168734,134416,335498,532415,114749,1083594,101802,25772,34828,51388,38576
CA,CA2,201810,CLF,1452,70.93939394,0.531680441,1.275469697,"$1,694.55 ",$400.46 ,$275.45 ,$700.31 ,$318.33 ,$0.00 ,13,2,70,5,338,368,2,3,180216,4176.578436,57468,44057,10782,33928,15883,22446,51676,34263,160443,3448,6076,4616,3242,9708
CA,CA20,201810,CLF,160,73.675,0.5375,1.1598,"$7,986.68 ","$5,849.81 ","$1,055.39 ","$1,008.29 ",$73.19 ,$0.00 ,1,0,7,0,43,47,0,0,438530,821.7515515,156896,149067,15346,36031,23696,64390,98813,20223,269660,13520,4468,7695,7541,10444
CA,CA21,201810,CLF,312,76.96474359,0.586538462,1.150099359,"$2,330.52 ",$541.07 ,$946.24 ,$665.74 ,$177.48 ,$0.00 ,3,1,15,7,81,86,0,2,641847,2324.181643,263188,238371,17271,57501,43401,116457,130712,38050,249451,23427,13544,12933,11677,12597
CA,CA22,201810,CLF,89,75.15730337,0.561797753,1.188438202,"$3,182.87 ",$914.04 ,"$1,178.25 ",$836.37 ,$254.21 ,$0.00 ,2,0,5,0,24,20,0,0,171365,1234.545845,62685,58539,6792,22175,14964,23303,45990,13426,84511,4555,4913,3992,3786,2411
CA,CA23,201810,CLF,412,75.00728155,0.536407767,1.137444175,"$3,344.24 ","$1,394.48 ",$760.27 ,$998.44 ,$191.05 ,$0.00 ,4,0,13,3,81,93,0,2,151906,9005.172163,84579,59685,4117,9269,9764,35175,25619,1701,28770,2723,7154,1011,2769,11716
CA,CA24,201810,CLF,333,74.41141141,0.516516517,1.116414414,"$2,530.06 ","$1,001.59 ",$883.51 ,$568.82 ,$76.14 ,$0.00 ,2,0,8,1,75,89,0,2,428006,8864.022501,193696,163983,16804,39396,35478,79271,91192,17615,138500,10651,26639,6204,11021,9809
CA,CA25,201810,CLF,763,74.38401049,0.530799476,0.995897772,"$2,598.21 ",$811.91 ,$959.39 ,$636.19 ,$190.72 ,$0.00 ,8,0,28,6,160,168,0,4,470990,24672.40534,218386,187277,15591,36021,38019,90963,98766,8104,114440,8163,28551,6986,13481,12724
CA,CA3,201810,CLF,3239,71.51435628,0.540907688,1.317355357,"$3,093.42 ","$1,368.12 ",$689.59 ,$893.73 ,$141.99 ,$0.00 ,58,3,104,47,799,1038,4,11,4518699,27266.44488,1549773,1348982,180356,553160,432652,561952,1186660,340581,3038969,129608,113905,106066,62893,91930
CA,CA4,201810,CLF,4586,74.72873964,0.568687309,1.29078587,"$3,659.21 ","$1,527.75 ",$876.93 ,"$1,070.78 ",$183.75 ,$0.00 ,68,3,118,64,1142,1588,7,26,13262234,4850.972611,4615697,4338482,441609,1781058,1352330,1739765,2957709,1601964,9307146,1149887,86507,469799,343744,220875
CA,CA5,201810,CLF,1534,76.27053455,0.554758801,1.21443807,"$4,688.54 ","$1,902.32 ","$1,093.06 ","$1,388.95 ",$304.21 ,$0.00 ,12,1,39,5,410,599,4,11,848112,1842.466511,287498,271226,25853,88185,78474,123435,199599,77382,459811,31090,10988,17892,11400,12601
CA,CA6,201810,CLF,375,76.17333333,0.586666667,1.179552,"$4,258.42 ","$2,029.43 ",$653.57 ,"$1,406.26 ",$169.16 ,$0.00 ,6,0,13,8,105,121,0,0,443738,2735.137621,156210,144962,13861,52042,46478,64775,99117,45552,244382,21169,6950,15410,8052,19863
CA,CA7,201810,CLF,1270,75.71181102,0.531496063,1.195223622,"$4,370.66 ","$1,633.69 ","$1,208.06 ","$1,286.87 ",$242.04 ,$0.00 ,18,1,52,10,272,441,2,17,883053,8132.256436,295756,267913,39056,139584,77216,92005,257750,84735,576023,15490,21557,24792,18281,31126
CA,CA8,201810,CLF,315,75.52063492,0.546031746,1.051422222,"$2,312.31 ",$451.89 ,$927.34 ,$763.68 ,$169.41 ,$0.00 ,2,0,10,4,72,101,2,1,281455,3300.636162,121095,105317,6175,17123,20715,52758,50492,9045,86881,7329,9630,3482,4557,16435
CA,CA9,201810,CLF,385,76.25974026,0.579220779,1.029657143,"$5,414.94 ","$3,686.35 ",$728.91 ,$744.01 ,$255.67 ,$0.00 ,3,0,5,7,81,125,1,2,433212,3281.719108,141155,126052,10475,78816,46650,55515,114125,75432,301974,14534,6567,17221,5984,17741
CA,CA1,201811,CLF,62018,73.66421039,0.573817279,1.097178932,"$1,260.69 ",$438.93 ,$209.51 ,$529.57 ,$82.67 ,$0.00 ,728,26,1430,1196,12584,18661,75,230,3302833,4208.762531,1204884,1118980,106962,286008,279602,439595,726344,216965,1787453,255366,42081,75015,61486,89451
CA,CA10,201811,CLF,201,73.62686567,0.512437811,1.731233831,"$7,850.69 ","$5,917.89 ",$416.47 ,"$1,345.62 ",$170.71 ,$0.00 ,4,1,4,0,64,67,0,0,460477,4824.376542,147791,136106,18321,81345,44779,50391,143528,61208,326860,6561,10023,13317,8274,5426
CA,CA11,201811,CLF,103,74.73786408,0.533980583,1.406728155,"$3,026.60 ",$694.23 ,$490.26 ,"$1,278.82 ",$563.30 ,$0.00 ,2,0,2,0,30,35,1,0,150075,1390.308446,45792,42735,4855,24270,10946,14567,40935,13829,101017,2919,1938,3483,2730,14912
CA,CA12,201811,CLF,1296,72.51851852,0.56095679,2.105433642,"$3,356.43 ",$891.92 ,$465.24 ,"$1,886.46 ",$112.81 ,$0.00 ,26,0,36,14,363,578,4,4,978130,5958.095977,328577,304624,41276,147389,92035,114438,279979,108140,686675,23756,12508,28262,25805,16750
CA,CA13,201811,CLF,477,73.61215933,0.498951782,1.490425577,"$2,830.53 ",$705.72 ,$883.02 ,"$1,128.66 ",$113.13 ,$0.00 ,6,0,16,3,97,150,0,4,342954,21389.49918,163854,119622,10594,41422,24903,67475,74845,21273,143965,5802,14241,5844,5879,17935
CA,CA14,201811,CLF,713,76.29312763,0.580645161,1.061548387,"$3,402.44 ","$1,364.37 ",$960.33 ,$884.57 ,$193.17 ,$0.00 ,7,0,14,3,161,221,4,6,2255381,3124.860076,789873,749021,60919,189668,113096,295103,502048,188257,1461149,154299,25948,59669,38303,48904
CA,CA15,201811,CLF,100,76.21,0.65,1.49138,"$2,281.99 ",$0.00 ,$990.87 ,"$1,151.28 ",$139.84 ,$0.00 ,0,0,3,1,27,29,0,0,269075,1935.645521,84795,79606,14912,48433,23145,29320,80062,34066,193067,3236,5216,7611,5801,5926
CA,CA16,201811,CLF,1619,75.36936381,0.572575664,1.153154416,"$4,463.90 ","$2,117.70 ","$1,098.64 ","$1,089.78 ",$157.78 ,$0.00 ,31,1,30,33,353,431,1,6,4673221,2470.336258,1796567,1692047,128698,373438,232541,689629,936866,360315,2804353,396804,19220,110888,205390,80356
CA,CA17,201811,CLF,156,76.42307692,0.602564103,1.247217949,"$5,065.82 ","$2,558.93 ","$1,527.44 ",$812.82 ,$166.63 ,$0.00 ,5,0,2,1,45,41,0,0,539301,1496.015066,181213,172682,26130,73664,35012,67770,146907,48530,309505,12059,7723,11489,11100,5269
CA,CA18,201811,CLF,328,75.42682927,0.597560976,1.162692073,"$2,989.35 ",$760.87 ,"$1,206.83 ",$826.82 ,$194.83 ,$0.00 ,3,0,4,2,94,95,1,6,732212,1392.385418,241055,226727,28989,96905,53972,89461,201506,62038,494325,20238,8143,16525,14450,15994
CA,CA19,201811,CLF,1079,75.04541242,0.547729379,1.09510658,"$2,391.05 ",$849.56 ,$663.39 ,$694.04 ,$184.07 ,$0.00 ,7,0,21,10,238,285,2,7,2291738,5095.099057,896341,819372,75758,168734,134416,335498,532415,114749,1083594,101802,25772,34828,51388,38576
CA,CA2,201811,CLF,1423,70.98875615,0.536191146,1.261567815,"$1,429.03 ",$332.73 ,$207.59 ,$558.81 ,$329.90 ,$0.00 ,17,2,53,3,321,346,0,1,180216,4176.578436,57468,44057,10782,33928,15883,22446,51676,34263,160443,3448,6076,4616,3242,9708
CA,CA20,201811,CLF,160,73.74375,0.5375,1.1598,"$5,663.90 ","$2,902.60 ","$1,789.78 ",$907.46 ,$64.07 ,$0.00 ,1,0,2,0,41,40,0,1,438530,821.7515515,156896,149067,15346,36031,23696,64390,98813,20223,269660,13520,4468,7695,7541,10444
CA,CA21,201811,CLF,311,77.02893891,0.585209003,1.142877814,"$2,805.87 ",$744.49 ,"$1,241.15 ",$677.81 ,$142.43 ,$0.00 ,2,0,8,5,81,80,0,2,641847,2324.181643,263188,238371,17271,57501,43401,116457,130712,38050,249451,23427,13544,12933,11677,12597
CA,CA22,201811,CLF,89,75.28089888,0.561797753,1.188438202,"$5,038.25 ","$2,228.21 ","$1,603.88 ",$993.80 ,$212.35 ,$0.00 ,3,0,5,0,21,16,0,0,171365,1234.545845,62685,58539,6792,22175,14964,23303,45990,13426,84511,4555,4913,3992,3786,2411
CA,CA23,201811,CLF,410,75.08048781,0.536585366,1.118712195,"$3,472.12 ","$1,210.46 ",$978.77 ,"$1,087.36 ",$195.53 ,$0.00 ,6,0,9,2,67,90,0,2,151906,9005.172163,84579,59685,4117,9269,9764,35175,25619,1701,28770,2723,7154,1011,2769,11716
CA,CA24,201811,CLF,332,74.44277108,0.515060241,1.115361446,"$6,484.46 ","$4,038.14 ","$1,146.03 ","$1,200.95 ",$99.34 ,$0.00 ,2,0,13,3,61,72,0,2,428006,8864.022501,193696,163983,16804,39396,35478,79271,91192,17615,138500,10651,26639,6204,11021,9809
CA,CA25,201811,CLF,760,74.41842105,0.532894737,0.979578947,"$2,793.36 ",$869.39 ,$977.91 ,$751.60 ,$194.45 ,$0.00 ,5,0,26,2,154,141,1,4,470990,24672.40534,218386,187277,15591,36021,38019,90963,98766,8104,114440,8163,28551,6986,13481,12724
CA,CA3,201811,CLF,3209,71.61483328,0.542224992,1.311344967,"$2,521.46 ","$1,026.47 ",$613.75 ,$758.06 ,$123.18 ,$0.00 ,53,2,107,63,719,893,1,13,4518699,27266.44488,1549773,1348982,180356,553160,432652,561952,1186660,340581,3038969,129608,113905,106066,62893,91930
CA,CA4,201811,CLF,4563,74.80845935,0.5687048,1.279175762,"$3,150.04 ","$1,321.58 ",$690.31 ,$950.87 ,$187.28 ,$0.00 ,67,3,118,60,1022,1453,5,28,13262234,4850.972611,4615697,4338482,441609,1781058,1352330,1739765,2957709,1601964,9307146,1149887,86507,469799,343744,220875
CA,CA5,201811,CLF,1526,76.31913499,0.554390564,1.200410878,"$4,248.86 ","$1,928.62 ",$883.11 ,"$1,141.54 ",$295.58 ,$0.00 ,19,0,41,8,387,567,3,13,848112,1842.466511,287498,271226,25853,88185,78474,123435,199599,77382,459811,31090,10988,17892,11400,12601
CA,CA6,201811,CLF,375,76.256,0.586666667,1.179552,"$2,571.39 ",$376.81 ,$610.79 ,"$1,415.61 ",$168.17 ,$0.00 ,2,0,9,5,101,116,0,0,443738,2735.137621,156210,144962,13861,52042,46478,64775,99117,45552,244382,21169,6950,15410,8052,19863
CA,CA7,201811,CLF,1265,75.75335968,0.53201581,1.184794466,"$3,927.80 ","$1,514.12 ","$1,134.22 ","$1,051.24 ",$228.22 ,$0.00 ,13,0,36,7,232,432,0,16,883053,8132.256436,295756,267913,39056,139584,77216,92005,257750,84735,576023,15490,21557,24792,18281,31126
CA,CA8,201811,CLF,315,75.61587302,0.546031746,1.051422222,"$1,703.14 ",$223.61 ,$694.84 ,$595.42 ,$189.27 ,$0.00 ,1,0,4,6,81,95,1,1,281455,3300.636162,121095,105317,6175,17123,20715,52758,50492,9045,86881,7329,9630,3482,4557,16435
CA,CA9,201811,CLF,384,76.34635417,0.580729167,1.024820313,"$3,618.38 ","$2,065.26 ",$718.79 ,$587.16 ,$247.17 ,$0.00 ,4,0,7,2,93,116,0,2,433212,3281.719108,141155,126052,10475,78816,46650,55515,114125,75432,301974,14534,6567,17221,5984,17741
CA,CA1,201812,CLF,61939,73.72752224,0.573725762,1.09072544,"$1,132.63 ",$371.47 ,$200.11 ,$480.12 ,$80.92 ,$0.00 ,726,41,1470,1281,11480,16949,61,214,3302833,4208.762531,1204884,1118980,106962,286008,279602,439595,726344,216965,1787453,255366,42081,75015,61486,89451
CA,CA10,201812,CLF,200,73.665,0.51,1.67582,"$5,077.66 ","$2,746.45 ",$772.85 ,"$1,444.34 ",$114.02 ,$0.00 ,9,0,9,1,64,55,0,0,460477,4824.376542,147791,136106,18321,81345,44779,50391,143528,61208,326860,6561,10023,13317,8274,5426
CA,CA11,201812,CLF,103,74.84466019,0.533980583,1.406728155,"$3,937.43 ","$2,010.98 ",$579.81 ,"$1,242.45 ",$104.20 ,$0.00 ,2,0,5,0,35,39,1,0,150075,1390.308446,45792,42735,4855,24270,10946,14567,40935,13829,101017,2919,1938,3483,2730,14912
CA,CA12,201812,CLF,1290,72.5620155,0.56124031,2.089092248,"$2,977.01 ",$881.54 ,$316.85 ,"$1,681.43 ",$97.19 ,$0.00 ,22,0,45,14,316,553,5,3,978130,5958.095977,328577,304624,41276,147389,92035,114438,279979,108140,686675,23756,12508,28262,25805,16750
CA,CA13,201812,CLF,474,73.66666667,0.495780591,1.462042194,"$3,025.26 ",$848.96 ,"$1,025.97 ","$1,012.45 ",$137.88 ,$0.00 ,8,0,10,1,97,124,0,4,342954,21389.49918,163854,119622,10594,41422,24903,67475,74845,21273,143965,5802,14241,5844,5879,17935
CA,CA14,201812,CLF,709,76.31734838,0.578279267,1.041369535,"$2,731.44 ","$1,160.45 ",$784.53 ,$621.73 ,$164.73 ,$0.00 ,5,0,15,11,141,184,6,7,2255381,3124.860076,789873,749021,60919,189668,113096,295103,502048,188257,1461149,154299,25948,59669,38303,48904
CA,CA15,201812,CLF,100,76.27,0.65,1.49138,"$6,388.53 ","$4,531.91 ",$865.05 ,$847.02 ,$144.55 ,$0.00 ,5,0,1,2,23,25,0,0,269075,1935.645521,84795,79606,14912,48433,23145,29320,80062,34066,193067,3236,5216,7611,5801,5926
CA,CA16,201812,CLF,1610,75.40869565,0.573291926,1.140347826,"$3,064.10 ","$1,073.38 ",$929.43 ,$871.41 ,$189.89 ,$0.00 ,18,0,43,32,330,385,1,6,4673221,2470.336258,1796567,1692047,128698,373438,232541,689629,936866,360315,2804353,396804,19220,110888,205390,80356
CA,CA17,201812,CLF,155,76.47096774,0.606451613,1.236748387,"$2,971.78 ",$231.41 ,"$1,709.80 ",$930.97 ,$99.61 ,$0.00 ,1,0,4,5,43,27,0,0,539301,1496.015066,181213,172682,26130,73664,35012,67770,146907,48530,309505,12059,7723,11489,11100,5269
CA,CA18,201812,CLF,326,75.46625767,0.601226994,1.146834356,"$3,922.62 ","$1,666.46 ","$1,118.11 ",$917.77 ,$220.27 ,$0.00 ,6,0,8,8,74,95,0,5,732212,1392.385418,241055,226727,28989,96905,53972,89461,201506,62038,494325,20238,8143,16525,14450,15994
CA,CA19,201812,CLF,1076,75.10780669,0.548327138,1.091964684,"$3,030.01 ","$1,498.48 ",$626.68 ,$728.34 ,$176.51 ,$0.00 ,14,0,26,16,215,244,0,7,2291738,5095.099057,896341,819372,75758,168734,134416,335498,532415,114749,1083594,101802,25772,34828,51388,38576
CA,CA2,201812,CLF,1407,71.12793177,0.538734897,1.253607676,"$1,835.12 ",$731.81 ,$249.96 ,$534.67 ,$318.69 ,$0.00 ,22,2,64,11,245,320,0,3,180216,4176.578436,57468,44057,10782,33928,15883,22446,51676,34263,160443,3448,6076,4616,3242,9708
CA,CA20,201812,CLF,160,73.8,0.5375,1.1598,"$3,205.09 ","$1,265.63 ","$1,290.21 ",$594.30 ,$54.95 ,$0.00 ,1,0,5,3,31,29,0,0,438530,821.7515515,156896,149067,15346,36031,23696,64390,98813,20223,269660,13520,4468,7695,7541,10444
CA,CA21,201812,CLF,309,77.04530744,0.585760518,1.14012945,"$2,039.48 ",$711.93 ,$643.05 ,$547.35 ,$137.14 ,$0.00 ,4,0,8,2,81,72,0,2,641847,2324.181643,263188,238371,17271,57501,43401,116457,130712,38050,249451,23427,13544,12933,11677,12597
CA,CA22,201812,CLF,89,75.33707865,0.561797753,1.188438202,"$2,864.46 ","$1,001.98 ",$910.42 ,$730.29 ,$221.77 ,$0.00 ,1,0,3,2,19,16,0,0,171365,1234.545845,62685,58539,6792,22175,14964,23303,45990,13426,84511,4555,4913,3992,3786,2411
CA,CA23,201812,CLF,410,75.16097561,0.536585366,1.118712195,"$3,907.08 ","$1,442.12 ","$1,385.50 ",$899.33 ,$180.12 ,$0.00 ,5,0,18,2,62,80,0,4,151906,9005.172163,84579,59685,4117,9269,9764,35175,25619,1701,28770,2723,7154,1011,2769,11716
CA,CA24,201812,CLF,330,74.3969697,0.515151515,1.106754546,"$1,876.55 ",$678.96 ,$554.08 ,$546.30 ,$97.21 ,$0.00 ,5,0,8,0,45,71,1,2,428006,8864.022501,193696,163983,16804,39396,35478,79271,91192,17615,138500,10651,26639,6204,11021,9809
CA,CA25,201812,CLF,755,74.5205298,0.531125828,0.974757616,"$1,992.68 ",$484.41 ,$859.75 ,$472.74 ,$175.79 ,$0.00 ,9,0,15,5,134,128,0,4,470990,24672.40534,218386,187277,15591,36021,38019,90963,98766,8104,114440,8163,28551,6986,13481,12724
CA,CA3,201812,CLF,3195,71.66071988,0.542410016,1.298812207,"$2,186.78 ",$634.86 ,$648.25 ,$802.50 ,$101.17 ,$0.00 ,48,3,108,66,632,881,1,12,4518699,27266.44488,1549773,1348982,180356,553160,432652,561952,1186660,340581,3038969,129608,113905,106066,62893,91930
CA,CA4,201812,CLF,4536,74.86309524,0.569664903,1.262158289,"$2,979.37 ","$1,220.39 ",$694.08 ,$906.36 ,$158.55 ,$0.00 ,67,1,111,65,893,1341,3,23,13262234,4850.972611,4615697,4338482,441609,1781058,1352330,1739765,2957709,1601964,9307146,1149887,86507,469799,343744,220875
CA,CA5,201812,CLF,1524,76.3851706,0.554461942,1.198248032,"$4,155.57 ","$1,573.08 ","$1,184.21 ","$1,115.96 ",$282.32 ,$0.00 ,18,0,49,10,349,479,0,12,848112,1842.466511,287498,271226,25853,88185,78474,123435,199599,77382,459811,31090,10988,17892,11400,12601
CA,CA6,201812,CLF,371,76.22371968,0.587601078,1.16571159,"$2,523.38 ",$996.97 ,$392.52 ,$926.78 ,$207.11 ,$0.00 ,4,0,11,6,95,85,0,0,443738,2735.137621,156210,144962,13861,52042,46478,64775,99117,45552,244382,21169,6950,15410,8052,19863
CA,CA7,201812,CLF,1264,75.82041139,0.532436709,1.18308307,"$3,668.61 ","$1,370.11 ","$1,033.09 ","$1,050.22 ",$215.19 ,$0.00 ,13,0,40,9,220,349,1,17,883053,8132.256436,295756,267913,39056,139584,77216,92005,257750,84735,576023,15490,21557,24792,18281,31126
CA,CA8,201812,CLF,315,75.70476191,0.546031746,1.051422222,"$2,290.60 ",$776.03 ,$560.62 ,$768.09 ,$185.86 ,$0.00 ,2,0,9,4,70,83,0,1,281455,3300.636162,121095,105317,6175,17123,20715,52758,50492,9045,86881,7329,9630,3482,4557,16435
CA,CA9,201812,CLF,384,76.43489583,0.580729167,1.024820313,"$2,826.55 ","$1,384.70 ",$683.74 ,$533.80 ,$224.31 ,$0.00 ,2,0,7,4,80,91,0,2,433212,3281.719108,141155,126052,10475,78816,46650,55515,114125,75432,301974,14534,6567,17221,5984,17741
CA,CA1,201901,CLF,59970,73.21929298,0.575137569,1.13479293,"$1,226.07 ",$335.86 ,$223.90 ,$534.18 ,$132.13 ,$0.00 ,591,45,1261,1259,13581,19602,64,240,3302833,4208.762531,1204884,1118980,106962,286008,279602,439595,726344,216965,1787453,255366,42081,75015,61486,89451
CA,CA10,201901,CLF,194,73.13917526,0.505154639,1.572963918,"$3,185.59 ","$1,109.25 ","$1,074.99 ",$890.73 ,$110.61 ,$0.00 ,6,0,4,0,55,63,1,0,460477,4824.376542,147791,136106,18321,81345,44779,50391,143528,61208,326860,6561,10023,13317,8274,5426
CA,CA11,201901,CLF,91,73.86813187,0.56043956,1.093648352,"$1,919.10 ",$166.08 ,$400.69 ,"$1,203.07 ",$149.26 ,$0.00 ,1,0,1,0,26,26,0,0,150075,1390.308446,45792,42735,4855,24270,10946,14567,40935,13829,101017,2919,1938,3483,2730,14912
CA,CA12,201901,CLF,1132,72.27738516,0.560070671,2.063147527,"$3,164.53 ",$718.99 ,$428.30 ,"$1,871.03 ",$146.21 ,$0.00 ,10,0,26,14,341,513,1,5,978130,5958.095977,328577,304624,41276,147389,92035,114438,279979,108140,686675,23756,12508,28262,25805,16750
CA,CA13,201901,CLF,463,73.29157667,0.505399568,1.40850324,"$4,256.27 ","$1,571.97 ","$1,260.01 ","$1,305.37 ",$118.92 ,$0.00 ,6,0,14,2,114,145,2,5,342954,21389.49918,163854,119622,10594,41422,24903,67475,74845,21273,143965,5802,14241,5844,5879,17935
CA,CA14,201901,CLF,684,75.83625731,0.56871345,1.090959064,"$2,794.77 ",$482.67 ,"$1,329.78 ",$781.01 ,$201.32 ,$0.00 ,3,0,17,13,146,208,4,7,2255381,3124.860076,789873,749021,60919,189668,113096,295103,502048,188257,1461149,154299,25948,59669,38303,48904
CA,CA15,201901,CLF,95,76.29473684,0.663157895,1.422526316,"$3,128.26 ","$1,092.19 ","$1,128.44 ",$765.13 ,$142.50 ,$0.00 ,3,0,2,0,22,28,0,0,269075,1935.645521,84795,79606,14912,48433,23145,29320,80062,34066,193067,3236,5216,7611,5801,5926
CA,CA16,201901,CLF,1521,74.73438527,0.573307035,1.14057002,"$3,685.50 ","$1,584.60 ","$1,010.48 ",$893.83 ,$196.59 ,$0.00 ,21,1,30,16,372,422,5,5,4673221,2470.336258,1796567,1692047,128698,373438,232541,689629,936866,360315,2804353,396804,19220,110888,205390,80356
CA,CA17,201901,CLF,152,76.00657895,0.598684211,1.266282895,"$3,869.02 ","$1,034.62 ","$1,612.13 ","$1,146.11 ",$76.16 ,$0.00 ,3,0,5,3,45,42,0,0,539301,1496.015066,181213,172682,26130,73664,35012,67770,146907,48530,309505,12059,7723,11489,11100,5269
CA,CA18,201901,CLF,316,75.10759494,0.591772152,1.235531646,"$4,064.84 ","$1,412.77 ","$1,293.27 ","$1,017.60 ",$341.21 ,$0.00 ,2,0,11,6,100,89,1,6,732212,1392.385418,241055,226727,28989,96905,53972,89461,201506,62038,494325,20238,8143,16525,14450,15994
CA,CA19,201901,CLF,1044,74.7059387,0.545019157,1.16060728,"$3,869.70 ","$1,812.58 ",$969.31 ,$947.50 ,$140.30 ,$0.00 ,15,1,20,16,268,305,1,6,2291738,5095.099057,896341,819372,75758,168734,134416,335498,532415,114749,1083594,101802,25772,34828,51388,38576
CA,CA2,201901,CLF,1282,70.85569423,0.542901716,1.307655226,"$1,870.71 ",$566.81 ,$272.36 ,$695.66 ,$335.88 ,$0.00 ,20,0,61,2,318,346,3,1,180216,4176.578436,57468,44057,10782,33928,15883,22446,51676,34263,160443,3448,6076,4616,3242,9708
CA,CA20,201901,CLF,163,72.89570552,0.564417178,1.207736196,"$3,481.20 ",$954.00 ,"$1,304.30 ",$849.97 ,$372.93 ,$0.00 ,2,0,5,4,43,44,0,0,438530,821.7515515,156896,149067,15346,36031,23696,64390,98813,20223,269660,13520,4468,7695,7541,10444
CA,CA21,201901,CLF,295,75.84745763,0.583050848,1.217742373,"$2,315.79 ",$591.13 ,$835.64 ,$677.07 ,$211.95 ,$0.00 ,0,0,8,4,79,85,0,2,641847,2324.181643,263188,238371,17271,57501,43401,116457,130712,38050,249451,23427,13544,12933,11677,12597
CA,CA22,201901,CLF,83,75.28915663,0.506024096,1.098325301,"$1,845.84 ","$1,042.66 ",$68.08 ,$542.11 ,$192.99 ,$0.00 ,1,0,0,1,21,25,0,0,171365,1234.545845,62685,58539,6792,22175,14964,23303,45990,13426,84511,4555,4913,3992,3786,2411
CA,CA23,201901,CLF,397,74.75062972,0.528967254,1.047879093,"$3,863.31 ","$2,367.27 ",$598.89 ,$694.91 ,$202.23 ,$0.00 ,5,1,11,4,71,73,0,3,151906,9005.172163,84579,59685,4117,9269,9764,35175,25619,1701,28770,2723,7154,1011,2769,11716
CA,CA24,201901,CLF,333,73.99099099,0.510510511,1.116126126,"$2,401.06 ",$808.17 ,$963.99 ,$556.94 ,$71.96 ,$0.00 ,4,0,12,1,73,80,0,3,428006,8864.022501,193696,163983,16804,39396,35478,79271,91192,17615,138500,10651,26639,6204,11021,9809
CA,CA25,201901,CLF,774,74.17183463,0.523255814,1.040453488,"$3,885.62 ","$1,438.07 ","$1,234.43 ","$1,034.16 ",$178.95 ,$0.00 ,6,0,21,1,147,150,1,3,470990,24672.40534,218386,187277,15591,36021,38019,90963,98766,8104,114440,8163,28551,6986,13481,12724
CA,CA3,201901,CLF,3039,71.25337282,0.546232313,1.319511352,"$2,571.27 ",$854.40 ,$769.81 ,$809.50 ,$137.57 ,$0.00 ,29,5,72,66,706,920,8,10,4518699,27266.44488,1549773,1348982,180356,553160,432652,561952,1186660,340581,3038969,129608,113905,106066,62893,91930
CA,CA4,201901,CLF,4382,74.40095847,0.567549064,1.289331356,"$3,448.94 ","$1,332.07 ",$856.33 ,"$1,069.83 ",$190.71 ,$0.00 ,50,2,111,69,1045,1514,7,26,13262234,4850.972611,4615697,4338482,441609,1781058,1352330,1739765,2957709,1601964,9307146,1149887,86507,469799,343744,220875
CA,CA5,201901,CLF,1509,75.73757455,0.550695825,1.222703115,"$3,897.80 ","$1,303.16 ",$999.05 ,"$1,334.54 ",$261.05 ,$0.00 ,14,0,38,7,400,575,0,11,848112,1842.466511,287498,271226,25853,88185,78474,123435,199599,77382,459811,31090,10988,17892,11400,12601
CA,,201901,CLF,354,75.68361582,0.59039548,1.062785311,"$2,318.51 ",$819.19 ,$449.60 ,$882.47 ,$167.25 ,$0.00 ,0,0,11,5,97,97,0,0,443738,2735.137621,156210,144962,13861,52042,46478,64775,99117,45552,244382,21169,6950,15410,8052,19863
CA,CA7,201901,CLF,1247,75.44587009,0.534883721,1.243627907,"$4,937.27 ","$1,736.96 ","$1,404.61 ","$1,560.65 ",$235.05 ,$0.00 ,11,1,42,9,248,448,0,19,883053,8132.256436,295756,267913,39056,139584,77216,92005,257750,84735,576023,15490,21557,24792,18281,31126
CA,CA8,201901,CLF,289,75.2283737,0.525951557,1.097051903,"$1,912.72 ",$0.00 ,$695.28 ,"$1,021.73 ",$195.72 ,$0.00 ,0,0,8,4,71,96,2,1,281455,3300.636162,121095,105317,6175,17123,20715,52758,50492,9045,86881,7329,9630,3482,4557,16435
CA,CA9,201901,CLF,379,75.97361478,0.585751979,1.030369393,"$3,322.14 ","$1,926.01 ",$508.67 ,$644.49 ,$242.97 ,$0.00 ,4,1,11,7,97,108,0,2,433212,3281.719108,141155,126052,10475,78816,46650,55515,114125,75432,301974,14534,6567,17221,5984,17741
CA,CA1,201902,CLF,60470,73.23818422,0.574995866,1.132575773,"$1,165.69 ",$363.91 ,$204.58 ,$487.56 ,$109.64 ,$0.00 ,567,41,1194,1220,12200,17751,69,218,3302833,4208.762531,1204884,1118980,106962,286008,279602,439595,726344,216965,1787453,255366,42081,75015,61486,89451
CA,CA10,201902,CLF,195,73.14871795,0.507692308,1.570276923,"$7,890.94 ","$6,064.62 ",$427.76 ,"$1,260.48 ",$138.09 ,$0.00 ,1,0,2,0,51,63,0,1,460477,4824.376542,147791,136106,18321,81345,44779,50391,143528,61208,326860,6561,10023,13317,8274,5426
CA,CA11,201902,CLF,92,73.82608696,0.565217391,1.087532609,"$1,894.47 ",$0.00 ,$680.99 ,"$1,095.43 ",$118.06 ,$0.00 ,0,0,0,1,25,31,0,0,150075,1390.308446,45792,42735,4855,24270,10946,14567,40935,13829,101017,2919,1938,3483,2730,14912
CA,CA12,201902,CLF,1135,72.32334802,0.559471366,2.059174449,"$2,954.77 ",$573.94 ,$505.13 ,"$1,762.08 ",$113.61 ,$0.00 ,14,0,31,13,305,498,6,4,978130,5958.095977,328577,304624,41276,147389,92035,114438,279979,108140,686675,23756,12508,28262,25805,16750
CA,CA13,201902,CLF,464,73.35344828,0.504310345,1.40575,"$2,998.99 ",$783.53 ,"$1,085.03 ",$979.96 ,$150.47 ,$0.00 ,3,0,10,1,89,137,1,5,342954,21389.49918,163854,119622,10594,41422,24903,67475,74845,21273,143965,5802,14241,5844,5879,17935
CA,,201902,CLF,687,75.84570597,0.566229985,1.091994178,"$5,757.52 ","$3,149.59 ","$1,448.96 ",$998.22 ,$160.75 ,$0.00 ,6,0,12,11,125,214,0,8,2255381,3124.860076,789873,749021,60919,189668,113096,295103,502048,188257,1461149,154299,25948,59669,38303,48904
CA,CA15,201902,CLF,95,76.34736842,0.663157895,1.422526316,"$5,010.81 ","$2,855.09 ",$987.24 ,"$1,089.06 ",$79.42 ,$0.00 ,1,0,1,0,18,32,0,0,269075,1935.645521,84795,79606,14912,48433,23145,29320,80062,34066,193067,3236,5216,7611,5801,5926
CA,,201902,CLF,1523,74.80695995,0.573210768,1.140217334,"$2,416.55 ",$595.80 ,$912.06 ,$755.43 ,$153.26 ,$0.00 ,8,1,29,19,325,423,4,4,4673221,2470.336258,1796567,1692047,128698,373438,232541,689629,936866,360315,2804353,396804,19220,110888,205390,80356
CA,CA17,201902,CLF,153,76.02614379,0.594771242,1.25954902,"$3,503.46 ",$810.84 ,"$1,712.81 ",$848.96 ,$130.85 ,$0.00 ,2,0,6,1,45,37,0,0,539301,1496.015066,181213,172682,26130,73664,35012,67770,146907,48530,309505,12059,7723,11489,11100,5269
CA,CA18,201902,CLF,317,75.14511041,0.593059937,1.232410095,"$2,990.46 ","$1,003.98 ",$901.05 ,$882.55 ,$202.89 ,$0.00 ,3,0,6,2,84,71,0,6,732212,1392.385418,241055,226727,28989,96905,53972,89461,201506,62038,494325,20238,8143,16525,14450,15994
CA,CA19,201902,CLF,1050,74.68761905,0.545714286,1.160832381,"$2,824.41 ","$1,106.07 ",$750.34 ,$825.01 ,$142.99 ,$0.00 ,8,0,26,14,209,255,1,7,2291738,5095.099057,896341,819372,75758,168734,134416,335498,532415,114749,1083594,101802,25772,34828,51388,38576
CA,CA2,201902,CLF,1294,70.88176198,0.542503864,1.308874807,"$1,289.00 ",$254.04 ,$196.32 ,$581.85 ,$256.80 ,$0.00 ,12,0,46,5,284,350,1,1,180216,4176.578436,57468,44057,10782,33928,15883,22446,51676,34263,160443,3448,6076,4616,3242,9708
CA,,201902,CLF,165,72.86666667,0.563636364,1.201648485,"$1,794.05 ",$58.21 ,$915.26 ,$742.42 ,$78.17 ,$0.00 ,1,0,3,3,49,39,0,0,438530,821.7515515,156896,149067,15346,36031,23696,64390,98813,20223,269660,13520,4468,7695,7541,10444
CA,CA21,201902,CLF,296,75.87162162,0.581081081,1.218293919,"$2,838.02 ",$769.84 ,"$1,204.30 ",$780.32 ,$83.56 ,$0.00 ,3,0,12,1,78,96,0,3,641847,2324.181643,263188,238371,17271,57501,43401,116457,130712,38050,249451,23427,13544,12933,11677,12597
CA,CA22,201902,CLF,83,75.3373494,0.506024096,1.098325301,"$2,223.72 ",$644.40 ,$330.32 ,$955.28 ,$293.72 ,$0.00 ,1,0,3,2,17,20,0,0,171365,1234.545845,62685,58539,6792,22175,14964,23303,45990,13426,84511,4555,4913,3992,3786,2411
CA,CA23,201902,CLF,397,74.83627204,0.528967254,1.047879093,"$1,686.05 ",$441.52 ,$475.87 ,$605.25 ,$163.42 ,$0.00 ,2,0,7,2,61,74,0,4,151906,9005.172163,84579,59685,4117,9269,9764,35175,25619,1701,28770,2723,7154,1011,2769,11716
CA,CA24,201902,CLF,334,74.05389222,0.508982036,1.114188623,"$2,463.70 ",$568.95 ,"$1,099.23 ",$679.07 ,$116.44 ,$0.00 ,2,1,7,1,65,68,2,3,428006,8864.022501,193696,163983,16804,39396,35478,79271,91192,17615,138500,10651,26639,6204,11021,9809
CA,CA25,201902,CLF,779,74.18228498,0.522464698,1.037419769,"$2,448.83 ",$766.94 ,"$1,014.91 ",$503.87 ,$163.11 ,$0.00 ,5,0,25,2,124,132,3,4,470990,24672.40534,218386,187277,15591,36021,38019,90963,98766,8104,114440,8163,28551,6986,13481,12724
CA,CA3,201902,CLF,3067,71.26312357,0.545810238,1.315849038,"$2,233.78 ",$839.16 ,$554.51 ,$715.10 ,$125.01 ,$0.00 ,26,0,86,49,635,817,7,11,4518699,27266.44488,1549773,1348982,180356,553160,432652,561952,1186660,340581,3038969,129608,113905,106066,62893,91930
CA,CA4,201902,CLF,4407,74.42024053,0.567052417,1.285692081,"$3,178.42 ","$1,296.00 ",$764.37 ,$944.98 ,$173.07 ,$0.00 ,50,2,82,54,938,1394,9,26,13262234,4850.972611,4615697,4338482,441609,1781058,1352330,1739765,2957709,1601964,9307146,1149887,86507,469799,343744,220875
CA,,201902,CLF,1514,75.77741083,0.550858653,1.221628798,"$4,085.42 ","$1,724.70 ",$873.89 ,"$1,268.73 ",$218.09 ,$0.00 ,13,1,38,10,376,526,1,8,848112,1842.466511,287498,271226,25853,88185,78474,123435,199599,77382,459811,31090,10988,17892,11400,12601
CA,CA6,201902,CLF,354,75.75706215,0.59039548,1.062785311,"$1,245.74 ",$86.58 ,$322.07 ,$711.02 ,$126.07 ,$0.00 ,1,0,6,7,79,101,1,0,443738,2735.137621,156210,144962,13861,52042,46478,64775,99117,45552,244382,21169,6950,15410,8052,19863
CA,CA7,201902,CLF,1255,75.44780877,0.534661355,1.240469323,"$4,243.73 ","$1,926.54 ",$892.43 ,"$1,237.18 ",$187.58 ,$0.00 ,7,1,30,12,224,399,0,18,883053,8132.256436,295756,267913,39056,139584,77216,92005,257750,84735,576023,15490,21557,24792,18281,31126
CA,CA8,201902,CLF,291,75.2371134,0.525773196,1.090890034,"$1,775.00 ",$41.70 ,$782.43 ,$730.30 ,$220.58 ,$0.00 ,0,0,7,7,61,85,1,1,281455,3300.636162,121095,105317,6175,17123,20715,52758,50492,9045,86881,7329,9630,3482,4557,16435
CA,,201902,CLF,382,75.95811518,0.581151833,1.027463351,"$5,195.55 ","$3,750.66 ",$482.59 ,$731.02 ,$231.29 ,$0.00 ,1,0,5,3,88,101,0,2,433212,3281.719108,141155,126052,10475,78816,46650,55515,114125,75432,301974,14534,6567,17221,5984,17741
CA,CA1,201903,CLF,60800,73.27738487,0.57506579,1.131277993,"$1,219.78 ",$355.90 ,$225.38 ,$524.27 ,$114.24 ,$0.00 ,636,30,1379,1381,13197,18809,78,223,3302833,4208.762531,1204884,1118980,106962,286008,279602,439595,726344,216965,1787453,255366,42081,75015,61486,89451
CA,CA10,201903,CLF,195,73.22564103,0.507692308,1.570276923,"$3,199.55 ",$293.34 ,$665.07 ,"$2,012.30 ",$228.84 ,$0.00 ,3,0,7,1,59,50,0,1,460477,4824.376542,147791,136106,18321,81345,44779,50391,143528,61208,326860,6561,10023,13317,8274,5426
CA,CA11,201903,CLF,92,73.91304348,0.565217391,1.087532609,"$1,126.98 ",$0.00 ,$88.97 ,$891.79 ,$146.22 ,$0.00 ,0,0,0,0,27,31,0,0,150075,1390.308446,45792,42735,4855,24270,10946,14567,40935,13829,101017,2919,1938,3483,2730,14912
CA,CA12,201903,CLF,1139,72.37401229,0.557506585,2.061645303,"$3,654.60 ",$944.30 ,$511.50 ,"$2,059.44 ",$139.36 ,$0.00 ,23,0,29,17,339,495,1,5,978130,5958.095977,328577,304624,41276,147389,92035,114438,279979,108140,686675,23756,12508,28262,25805,16750
CA,CA13,201903,CLF,464,73.44396552,0.504310345,1.40575,"$2,795.75 ",$598.10 ,"$1,007.24 ","$1,064.42 ",$125.99 ,$0.00 ,4,0,16,1,113,137,0,6,342954,21389.49918,163854,119622,10594,41422,24903,67475,74845,21273,143965,5802,14241,5844,5879,17935
CA,CA14,201903,CLF,687,75.91557496,0.56768559,1.092366812,"$3,135.87 ","$1,299.79 ",$804.27 ,$838.33 ,$193.49 ,$0.00 ,9,0,12,8,129,201,2,5,2255381,3124.860076,789873,749021,60919,189668,113096,295103,502048,188257,1461149,154299,25948,59669,38303,48904
CA,CA15,201903,CLF,95,76.38947368,0.663157895,1.422526316,"$2,861.35 ",$0.00 ,"$1,739.70 ",$933.56 ,$188.09 ,$0.00 ,0,0,3,0,26,29,0,0,269075,1935.645521,84795,79606,14912,48433,23145,29320,80062,34066,193067,3236,5216,7611,5801,5926
CA,CA16,201903,CLF,1532,74.81201044,0.572454308,1.138643603,"$3,509.52 ","$1,197.45 ","$1,234.59 ",$887.35 ,$190.13 ,$0.00 ,21,2,31,19,364,411,1,4,4673221,2470.336258,1796567,1692047,128698,373438,232541,689629,936866,360315,2804353,396804,19220,110888,205390,80356
CA,CA17,201903,CLF,153,76.11764706,0.594771242,1.25954902,"$3,625.24 ",$873.24 ,"$1,661.99 ",$994.75 ,$95.28 ,$0.00 ,1,0,1,3,48,31,1,0,539301,1496.015066,181213,172682,26130,73664,35012,67770,146907,48530,309505,12059,7723,11489,11100,5269
CA,CA18,201903,CLF,319,75.12852665,0.592476489,1.225868339,"$6,147.98 ","$4,071.71 ",$833.54 ,$993.87 ,$248.86 ,$0.00 ,7,0,5,8,85,99,1,6,732212,1392.385418,241055,226727,28989,96905,53972,89461,201506,62038,494325,20238,8143,16525,14450,15994
CA,CA19,201903,CLF,1052,74.73098859,0.545627376,1.160352662,"$3,300.96 ","$1,516.46 ",$839.17 ,$771.17 ,$174.16 ,$0.00 ,11,0,26,23,244,277,0,6,2291738,5095.099057,896341,819372,75758,168734,134416,335498,532415,114749,1083594,101802,25772,34828,51388,38576
CA,CA2,201903,CLF,1312,70.95579268,0.539634146,1.302166159,"$1,650.08 ",$418.93 ,$320.37 ,$606.00 ,$304.78 ,$0.00 ,21,1,79,2,298,344,0,1,180216,4176.578436,57468,44057,10782,33928,15883,22446,51676,34263,160443,3448,6076,4616,3242,9708
CA,,201903,CLF,165,72.94545455,0.563636364,1.201648485,"$4,360.89 ","$2,488.04 ","$1,137.27 ",$644.60 ,$90.98 ,$0.00 ,2,0,5,2,37,49,0,0,438530,821.7515515,156896,149067,15346,36031,23696,64390,98813,20223,269660,13520,4468,7695,7541,10444
CA,CA21,201903,CLF,296,75.95608108,0.581081081,1.218293919,"$2,940.59 ",$848.42 ,"$1,104.23 ",$798.06 ,$189.88 ,$0.00 ,1,0,10,0,72,102,1,3,641847,2324.181643,263188,238371,17271,57501,43401,116457,130712,38050,249451,23427,13544,12933,11677,12597
CA,CA22,201903,CLF,83,75.39759036,0.506024096,1.098325301,"$3,814.52 ","$1,646.08 ","$1,069.27 ","$1,003.63 ",$95.54 ,$0.00 ,2,0,0,2,20,20,0,0,171365,1234.545845,62685,58539,6792,22175,14964,23303,45990,13426,84511,4555,4913,3992,3786,2411
CA,CA23,201903,CLF,398,74.87688442,0.527638191,1.045927136,"$2,494.34 ","$1,042.13 ",$613.92 ,$685.15 ,$153.14 ,$0.00 ,5,0,10,1,76,75,0,3,151906,9005.172163,84579,59685,4117,9269,9764,35175,25619,1701,28770,2723,7154,1011,2769,11716
CA,CA24,201903,CLF,334,74.14371258,0.508982036,1.114188623,"$3,799.52 ","$2,043.91 ","$1,113.09 ",$559.25 ,$83.27 ,$0.00 ,2,1,9,3,63,85,0,3,428006,8864.022501,193696,163983,16804,39396,35478,79271,91192,17615,138500,10651,26639,6204,11021,9809
CA,CA25,201903,CLF,780,74.24871795,0.523076923,1.036651282,"$2,396.68 ",$333.43 ,"$1,272.39 ",$598.13 ,$192.73 ,$0.00 ,5,0,31,2,151,158,1,4,470990,24672.40534,218386,187277,15591,36021,38019,90963,98766,8104,114440,8163,28551,6986,13481,12724
CA,CA3,201903,CLF,3096,71.27164083,0.543927649,1.31181783,"$1,975.88 ",$472.31 ,$623.99 ,$755.92 ,$123.65 ,$0.00 ,33,3,94,52,704,878,4,12,4518699,27266.44488,1549773,1348982,180356,553160,432652,561952,1186660,340581,3038969,129608,113905,106066,62893,91930
CA,CA4,201903,CLF,4433,74.44552222,0.566884728,1.281612001,"$3,512.54 ","$1,595.54 ",$803.16 ,$923.78 ,$190.06 ,$0.00 ,53,3,102,58,1054,1434,3,23,13262234,4850.972611,4615697,4338482,441609,1781058,1352330,1739765,2957709,1601964,9307146,1149887,86507,469799,343744,220875
CA,CA5,201903,CLF,1517,75.82663151,0.550428477,1.219825972,"$3,822.42 ","$1,160.38 ","$1,131.99 ","$1,277.15 ",$252.91 ,$0.00 ,10,0,34,17,382,582,3,12,848112,1842.466511,287498,271226,25853,88185,78474,123435,199599,77382,459811,31090,10988,17892,11400,12601
CA,CA6,201903,CLF,354,75.83898305,0.59039548,1.062785311,"$3,065.42 ","$1,503.63 ",$561.31 ,$825.10 ,$175.37 ,$0.00 ,4,0,10,9,82,95,0,0,443738,2735.137621,156210,144962,13861,52042,46478,64775,99117,45552,244382,21169,6950,15410,8052,19863
CA,CA7,201903,CLF,1260,75.48492064,0.534920635,1.237046825,"$4,154.05 ","$1,786.74 ","$1,135.94 ","$1,011.88 ",$219.50 ,$0.00 ,10,1,45,12,244,425,1,17,883053,8132.256436,295756,267913,39056,139584,77216,92005,257750,84735,576023,15490,21557,24792,18281,31126
CA,CA8,201903,CLF,291,75.28178694,0.525773196,1.090890034,"$4,206.24 ","$2,555.06 ",$555.95 ,$904.95 ,$190.28 ,$0.00 ,1,0,6,3,68,82,0,1,281455,3300.636162,121095,105317,6175,17123,20715,52758,50492,9045,86881,7329,9630,3482,4557,16435
CA,CA9,201903,CLF,383,75.98172324,0.582245431,1.02678329,"$1,981.61 ",$602.96 ,$495.49 ,$631.06 ,$252.10 ,$0.00 ,4,0,5,3,89,135,2,2,433212,3281.719108,141155,126052,10475,78816,46650,55515,114125,75432,301974,14534,6567,17221,5984,17741
CA,CA1,201904,CLF,60796,73.34846043,0.575087177,1.131327587,"$1,224.66 ",$355.07 ,$219.92 ,$533.66 ,$116.01 ,$0.00 ,595,39,1286,1382,13424,19874,94,220,3302833,4208.762531,1204884,1118980,106962,286008,279602,439595,726344,216965,1787453,255366,42081,75015,61486,89451
CA,CA10,201904,CLF,195,73.3025641,0.507692308,1.570276923,"$4,363.05 ",$962.09 ,"$2,314.93 ",$970.86 ,$115.16 ,$0.00 ,4,0,11,1,57,57,0,1,460477,4824.376542,147791,136106,18321,81345,44779,50391,143528,61208,326860,6561,10023,13317,8274,5426
CA,CA11,201904,CLF,92,73.9673913,0.565217391,1.087532609,"$2,124.81 ",$377.21 ,$191.64 ,"$1,395.25 ",$160.71 ,$0.00 ,1,0,1,0,34,29,1,0,150075,1390.308446,45792,42735,4855,24270,10946,14567,40935,13829,101017,2919,1938,3483,2730,14912
CA,CA12,201904,CLF,1139,72.43898156,0.557506585,2.061645303,"$3,660.41 ","$1,141.64 ",$520.68 ,"$1,880.45 ",$117.65 ,$0.00 ,31,0,22,16,352,517,3,4,978130,5958.095977,328577,304624,41276,147389,92035,114438,279979,108140,686675,23756,12508,28262,25805,16750
CA,CA13,201904,CLF,464,73.52801724,0.504310345,1.40575,"$3,294.81 ",$726.46 ,"$1,328.62 ","$1,113.30 ",$126.44 ,$0.00 ,5,0,12,3,98,152,2,7,342954,21389.49918,163854,119622,10594,41422,24903,67475,74845,21273,143965,5802,14241,5844,5879,17935
CA,CA14,201904,CLF,688,75.97674419,0.566860465,1.091046512,"$3,152.27 ",$801.71 ,"$1,116.33 ","$1,002.63 ",$231.60 ,$0.00 ,4,1,12,12,138,227,4,7,2255381,3124.860076,789873,749021,60919,189668,113096,295103,502048,188257,1461149,154299,25948,59669,38303,48904
CA,CA15,201904,CLF,95,76.4,0.663157895,1.422526316,"$5,715.05 ","$3,233.04 ","$1,106.96 ","$1,252.42 ",$122.63 ,$0.00 ,1,0,1,1,23,33,0,0,269075,1935.645521,84795,79606,14912,48433,23145,29320,80062,34066,193067,3236,5216,7611,5801,5926
CA,CA16,201904,CLF,1532,74.88446475,0.572454308,1.138643603,"$4,141.62 ","$1,659.84 ","$1,302.92 ",$949.91 ,$228.94 ,$0.00 ,17,0,35,16,344,397,2,4,4673221,2470.336258,1796567,1692047,128698,373438,232541,689629,936866,360315,2804353,396804,19220,110888,205390,80356
CA,CA17,201904,CLF,153,76.22875817,0.594771242,1.25954902,"$3,711.23 ",$466.68 ,"$1,339.02 ","$1,806.58 ",$98.96 ,$0.00 ,2,0,5,6,53,37,0,0,539301,1496.015066,181213,172682,26130,73664,35012,67770,146907,48530,309505,12059,7723,11489,11100,5269
CA,CA18,201904,CLF,319,75.19749216,0.592476489,1.225868339,"$4,488.39 ","$2,477.75 ",$772.39 ,"$1,045.59 ",$192.67 ,$0.00 ,7,0,11,4,104,96,1,6,732212,1392.385418,241055,226727,28989,96905,53972,89461,201506,62038,494325,20238,8143,16525,14450,15994
CA,CA19,201904,CLF,1052,74.80038023,0.545627376,1.160352662,"$2,930.36 ","$1,049.16 ",$980.87 ,$727.53 ,$172.81 ,$0.00 ,11,0,20,9,256,275,0,7,2291738,5095.099057,896341,819372,75758,168734,134416,335498,532415,114749,1083594,101802,25772,34828,51388,38576
CA,CA2,201904,CLF,1312,71.03658537,0.539634146,1.303017531,"$1,559.91 ",$304.85 ,$327.48 ,$576.20 ,$351.38 ,$0.00 ,13,1,52,3,224,374,3,0,180216,4176.578436,57468,44057,10782,33928,15883,22446,51676,34263,160443,3448,6076,4616,3242,9708
CA,CA20,201904,CLF,165,73.04242424,0.563636364,1.201648485,"$4,440.43 ","$2,200.79 ","$1,163.83 ",$967.82 ,$107.98 ,$0.00 ,2,0,4,4,42,54,0,0,438530,821.7515515,156896,149067,15346,36031,23696,64390,98813,20223,269660,13520,4468,7695,7541,10444
CA,CA21,201904,CLF,296,76.00675676,0.581081081,1.218293919,"$2,310.86 ",$399.98 ,"$1,059.15 ",$714.09 ,$137.64 ,$0.00 ,1,0,14,2,64,93,0,2,641847,2324.181643,263188,238371,17271,57501,43401,116457,130712,38050,249451,23427,13544,12933,11677,12597
CA,CA22,201904,CLF,83,75.46987952,0.506024096,1.098325301,"$4,028.24 ","$2,497.19 ",$261.92 ,"$1,039.13 ",$230.00 ,$0.00 ,3,0,4,0,21,15,0,0,171365,1234.545845,62685,58539,6792,22175,14964,23303,45990,13426,84511,4555,4913,3992,3786,2411
CA,CA23,201904,CLF,398,74.94472362,0.527638191,1.045927136,"$1,972.54 ",$103.11 ,$756.22 ,$905.75 ,$207.47 ,$0.00 ,1,0,11,7,71,82,0,4,151906,9005.172163,84579,59685,4117,9269,9764,35175,25619,1701,28770,2723,7154,1011,2769,11716
CA,CA24,201904,CLF,334,74.21556886,0.508982036,1.114188623,"$3,239.37 ","$1,604.77 ",$764.56 ,$682.53 ,$187.51 ,$0.00 ,4,0,9,1,70,84,1,4,428006,8864.022501,193696,163983,16804,39396,35478,79271,91192,17615,138500,10651,26639,6204,11021,9809
CA,CA25,201904,CLF,780,74.32179487,0.523076923,1.036651282,"$2,401.66 ",$417.86 ,"$1,161.94 ",$652.23 ,$169.62 ,$0.00 ,8,0,12,2,147,169,1,4,470990,24672.40534,218386,187277,15591,36021,38019,90963,98766,8104,114440,8163,28551,6986,13481,12724
CA,CA3,201904,CLF,3096,71.33333333,0.543604651,1.311978036,"$2,397.81 ",$852.91 ,$650.83 ,$765.63 ,$128.44 ,$0.00 ,51,1,101,50,755,946,4,11,4518699,27266.44488,1549773,1348982,180356,553160,432652,561952,1186660,340581,3038969,129608,113905,106066,62893,91930
CA,CA4,201904,CLF,4433,74.51635461,0.566884728,1.281612001,"$2,886.61 ",$836.38 ,$848.20 ,"$1,002.01 ",$200.02 ,$0.00 ,41,3,96,51,1035,1497,3,24,13262234,4850.972611,4615697,4338482,441609,1781058,1352330,1739765,2957709,1601964,9307146,1149887,86507,469799,343744,220875
CA,CA5,201904,CLF,1517,75.90243902,0.550428477,1.219825972,"$3,629.55 ","$1,305.64 ",$914.74 ,"$1,127.83 ",$281.34 ,$0.00 ,15,1,40,7,388,542,0,12,848112,1842.466511,287498,271226,25853,88185,78474,123435,199599,77382,459811,31090,10988,17892,11400,12601
CA,CA6,201904,CLF,354,75.91242938,0.59039548,1.062785311,"$5,464.96 ","$3,343.92 ",$836.59 ,"$1,132.03 ",$152.42 ,$0.00 ,5,0,10,8,80,112,0,0,443738,2735.137621,156210,144962,13861,52042,46478,64775,99117,45552,244382,21169,6950,15410,8052,19863
CA,CA7,201904,CLF,1260,75.56587302,0.534920635,1.237046825,"$5,026.66 ","$2,203.70 ","$1,320.32 ","$1,227.66 ",$274.98 ,$0.00 ,15,1,44,6,243,433,3,18,883053,8132.256436,295756,267913,39056,139584,77216,92005,257750,84735,576023,15490,21557,24792,18281,31126
CA,CA8,201904,CLF,291,75.35738832,0.525773196,1.090890034,"$3,050.93 ","$1,277.72 ",$698.15 ,$903.21 ,$171.85 ,$0.00 ,4,0,4,6,85,86,0,1,281455,3300.636162,121095,105317,6175,17123,20715,52758,50492,9045,86881,7329,9630,3482,4557,16435
CA,CA9,201904,CLF,383,76.04960836,0.582245431,1.02678329,"$3,248.01 ","$1,776.81 ",$526.59 ,$680.72 ,$263.89 ,$0.00 ,3,0,9,3,114,102,1,2,433212,3281.719108,141155,126052,10475,78816,46650,55515,114125,75432,301974,14534,6567,17221,5984,17741
CA,CA1,201905,CLF,60809,73.42651581,0.575079347,1.131210035,"$1,231.84 ",$337.64 ,$240.21 ,$543.84 ,$110.14 ,$0.00 ,588,38,1315,1370,13409,19347,79,221,3302833,4208.762531,1204884,1118980,106962,286008,279602,439595,726344,216965,1787453,255366,42081,75015,61486,89451
CA,CA10,201905,CLF,195,73.38461539,0.507692308,1.570276923,"$2,206.00 ",$245.48 ,$476.41 ,"$1,259.50 ",$224.61 ,$0.00 ,2,0,6,3,67,52,0,1,460477,4824.376542,147791,136106,18321,81345,44779,50391,143528,61208,326860,6561,10023,13317,8274,5426
CA,CA11,201905,CLF,92,74.04347826,0.565217391,1.087532609,"$2,122.89 ",$818.09 ,$246.88 ,$909.57 ,$148.36 ,$0.00 ,2,0,0,0,32,32,0,0,150075,1390.308446,45792,42735,4855,24270,10946,14567,40935,13829,101017,2919,1938,3483,2730,14912
CA,CA12,201905,CLF,1139,72.51712028,0.557506585,2.061645303,"$4,027.81 ","$1,044.33 ",$658.98 ,"$2,206.35 ",$118.16 ,$0.00 ,29,0,28,25,360,527,2,4,978130,5958.095977,328577,304624,41276,147389,92035,114438,279979,108140,686675,23756,12508,28262,25805,16750
CA,CA13,201905,CLF,464,73.61422414,0.504310345,1.40575,"$3,584.12 ",$747.57 ,"$1,181.46 ","$1,535.38 ",$119.70 ,$0.00 ,2,0,12,4,111,163,1,6,342954,21389.49918,163854,119622,10594,41422,24903,67475,74845,21273,143965,5802,14241,5844,5879,17935
CA,CA14,201905,CLF,688,76.05668605,0.566860465,1.091046512,"$2,515.69 ",$230.36 ,"$1,104.05 ",$914.65 ,$266.63 ,$0.00 ,4,0,15,16,142,205,3,7,2255381,3124.860076,789873,749021,60919,189668,113096,295103,502048,188257,1461149,154299,25948,59669,38303,48904
CA,CA15,201905,CLF,95,76.42105263,0.663157895,1.422526316,"$5,325.94 ","$2,329.68 ","$1,655.60 ","$1,234.77 ",$105.89 ,$0.00 ,2,0,4,0,20,29,0,0,269075,1935.645521,84795,79606,14912,48433,23145,29320,80062,34066,193067,3236,5216,7611,5801,5926
CA,CA16,201905,CLF,1532,74.97519582,0.572454308,1.138643603,"$4,269.30 ","$1,857.59 ","$1,027.73 ","$1,168.56 ",$215.42 ,$0.00 ,19,0,38,26,362,440,3,8,4673221,2470.336258,1796567,1692047,128698,373438,232541,689629,936866,360315,2804353,396804,19220,110888,205390,80356
CA,CA17,201905,CLF,153,76.2875817,0.594771242,1.25954902,"$4,171.89 ","$1,729.06 ","$1,288.17 ","$1,011.91 ",$142.75 ,$0.00 ,3,0,6,2,39,37,0,0,539301,1496.015066,181213,172682,26130,73664,35012,67770,146907,48530,309505,12059,7723,11489,11100,5269
CA,CA18,201905,CLF,319,75.27272727,0.592476489,1.225868339,"$4,246.00 ","$1,778.45 ","$1,058.58 ","$1,206.11 ",$202.87 ,$0.00 ,4,0,7,5,97,102,0,6,732212,1392.385418,241055,226727,28989,96905,53972,89461,201506,62038,494325,20238,8143,16525,14450,15994
CA,CA19,201905,CLF,1052,74.86882129,0.545627376,1.160352662,"$2,875.26 ",$605.15 ,"$1,127.96 ",$959.49 ,$182.67 ,$0.00 ,8,1,26,21,238,268,0,7,2291738,5095.099057,896341,819372,75758,168734,134416,335498,532415,114749,1083594,101802,25772,34828,51388,38576
CA,CA2,201905,CLF,1313,71.09748667,0.539223153,1.30290556,"$2,007.14 ",$601.17 ,$314.90 ,$760.56 ,$330.52 ,$0.00 ,14,1,67,5,299,339,0,1,180216,4176.578436,57468,44057,10782,33928,15883,22446,51676,34263,160443,3448,6076,4616,3242,9708
CA,CA20,201905,CLF,165,73.08484849,0.563636364,1.201648485,"$5,380.90 ","$3,324.02 ","$1,201.80 ",$774.20 ,$80.89 ,$0.00 ,4,0,3,2,41,45,0,0,438530,821.7515515,156896,149067,15346,36031,23696,64390,98813,20223,269660,13520,4468,7695,7541,10444
CA,CA21,201905,CLF,296,76.10810811,0.581081081,1.218293919,"$2,749.42 ","$1,257.42 ",$650.60 ,$676.10 ,$165.30 ,$0.00 ,4,0,6,0,64,92,0,1,641847,2324.181643,263188,238371,17271,57501,43401,116457,130712,38050,249451,23427,13544,12933,11677,12597
CA,CA22,201905,CLF,83,75.57831325,0.506024096,1.098325301,"$1,448.23 ",$137.29 ,$355.87 ,$615.59 ,$339.48 ,$0.00 ,1,0,2,2,27,23,0,0,171365,1234.545845,62685,58539,6792,22175,14964,23303,45990,13426,84511,4555,4913,3992,3786,2411
CA,CA23,201905,CLF,398,75.0201005,0.527638191,1.045927136,"$3,145.02 ","$1,078.57 ","$1,104.77 ",$758.34 ,$203.34 ,$0.00 ,3,0,8,3,68,78,1,2,151906,9005.172163,84579,59685,4117,9269,9764,35175,25619,1701,28770,2723,7154,1011,2769,11716
CA,CA24,201905,CLF,334,74.28742515,0.508982036,1.114188623,"$3,229.72 ","$1,245.72 ",$940.63 ,$862.53 ,$180.83 ,$0.00 ,3,1,7,3,65,94,1,4,428006,8864.022501,193696,163983,16804,39396,35478,79271,91192,17615,138500,10651,26639,6204,11021,9809
CA,CA25,201905,CLF,780,74.37692308,0.523076923,1.036651282,"$3,297.74 ","$1,276.93 ","$1,099.28 ",$741.14 ,$180.39 ,$0.00 ,7,0,16,3,140,145,0,3,470990,24672.40534,218386,187277,15591,36021,38019,90963,98766,8104,114440,8163,28551,6986,13481,12724
CA,CA3,201905,CLF,3096,71.42151163,0.543927649,1.312021641,"$2,110.17 ",$572.17 ,$657.59 ,$748.19 ,$132.22 ,$0.00 ,37,0,83,60,763,943,5,11,4518699,27266.44488,1549773,1348982,180356,553160,432652,561952,1186660,340581,3038969,129608,113905,106066,62893,91930
CA,CA4,201905,CLF,4432,74.5916065,0.566787004,1.281185244,"$3,017.22 ",$882.88 ,$911.07 ,"$1,016.96 ",$206.31 ,$0.00 ,46,0,117,63,1041,1530,5,24,13262234,4850.972611,4615697,4338482,441609,1781058,1352330,1739765,2957709,1601964,9307146,1149887,86507,469799,343744,220875
CA,CA5,201905,CLF,1517,75.98615689,0.550428477,1.219825972,"$4,422.11 ","$1,939.83 ",$954.13 ,"$1,288.27 ",$239.89 ,$0.00 ,12,1,38,13,395,564,2,11,848112,1842.466511,287498,271226,25853,88185,78474,123435,199599,77382,459811,31090,10988,17892,11400,12601
CA,CA6,201905,CLF,354,76.00282486,0.59039548,1.062785311,"$2,139.09 ",$656.17 ,$539.71 ,$773.80 ,$169.41 ,$0.00 ,0,0,10,5,82,106,0,0,443738,2735.137621,156210,144962,13861,52042,46478,64775,99117,45552,244382,21169,6950,15410,8052,19863
CA,CA7,201905,CLF,1260,75.63888889,0.534920635,1.237046825,"$3,177.54 ",$599.46 ,"$1,292.34 ",$949.53 ,$336.22 ,$0.00 ,14,1,39,14,255,462,2,19,883053,8132.256436,295756,267913,39056,139584,77216,92005,257750,84735,576023,15490,21557,24792,18281,31126
CA,CA8,201905,CLF,291,75.43986254,0.525773196,1.090890034,"$2,463.14 ","$1,108.90 ",$360.94 ,$771.35 ,$221.95 ,$0.00 ,5,0,10,8,63,95,0,1,281455,3300.636162,121095,105317,6175,17123,20715,52758,50492,9045,86881,7329,9630,3482,4557,16435
CA,CA9,201905,CLF,383,76.14099217,0.582245431,1.02678329,"$2,655.92 ","$1,048.81 ",$641.98 ,$703.17 ,$261.96 ,$0.00 ,5,0,10,3,105,103,0,1,433212,3281.719108,141155,126052,10475,78816,46650,55515,114125,75432,301974,14534,6567,17221,5984,17741
CA,CA1,201906,CLF,60802,73.49967106,0.575046874,1.131283313,"$1,170.50 ",$338.92 ,$222.16 ,$508.50 ,$100.92 ,$0.00 ,580,33,1368,1313,12446,18228,79,215,3302833,4208.762531,1204884,1118980,106962,286008,279602,439595,726344,216965,1787453,255366,42081,75015,61486,89451
CA,CA10,201906,CLF,195,73.42564103,0.507692308,1.570276923,"$1,968.08 ",$294.36 ,$584.47 ,$883.00 ,$206.25 ,$0.00 ,3,0,7,1,52,52,0,1,460477,4824.376542,147791,136106,18321,81345,44779,50391,143528,61208,326860,6561,10023,13317,8274,5426
CA,CA11,201906,CLF,92,74.15217391,0.565217391,1.087532609,"$1,324.32 ",$0.00 ,$232.07 ,$968.82 ,$123.42 ,$0.00 ,0,0,4,0,27,31,1,0,150075,1390.308446,45792,42735,4855,24270,10946,14567,40935,13829,101017,2919,1938,3483,2730,14912
CA,CA12,201906,CLF,1139,72.59350307,0.557506585,2.061645303,"$2,811.41 ",$404.93 ,$440.33 ,"$1,844.42 ",$121.73 ,$0.00 ,10,0,34,18,329,478,0,3,978130,5958.095977,328577,304624,41276,147389,92035,114438,279979,108140,686675,23756,12508,28262,25805,16750
CA,CA13,201906,CLF,464,73.66810345,0.504310345,1.40575,"$3,526.75 ",$738.30 ,"$1,099.42 ","$1,530.43 ",$158.60 ,$0.00 ,6,0,17,3,94,127,0,6,342954,21389.49918,163854,119622,10594,41422,24903,67475,74845,21273,143965,5802,14241,5844,5879,17935
CA,CA14,201906,CLF,688,76.12354651,0.566860465,1.091046512,"$3,651.65 ","$1,576.13 ",$947.22 ,$934.69 ,$193.61 ,$0.00 ,11,1,18,16,136,189,0,8,2255381,3124.860076,789873,749021,60919,189668,113096,295103,502048,188257,1461149,154299,25948,59669,38303,48904
CA,CA15,201906,CLF,95,76.49473684,0.663157895,1.422526316,"$1,944.15 ",$98.57 ,$934.13 ,$771.95 ,$139.51 ,$0.00 ,1,0,0,0,15,37,0,0,269075,1935.645521,84795,79606,14912,48433,23145,29320,80062,34066,193067,3236,5216,7611,5801,5926
CA,CA16,201906,CLF,1532,75.03916449,0.572454308,1.138643603,"$2,945.35 ","$1,128.47 ",$871.83 ,$751.38 ,$193.66 ,$0.00 ,14,0,32,22,339,391,2,6,4673221,2470.336258,1796567,1692047,128698,373438,232541,689629,936866,360315,2804353,396804,19220,110888,205390,80356
CA,CA17,201906,CLF,153,76.37254902,0.594771242,1.25954902,"$3,866.94 ","$1,368.17 ","$1,589.81 ",$738.18 ,$170.79 ,$0.00 ,2,0,4,4,47,33,0,0,539301,1496.015066,181213,172682,26130,73664,35012,67770,146907,48530,309505,12059,7723,11489,11100,5269
CA,CA18,201906,CLF,319,75.37617555,0.592476489,1.225868339,"$4,707.43 ","$2,560.99 ",$604.47 ,"$1,341.68 ",$200.28 ,$0.00 ,8,0,6,9,83,86,0,6,732212,1392.385418,241055,226727,28989,96905,53972,89461,201506,62038,494325,20238,8143,16525,14450,15994
CA,CA19,201906,CLF,1052,74.93060837,0.545627376,1.160352662,"$3,800.95 ","$1,548.10 ","$1,027.39 ","$1,047.22 ",$178.25 ,$0.00 ,13,0,39,12,225,275,0,7,2291738,5095.099057,896341,819372,75758,168734,134416,335498,532415,114749,1083594,101802,25772,34828,51388,38576
CA,CA2,201906,CLF,1310,71.17709924,0.539694657,1.303664886,"$1,544.05 ",$331.37 ,$274.00 ,$612.86 ,$325.83 ,$0.00 ,12,0,65,5,281,324,0,1,180216,4176.578436,57468,44057,10782,33928,15883,22446,51676,34263,160443,3448,6076,4616,3242,9708
CA,CA20,201906,CLF,165,73.21818182,0.563636364,1.201648485,"$5,326.47 ","$3,288.56 ","$1,037.20 ",$912.39 ,$88.32 ,$0.00 ,2,0,6,1,39,44,0,0,438530,821.7515515,156896,149067,15346,36031,23696,64390,98813,20223,269660,13520,4468,7695,7541,10444
CA,CA21,201906,CLF,296,76.16554054,0.581081081,1.218293919,"$3,061.70 ",$984.40 ,"$1,170.04 ",$783.10 ,$124.17 ,$0.00 ,2,0,11,6,81,92,0,2,641847,2324.181643,263188,238371,17271,57501,43401,116457,130712,38050,249451,23427,13544,12933,11677,12597
CA,CA22,201906,CLF,83,75.63855422,0.506024096,1.098325301,"$3,346.44 ","$1,714.04 ",$600.81 ,$826.31 ,$205.28 ,$0.00 ,4,0,4,3,12,16,0,0,171365,1234.545845,62685,58539,6792,22175,14964,23303,45990,13426,84511,4555,4913,3992,3786,2411
CA,CA23,201906,CLF,398,75.1080402,0.527638191,1.045927136,"$2,578.55 ",$711.89 ,"$1,046.02 ",$642.21 ,$178.43 ,$0.00 ,4,0,15,7,67,88,0,3,151906,9005.172163,84579,59685,4117,9269,9764,35175,25619,1701,28770,2723,7154,1011,2769,11716
CA,CA24,201906,CLF,334,74.38023952,0.508982036,1.114188623,"$1,666.10 ",$184.03 ,$914.07 ,$491.19 ,$76.80 ,$0.00 ,1,0,10,1,62,70,0,3,428006,8864.022501,193696,163983,16804,39396,35478,79271,91192,17615,138500,10651,26639,6204,11021,9809
CA,CA25,201906,CLF,780,74.45512821,0.523076923,1.036651282,"$4,852.91 ","$2,640.98 ","$1,153.01 ",$899.24 ,$159.68 ,$0.00 ,8,0,30,6,136,139,0,4,470990,24672.40534,218386,187277,15591,36021,38019,90963,98766,8104,114440,8163,28551,6986,13481,12724
CA,CA3,201906,CLF,3096,71.49547804,0.543927649,1.312021641,"$2,218.81 ",$702.00 ,$698.73 ,$686.34 ,$131.73 ,$0.00 ,32,3,98,53,676,857,5,10,4518699,27266.44488,1549773,1348982,180356,553160,432652,561952,1186660,340581,3038969,129608,113905,106066,62893,91930
CA,CA4,201906,CLF,4433,74.66365892,0.566884728,1.281612001,"$3,591.43 ","$1,507.96 ",$840.33 ,"$1,064.35 ",$178.80 ,$0.00 ,52,0,109,61,970,1402,4,24,13262234,4850.972611,4615697,4338482,441609,1781058,1352330,1739765,2957709,1601964,9307146,1149887,86507,469799,343744,220875
CA,CA5,201906,CLF,1517,76.05207647,0.550428477,1.219825972,"$4,351.33 ","$1,954.26 ",$910.51 ,"$1,162.96 ",$323.59 ,$0.00 ,17,1,36,9,383,536,1,11,848112,1842.466511,287498,271226,25853,88185,78474,123435,199599,77382,459811,31090,10988,17892,11400,12601
CA,CA6,201906,CLF,354,76.08474576,0.59039548,1.062785311,"$2,746.78 ","$1,425.70 ",$400.58 ,$744.06 ,$176.43 ,$0.00 ,1,0,9,7,76,98,0,0,443738,2735.137621,156210,144962,13861,52042,46478,64775,99117,45552,244382,21169,6950,15410,8052,19863
CA,CA7,201906,CLF,1260,75.7015873,0.534920635,1.237046825,"$4,916.00 ","$2,332.36 ","$1,211.80 ","$1,078.68 ",$293.16 ,$0.00 ,19,0,45,8,260,415,2,18,883053,8132.256436,295756,267913,39056,139584,77216,92005,257750,84735,576023,15490,21557,24792,18281,31126
CA,CA8,201906,CLF,291,75.52920962,0.525773196,1.090890034,"$3,647.52 ","$1,126.80 ",$710.29 ,"$1,643.17 ",$167.26 ,$0.00 ,3,1,11,4,65,87,2,1,281455,3300.636162,121095,105317,6175,17123,20715,52758,50492,9045,86881,7329,9630,3482,4557,16435
CA,CA9,201906,CLF,383,76.21409922,0.582245431,1.02678329,"$1,851.51 ",$475.14 ,$626.67 ,$537.88 ,$211.81 ,$0.00 ,1,0,10,6,91,97,0,1,433212,3281.719108,141155,126052,10475,78816,46650,55515,114125,75432,301974,14534,6567,17221,5984,17741
CA,CA1,201907,CLF,60801,73.57684907,0.575039884,1.131259996,"$1,273.17 ",$376.10 ,$237.13 ,$552.63 ,$107.31 ,$0.00 ,643,29,1397,1356,12984,19422,82,223,3302833,4208.762531,1204884,1118980,106962,286008,279602,439595,726344,216965,1787453,255366,42081,75015,61486,89451
CA,CA10,201907,CLF,195,73.50769231,0.507692308,1.570276923,"$1,776.10 ",$128.59 ,$749.75 ,$754.90 ,$142.87 ,$0.00 ,1,0,6,1,56,59,0,1,460477,4824.376542,147791,136106,18321,81345,44779,50391,143528,61208,326860,6561,10023,13317,8274,5426
CA,CA11,201907,CLF,92,74.20652174,0.565217391,1.087532609,"$2,176.02 ",$829.84 ,$261.46 ,$940.57 ,$144.14 ,$0.00 ,0,0,2,0,22,32,1,0,150075,1390.308446,45792,42735,4855,24270,10946,14567,40935,13829,101017,2919,1938,3483,2730,14912
CA,CA12,201907,CLF,1139,72.67164179,0.557506585,2.061645303,"$3,814.27 ",$973.86 ,$738.93 ,"$1,974.94 ",$126.54 ,$0.00 ,15,0,32,17,348,494,1,4,978130,5958.095977,328577,304624,41276,147389,92035,114438,279979,108140,686675,23756,12508,28262,25805,16750
CA,CA13,201907,CLF,464,73.74353448,0.504310345,1.40575,"$3,561.34 ","$1,256.81 ",$973.61 ,"$1,194.35 ",$136.57 ,$0.00 ,2,0,12,3,107,141,0,6,342954,21389.49918,163854,119622,10594,41422,24903,67475,74845,21273,143965,5802,14241,5844,5879,17935
CA,CA14,201907,CLF,688,76.19912791,0.566860465,1.091046512,"$3,235.76 ","$1,192.28 ",$945.49 ,$847.51 ,$250.48 ,$0.00 ,9,0,12,12,150,204,0,8,2255381,3124.860076,789873,749021,60919,189668,113096,295103,502048,188257,1461149,154299,25948,59669,38303,48904
CA,CA15,201907,CLF,95,76.6,0.663157895,1.422526316,"$4,880.69 ","$2,581.89 ","$1,336.69 ",$844.47 ,$117.64 ,$0.00 ,1,0,3,0,28,40,0,0,269075,1935.645521,84795,79606,14912,48433,23145,29320,80062,34066,193067,3236,5216,7611,5801,5926
CA,CA16,201907,CLF,1532,75.11096606,0.572454308,1.138643603,"$3,666.75 ","$1,176.86 ","$1,397.87 ",$872.65 ,$219.37 ,$0.00 ,11,0,39,23,370,399,3,7,4673221,2470.336258,1796567,1692047,128698,373438,232541,689629,936866,360315,2804353,396804,19220,110888,205390,80356
CA,CA17,201907,CLF,153,76.4379085,0.594771242,1.25954902,"$2,943.46 ",$783.96 ,$894.48 ,"$1,078.61 ",$186.41 ,$0.00 ,0,0,3,2,36,40,0,0,539301,1496.015066,181213,172682,26130,73664,35012,67770,146907,48530,309505,12059,7723,11489,11100,5269
CA,CA18,201907,CLF,319,75.45141066,0.592476489,1.225868339,"$3,943.40 ","$1,992.36 ",$731.94 ,"$1,004.68 ",$214.41 ,$0.00 ,2,2,9,4,83,97,0,6,732212,1392.385418,241055,226727,28989,96905,53972,89461,201506,62038,494325,20238,8143,16525,14450,15994
CA,CA19,201907,CLF,1052,75.00475285,0.545627376,1.160352662,"$3,645.61 ","$1,518.53 ",$982.47 ,$941.50 ,$203.10 ,$0.00 ,16,0,28,16,241,273,0,7,2291738,5095.099057,896341,819372,75758,168734,134416,335498,532415,114749,1083594,101802,25772,34828,51388,38576
CA,CA2,201907,CLF,1311,71.25095347,0.53928299,1.30355225,"$1,984.96 ",$664.08 ,$301.38 ,$666.99 ,$352.51 ,$0.00 ,15,0,67,1,317,316,1,1,180216,4176.578436,57468,44057,10782,33928,15883,22446,51676,34263,160443,3448,6076,4616,3242,9708
CA,CA20,201907,CLF,165,73.29090909,0.563636364,1.201648485,"$4,448.83 ","$2,542.94 ","$1,099.01 ",$719.38 ,$87.50 ,$0.00 ,2,0,1,1,37,45,0,0,438530,821.7515515,156896,149067,15346,36031,23696,64390,98813,20223,269660,13520,4468,7695,7541,10444
CA,CA21,201907,CLF,296,76.24324324,0.581081081,1.218293919,"$4,446.36 ","$2,018.99 ","$1,310.06 ",$952.36 ,$164.96 ,$0.00 ,0,1,7,2,76,86,0,2,641847,2324.181643,263188,238371,17271,57501,43401,116457,130712,38050,249451,23427,13544,12933,11677,12597
CA,CA22,201907,CLF,83,75.6746988,0.506024096,1.098325301,"$3,171.93 ","$1,556.58 ",$399.09 ,$901.83 ,$314.42 ,$0.00 ,3,0,2,2,19,25,0,0,171365,1234.545845,62685,58539,6792,22175,14964,23303,45990,13426,84511,4555,4913,3992,3786,2411
CA,CA23,201907,CLF,398,75.18844221,0.527638191,1.045927136,"$2,086.74 ",$96.97 ,"$1,154.06 ",$604.93 ,$230.78 ,$0.00 ,1,0,17,1,80,100,1,4,151906,9005.172163,84579,59685,4117,9269,9764,35175,25619,1701,28770,2723,7154,1011,2769,11716
CA,CA24,201907,CLF,334,74.45508982,0.508982036,1.114188623,"$3,447.74 ","$1,647.70 ",$937.68 ,$771.55 ,$90.82 ,$0.00 ,3,0,12,0,69,74,0,3,428006,8864.022501,193696,163983,16804,39396,35478,79271,91192,17615,138500,10651,26639,6204,11021,9809
CA,CA25,201907,CLF,780,74.52692308,0.523076923,1.036651282,"$3,381.24 ","$1,309.76 ","$1,126.84 ",$791.63 ,$153.00 ,$0.00 ,3,0,16,2,152,155,0,4,470990,24672.40534,218386,187277,15591,36021,38019,90963,98766,8104,114440,8163,28551,6986,13481,12724
CA,CA3,201907,CLF,3097,71.56409429,0.543752018,1.311859864,"$2,412.84 ",$972.61 ,$568.80 ,$742.98 ,$128.44 ,$0.00 ,43,1,90,56,719,903,3,12,4518699,27266.44488,1549773,1348982,180356,553160,432652,561952,1186660,340581,3038969,129608,113905,106066,62893,91930
CA,CA4,201907,CLF,4433,74.72952854,0.566884728,1.281612001,"$3,228.11 ","$1,139.56 ",$804.00 ,"$1,101.67 ",$182.89 ,$0.00 ,58,2,122,64,1081,1493,10,24,13262234,4850.972611,4615697,4338482,441609,1781058,1352330,1739765,2957709,1601964,9307146,1149887,86507,469799,343744,220875
CA,CA5,201907,CLF,1517,76.1404087,0.550428477,1.219825972,"$4,343.08 ","$1,571.26 ","$1,125.78 ","$1,367.12 ",$278.92 ,$0.00 ,10,3,36,17,386,533,2,12,848112,1842.466511,287498,271226,25853,88185,78474,123435,199599,77382,459811,31090,10988,17892,11400,12601
CA,CA6,201907,CLF,354,76.16949153,0.59039548,1.062785311,"$3,241.41 ","$1,597.70 ",$573.25 ,$946.35 ,$124.11 ,$0.00 ,3,0,14,4,101,102,0,0,443738,2735.137621,156210,144962,13861,52042,46478,64775,99117,45552,244382,21169,6950,15410,8052,19863
CA,CA7,201907,CLF,1260,75.78253968,0.534920635,1.237046825,"$4,513.95 ","$2,063.34 ","$1,181.37 ",$992.67 ,$276.57 ,$0.00 ,19,0,49,13,237,384,0,15,883053,8132.256436,295756,267913,39056,139584,77216,92005,257750,84735,576023,15490,21557,24792,18281,31126
CA,CA8,201907,CLF,291,75.59106529,0.525773196,1.090890034,"$2,056.46 ",$98.45 ,$626.71 ,"$1,139.42 ",$191.88 ,$0.00 ,1,0,4,6,85,86,1,1,281455,3300.636162,121095,105317,6175,17123,20715,52758,50492,9045,86881,7329,9630,3482,4557,16435
CA,CA9,201907,CLF,383,76.2845953,0.582245431,1.02678329,"$2,442.54 ","$1,160.86 ",$440.57 ,$618.53 ,$222.58 ,$0.00 ,3,0,8,7,89,107,0,1,433212,3281.719108,141155,126052,10475,78816,46650,55515,114125,75432,301974,14534,6567,17221,5984,17741
CA,CA1,201908,CLF,60808,73.65236482,0.575039469,1.131260213,"$1,271.14 ",$375.76 ,$234.68 ,$564.44 ,$96.26 ,$0.00 ,635,30,1396,1297,13338,19236,77,218,3302833,4208.762531,1204884,1118980,106962,286008,279602,439595,726344,216965,1787453,255366,42081,75015,61486,89451
CA,CA10,201908,CLF,195,73.61025641,0.507692308,1.570276923,"$1,859.77 ",$289.95 ,$607.22 ,$731.54 ,$231.05 ,$0.00 ,1,0,6,0,55,54,1,1,460477,4824.376542,147791,136106,18321,81345,44779,50391,143528,61208,326860,6561,10023,13317,8274,5426
CA,CA11,201908,CLF,92,74.25,0.565217391,1.087532609,"$2,546.10 ",$973.21 ,$446.23 ,"$1,046.88 ",$79.78 ,$0.00 ,0,0,3,0,22,32,0,0,150075,1390.308446,45792,42735,4855,24270,10946,14567,40935,13829,101017,2919,1938,3483,2730,14912
CA,CA12,201908,CLF,1139,72.74539069,0.557506585,2.061645303,"$3,184.42 ",$594.28 ,$558.90 ,"$1,904.66 ",$126.59 ,$0.00 ,17,0,28,17,339,511,3,1,978130,5958.095977,328577,304624,41276,147389,92035,114438,279979,108140,686675,23756,12508,28262,25805,16750
CA,CA13,201908,CLF,464,73.81034483,0.504310345,1.40575,"$3,551.09 ",$989.04 ,"$1,078.98 ","$1,348.90 ",$134.17 ,$0.00 ,7,1,14,4,101,151,1,6,342954,21389.49918,163854,119622,10594,41422,24903,67475,74845,21273,143965,5802,14241,5844,5879,17935
CA,CA14,201908,CLF,688,76.2747093,0.566860465,1.091046512,"$3,993.90 ","$1,784.73 ",$998.11 ,$955.98 ,$255.08 ,$0.00 ,12,0,17,15,133,202,1,8,2255381,3124.860076,789873,749021,60919,189668,113096,295103,502048,188257,1461149,154299,25948,59669,38303,48904
CA,CA15,201908,CLF,95,76.69473684,0.663157895,1.422526316,"$5,935.35 ","$2,819.40 ","$2,191.73 ",$803.86 ,$120.36 ,$0.00 ,3,0,2,1,18,27,0,0,269075,1935.645521,84795,79606,14912,48433,23145,29320,80062,34066,193067,3236,5216,7611,5801,5926
CA,CA16,201908,CLF,1532,75.17950392,0.572454308,1.138643603,"$3,781.55 ","$1,504.99 ","$1,194.47 ",$863.43 ,$218.67 ,$0.00 ,11,1,47,15,341,414,4,7,4673221,2470.336258,1796567,1692047,128698,373438,232541,689629,936866,360315,2804353,396804,19220,110888,205390,80356
CA,CA17,201908,CLF,153,76.47712418,0.594771242,1.25954902,"$5,735.82 ","$3,082.45 ","$1,177.81 ","$1,279.22 ",$196.35 ,$0.00 ,3,0,2,1,30,35,0,0,539301,1496.015066,181213,172682,26130,73664,35012,67770,146907,48530,309505,12059,7723,11489,11100,5269
CA,CA18,201908,CLF,319,75.52664577,0.592476489,1.225868339,"$4,294.39 ","$1,941.28 ","$1,206.88 ",$961.89 ,$184.35 ,$0.00 ,7,0,10,5,91,89,0,6,732212,1392.385418,241055,226727,28989,96905,53972,89461,201506,62038,494325,20238,8143,16525,14450,15994
CA,CA19,201908,CLF,1052,75.0865019,0.545627376,1.160352662,"$3,071.96 ","$1,055.43 ",$948.84 ,$885.76 ,$181.93 ,$0.00 ,9,0,19,13,234,291,1,7,2291738,5095.099057,896341,819372,75758,168734,134416,335498,532415,114749,1083594,101802,25772,34828,51388,38576
CA,CA2,201908,CLF,1313,71.33130236,0.539223153,1.30290556,"$1,611.53 ",$332.61 ,$334.18 ,$626.79 ,$317.96 ,$0.00 ,15,1,62,1,273,341,2,2,180216,4176.578436,57468,44057,10782,33928,15883,22446,51676,34263,160443,3448,6076,4616,3242,9708
CA,CA20,201908,CLF,165,73.36969697,0.563636364,1.201648485,"$6,209.35 ","$3,338.76 ","$1,822.53 ",$947.82 ,$100.23 ,$0.00 ,2,0,5,5,39,40,0,0,438530,821.7515515,156896,149067,15346,36031,23696,64390,98813,20223,269660,13520,4468,7695,7541,10444
CA,CA21,201908,CLF,296,76.32432432,0.581081081,1.218293919,"$2,705.41 ","$1,005.28 ",$751.16 ,$798.58 ,$150.39 ,$0.00 ,4,0,9,2,81,92,1,2,641847,2324.181643,263188,238371,17271,57501,43401,116457,130712,38050,249451,23427,13544,12933,11677,12597
CA,CA22,201908,CLF,83,75.72289157,0.506024096,1.098325301,"$2,883.28 ","$1,197.50 ",$583.93 ,$850.09 ,$251.76 ,$0.00 ,4,0,2,2,13,19,1,0,171365,1234.545845,62685,58539,6792,22175,14964,23303,45990,13426,84511,4555,4913,3992,3786,2411
CA,CA23,201908,CLF,398,75.25879397,0.527638191,1.045927136,"$3,305.09 ","$1,502.93 ",$880.23 ,$694.41 ,$227.52 ,$0.00 ,5,0,12,2,77,74,0,3,151906,9005.172163,84579,59685,4117,9269,9764,35175,25619,1701,28770,2723,7154,1011,2769,11716
CA,CA24,201908,CLF,334,74.53293413,0.508982036,1.114188623,"$3,481.97 ","$1,512.80 ","$1,122.18 ",$764.53 ,$82.46 ,$0.00 ,5,0,11,0,73,72,0,3,428006,8864.022501,193696,163983,16804,39396,35478,79271,91192,17615,138500,10651,26639,6204,11021,9809
CA,CA25,201908,CLF,779,74.6110398,0.522464698,1.034887035,"$2,769.23 ",$869.40 ,$977.96 ,$783.66 ,$138.22 ,$0.00 ,7,0,19,5,153,166,0,4,470990,24672.40534,218386,187277,15591,36021,38019,90963,98766,8104,114440,8163,28551,6986,13481,12724
CA,CA3,201908,CLF,3097,71.64384889,0.543752018,1.311859864,"$2,788.96 ","$1,219.80 ",$641.16 ,$765.46 ,$162.55 ,$0.00 ,48,2,99,47,674,868,1,10,4518699,27266.44488,1549773,1348982,180356,553160,432652,561952,1186660,340581,3038969,129608,113905,106066,62893,91930
CA,CA4,201908,CLF,4433,74.80284232,0.566884728,1.281612001,"$3,024.33 ",$926.47 ,$873.40 ,"$1,043.48 ",$180.99 ,$0.00 ,44,2,103,66,1017,1480,3,21,13262234,4850.972611,4615697,4338482,441609,1781058,1352330,1739765,2957709,1601964,9307146,1149887,86507,469799,343744,220875
CA,CA5,201908,CLF,1517,76.21621622,0.550428477,1.219825972,"$3,837.20 ","$1,448.18 ",$822.21 ,"$1,294.75 ",$272.06 ,$0.00 ,10,1,34,11,369,549,0,12,848112,1842.466511,287498,271226,25853,88185,78474,123435,199599,77382,459811,31090,10988,17892,11400,12601
CA,CA6,201908,CLF,354,76.22316384,0.59039548,1.062785311,"$2,175.70 ",$631.69 ,$571.17 ,$798.36 ,$174.49 ,$0.00 ,3,0,5,6,72,110,0,0,443738,2735.137621,156210,144962,13861,52042,46478,64775,99117,45552,244382,21169,6950,15410,8052,19863
CA,CA7,201908,CLF,1260,75.85793651,0.534920635,1.237046825,"$4,106.82 ","$1,337.01 ","$1,383.36 ","$1,131.58 ",$254.88 ,$0.00 ,13,2,55,9,244,434,0,19,883053,8132.256436,295756,267913,39056,139584,77216,92005,257750,84735,576023,15490,21557,24792,18281,31126
CA,CA8,201908,CLF,291,75.65292096,0.525773196,1.090890034,"$4,907.10 ","$3,194.17 ",$467.35 ,"$1,083.79 ",$161.79 ,$0.00 ,3,0,3,4,65,85,2,1,281455,3300.636162,121095,105317,6175,17123,20715,52758,50492,9045,86881,7329,9630,3482,4557,16435
CA,CA9,201908,CLF,383,76.35509138,0.582245431,1.02678329,"$4,546.64 ","$2,647.19 ",$909.89 ,$779.86 ,$209.70 ,$0.00 ,5,0,8,1,88,114,2,1,433212,3281.719108,141155,126052,10475,78816,46650,55515,114125,75432,301974,14534,6567,17221,5984,17741
CA,CA1,201909,CLF,60807,73.73652705,0.57503248,1.1312466,"$1,275.12 ",$382.27 ,$222.83 ,$547.76 ,$122.26 ,$0.00 ,638,36,1348,1304,12670,18485,64,209,3302833,4208.762531,1204884,1118980,106962,286008,279602,439595,726344,216965,1787453,255366,42081,75015,61486,89451
CA,CA10,201909,CLF,195,73.7025641,0.507692308,1.570276923,"$1,518.55 ",$292.08 ,$377.85 ,$674.80 ,$173.82 ,$0.00 ,4,0,5,1,63,59,0,1,460477,4824.376542,147791,136106,18321,81345,44779,50391,143528,61208,326860,6561,10023,13317,8274,5426
CA,CA11,201909,CLF,92,74.35869565,0.565217391,1.087532609,"$1,356.71 ",$0.00 ,$255.36 ,$966.04 ,$135.31 ,$0.00 ,0,0,0,1,30,33,0,0,150075,1390.308446,45792,42735,4855,24270,10946,14567,40935,13829,101017,2919,1938,3483,2730,14912
CA,CA12,201909,CLF,1139,72.83406497,0.557506585,2.061645303,"$3,439.30 ",$800.68 ,$638.78 ,"$1,860.17 ",$139.67 ,$0.00 ,21,1,29,12,329,487,2,3,978130,5958.095977,328577,304624,41276,147389,92035,114438,279979,108140,686675,23756,12508,28262,25805,16750
CA,CA13,201909,CLF,464,73.89224138,0.504310345,1.40575,"$5,297.57 ","$2,626.27 ","$1,189.44 ","$1,332.61 ",$149.26 ,$0.00 ,12,1,22,2,95,138,1,6,342954,21389.49918,163854,119622,10594,41422,24903,67475,74845,21273,143965,5802,14241,5844,5879,17935
CA,CA14,201909,CLF,688,76.36191861,0.566860465,1.091046512,"$5,595.34 ","$3,307.93 ","$1,046.11 ","$1,018.47 ",$222.83 ,$0.00 ,8,1,12,7,154,188,1,7,2255381,3124.860076,789873,749021,60919,189668,113096,295103,502048,188257,1461149,154299,25948,59669,38303,48904
CA,CA15,201909,CLF,95,76.75789474,0.663157895,1.422526316,"$2,320.39 ",$570.94 ,$915.17 ,$664.28 ,$170.00 ,$0.00 ,1,0,1,1,28,29,0,0,269075,1935.645521,84795,79606,14912,48433,23145,29320,80062,34066,193067,3236,5216,7611,5801,5926
CA,CA16,201909,CLF,1532,75.25979112,0.572454308,1.138643603,"$3,665.61 ","$1,495.49 ","$1,127.18 ",$837.74 ,$205.20 ,$0.00 ,11,1,29,21,337,404,2,8,4673221,2470.336258,1796567,1692047,128698,373438,232541,689629,936866,360315,2804353,396804,19220,110888,205390,80356
CA,CA17,201909,CLF,153,76.55555556,0.594771242,1.25954902,"$4,159.20 ","$1,681.78 ","$1,331.01 ",$992.48 ,$153.93 ,$0.00 ,2,0,8,1,44,39,0,0,539301,1496.015066,181213,172682,26130,73664,35012,67770,146907,48530,309505,12059,7723,11489,11100,5269
CA,CA18,201909,CLF,319,75.61128527,0.592476489,1.225868339,"$2,568.68 ",$689.55 ,$848.74 ,$834.73 ,$195.66 ,$0.00 ,0,0,6,3,85,107,0,6,732212,1392.385418,241055,226727,28989,96905,53972,89461,201506,62038,494325,20238,8143,16525,14450,15994
CA,CA19,201909,CLF,1052,75.17205323,0.545627376,1.160352662,"$2,818.46 ",$606.99 ,"$1,132.20 ",$885.61 ,$193.66 ,$0.00 ,12,1,31,22,208,281,1,6,2291738,5095.099057,896341,819372,75758,168734,134416,335498,532415,114749,1083594,101802,25772,34828,51388,38576
CA,CA2,201909,CLF,1313,71.41279513,0.539223153,1.30290556,"$1,504.30 ",$317.98 ,$281.41 ,$592.91 ,$312.01 ,$0.00 ,21,0,49,3,279,302,0,3,180216,4176.578436,57468,44057,10782,33928,15883,22446,51676,34263,160443,3448,6076,4616,3242,9708
CA,CA20,201909,CLF,165,73.45454546,0.563636364,1.201648485,"$2,874.51 ",$885.16 ,"$1,194.67 ",$706.50 ,$88.18 ,$0.00 ,2,0,5,1,32,56,0,0,438530,821.7515515,156896,149067,15346,36031,23696,64390,98813,20223,269660,13520,4468,7695,7541,10444
CA,CA21,201909,CLF,296,76.39189189,0.581081081,1.218293919,"$3,592.02 ","$2,269.37 ",$569.29 ,$649.82 ,$103.54 ,$0.00 ,2,0,3,0,64,93,0,1,641847,2324.181643,263188,238371,17271,57501,43401,116457,130712,38050,249451,23427,13544,12933,11677,12597
CA,CA22,201909,CLF,83,75.85542169,0.506024096,1.098325301,"$3,054.63 ","$1,772.11 ",$56.07 ,"$1,002.27 ",$224.18 ,$0.00 ,0,0,2,1,14,23,1,0,171365,1234.545845,62685,58539,6792,22175,14964,23303,45990,13426,84511,4555,4913,3992,3786,2411
CA,CA23,201909,CLF,398,75.34673367,0.527638191,1.045927136,"$3,525.55 ","$1,167.57 ","$1,087.65 ","$1,071.14 ",$199.20 ,$0.00 ,6,0,13,4,68,88,0,3,151906,9005.172163,84579,59685,4117,9269,9764,35175,25619,1701,28770,2723,7154,1011,2769,11716
CA,CA24,201909,CLF,334,74.61676647,0.508982036,1.114188623,"$2,710.29 ","$1,293.19 ",$746.34 ,$586.76 ,$84.00 ,$0.00 ,2,0,9,3,67,78,0,3,428006,8864.022501,193696,163983,16804,39396,35478,79271,91192,17615,138500,10651,26639,6204,11021,9809
CA,CA25,201909,CLF,780,74.68333333,0.523076923,1.036651282,"$3,488.71 ","$1,198.35 ","$1,403.06 ",$723.27 ,$164.03 ,$0.00 ,8,0,28,3,152,143,0,4,470990,24672.40534,218386,187277,15591,36021,38019,90963,98766,8104,114440,8163,28551,6986,13481,12724
CA,CA3,201909,CLF,3096,71.72997416,0.543604651,1.312185724,"$2,610.05 ","$1,158.37 ",$576.55 ,$757.04 ,$118.09 ,$0.00 ,34,0,112,47,669,867,4,10,4518699,27266.44488,1549773,1348982,180356,553160,432652,561952,1186660,340581,3038969,129608,113905,106066,62893,91930
CA,CA4,201909,CLF,4433,74.88405143,0.566884728,1.281612001,"$2,880.68 ",$849.82 ,$876.40 ,$981.82 ,$172.64 ,$0.00 ,45,2,126,57,1035,1405,9,20,13262234,4850.972611,4615697,4338482,441609,1781058,1352330,1739765,2957709,1601964,9307146,1149887,86507,469799,343744,220875
CA,CA5,201909,CLF,1517,76.29268293,0.550428477,1.219825972,"$3,046.89 ",$768.14 ,$791.83 ,"$1,207.09 ",$279.82 ,$0.00 ,14,1,30,5,356,544,1,12,848112,1842.466511,287498,271226,25853,88185,78474,123435,199599,77382,459811,31090,10988,17892,11400,12601
CA,CA6,201909,CLF,354,76.28531073,0.59039548,1.062785311,"$1,484.36 ",$17.36 ,$524.26 ,$722.99 ,$219.76 ,$0.00 ,1,0,7,3,69,102,0,0,443738,2735.137621,156210,144962,13861,52042,46478,64775,99117,45552,244382,21169,6950,15410,8052,19863
CA,CA7,201909,CLF,1260,75.93174603,0.534920635,1.237046825,"$3,517.32 ","$1,442.67 ","$1,014.95 ",$775.88 ,$283.83 ,$0.00 ,21,0,40,7,255,416,2,20,883053,8132.256436,295756,267913,39056,139584,77216,92005,257750,84735,576023,15490,21557,24792,18281,31126
CA,CA8,201909,CLF,291,75.71821306,0.525773196,1.090890034,"$2,702.93 ",$636.04 ,$702.76 ,"$1,208.87 ",$155.26 ,$0.00 ,3,0,8,9,59,93,0,1,281455,3300.636162,121095,105317,6175,17123,20715,52758,50492,9045,86881,7329,9630,3482,4557,16435
CA,CA9,201909,CLF,383,76.42819843,0.582245431,1.02678329,"$4,768.58 ","$2,785.02 ",$897.25 ,$739.24 ,$347.07 ,$0.00 ,3,0,6,3,96,119,0,1,433212,3281.719108,141155,126052,10475,78816,46650,55515,114125,75432,301974,14534,6567,17221,5984,17741
CA,CA1,201910,CLF,60793,73.81937065,0.575099107,1.131411676,"$1,497.68 ",$469.57 ,$256.32 ,$640.85 ,$130.93 ,$0.00 ,764,45,1406,1280,14016,20260,63,232,3302833,4208.762531,1204884,1118980,106962,286008,279602,439595,726344,216965,1787453,255366,42081,75015,61486,89451
CA,CA10,201910,CLF,195,73.77435897,0.507692308,1.570276923,"$4,279.29 ","$2,311.26 ",$778.46 ,$980.49 ,$209.07 ,$0.00 ,3,0,6,1,79,53,0,1,460477,4824.376542,147791,136106,18321,81345,44779,50391,143528,61208,326860,6561,10023,13317,8274,5426
CA,CA11,201910,CLF,92,74.4673913,0.565217391,1.087532609,"$2,006.95 ",$0.00 ,$650.49 ,"$1,236.83 ",$119.63 ,$0.00 ,0,0,2,0,20,25,1,0,150075,1390.308446,45792,42735,4855,24270,10946,14567,40935,13829,101017,2919,1938,3483,2730,14912
CA,CA12,201910,CLF,1139,72.92800702,0.557506585,2.061645303,"$3,789.10 ",$885.58 ,$603.15 ,"$2,164.60 ",$135.77 ,$0.00 ,19,0,36,20,345,505,0,5,978130,5958.095977,328577,304624,41276,147389,92035,114438,279979,108140,686675,23756,12508,28262,25805,16750
CA,CA13,201910,CLF,464,73.9762931,0.504310345,1.40575,"$2,996.93 ",$786.60 ,$778.18 ,"$1,278.80 ",$153.34 ,$0.00 ,5,1,19,1,110,143,1,5,342954,21389.49918,163854,119622,10594,41422,24903,67475,74845,21273,143965,5802,14241,5844,5879,17935
CA,CA14,201910,CLF,687,76.4279476,0.566229985,1.090369723,"$6,025.16 ","$3,861.28 ",$831.99 ,"$1,089.22 ",$242.67 ,$0.00 ,11,0,9,10,154,207,3,9,2255381,3124.860076,789873,749021,60919,189668,113096,295103,502048,188257,1461149,154299,25948,59669,38303,48904
CA,CA15,201910,CLF,95,76.88421053,0.663157895,1.422526316,"$5,393.67 ","$2,319.46 ","$1,896.38 ","$1,038.71 ",$139.11 ,$0.00 ,1,0,1,1,27,39,0,0,269075,1935.645521,84795,79606,14912,48433,23145,29320,80062,34066,193067,3236,5216,7611,5801,5926
CA,CA16,201910,CLF,1532,75.33877285,0.572454308,1.138643603,"$4,204.61 ","$1,636.97 ","$1,384.99 ",$972.84 ,$209.81 ,$0.00 ,14,0,42,21,351,422,2,4,4673221,2470.336258,1796567,1692047,128698,373438,232541,689629,936866,360315,2804353,396804,19220,110888,205390,80356
CA,CA17,201910,CLF,152,76.67105263,0.598684211,1.264072368,"$5,411.79 ","$1,773.59 ","$2,084.12 ","$1,378.46 ",$175.62 ,$0.00 ,2,1,6,5,42,36,0,0,539301,1496.015066,181213,172682,26130,73664,35012,67770,146907,48530,309505,12059,7723,11489,11100,5269
CA,CA18,201910,CLF,319,75.70219436,0.592476489,1.225868339,"$5,800.67 ","$2,839.68 ",$984.55 ,"$1,767.72 ",$208.73 ,$0.00 ,9,0,14,8,98,102,0,5,732212,1392.385418,241055,226727,28989,96905,53972,89461,201506,62038,494325,20238,8143,16525,14450,15994
CA,CA19,201910,CLF,1052,75.26330799,0.545627376,1.160352662,"$4,115.12 ","$1,746.67 ","$1,062.20 ","$1,109.49 ",$196.76 ,$0.00 ,12,0,23,9,253,295,0,7,2291738,5095.099057,896341,819372,75758,168734,134416,335498,532415,114749,1083594,101802,25772,34828,51388,38576
CA,CA2,201910,CLF,1313,71.50266565,0.539223153,1.30290556,"$1,746.32 ",$312.51 ,$402.64 ,$659.37 ,$371.80 ,$0.00 ,18,1,74,5,313,377,0,1,180216,4176.578436,57468,44057,10782,33928,15883,22446,51676,34263,160443,3448,6076,4616,3242,9708
CA,CA20,201910,CLF,165,73.52727273,0.563636364,1.201648485,"$2,211.93 ",$83.86 ,"$1,277.76 ",$750.14 ,$100.18 ,$0.00 ,0,0,7,2,42,47,0,0,438530,821.7515515,156896,149067,15346,36031,23696,64390,98813,20223,269660,13520,4468,7695,7541,10444
CA,CA21,201910,CLF,296,76.49324324,0.581081081,1.218293919,"$3,572.46 ","$1,626.24 ","$1,049.10 ",$790.13 ,$107.00 ,$0.00 ,0,0,7,0,67,84,0,2,641847,2324.181643,263188,238371,17271,57501,43401,116457,130712,38050,249451,23427,13544,12933,11677,12597
CA,CA22,201910,CLF,83,75.96385542,0.506024096,1.098325301,"$1,680.20 ",$0.00 ,$790.18 ,$658.50 ,$231.53 ,$0.00 ,0,0,1,2,15,20,1,0,171365,1234.545845,62685,58539,6792,22175,14964,23303,45990,13426,84511,4555,4913,3992,3786,2411
CA,CA23,201910,CLF,398,75.45226131,0.527638191,1.045927136,"$2,886.50 ",$973.96 ,$946.49 ,$794.54 ,$171.50 ,$0.00 ,3,0,13,2,79,89,0,3,151906,9005.172163,84579,59685,4117,9269,9764,35175,25619,1701,28770,2723,7154,1011,2769,11716
CA,CA24,201910,CLF,334,74.70658683,0.508982036,1.114188623,"$3,505.63 ","$1,458.98 ","$1,167.72 ",$791.02 ,$87.91 ,$0.00 ,4,0,11,1,54,96,0,2,428006,8864.022501,193696,163983,16804,39396,35478,79271,91192,17615,138500,10651,26639,6204,11021,9809
CA,CA25,201910,CLF,780,74.77307692,0.523076923,1.036651282,"$3,031.44 ","$1,187.91 ",$959.97 ,$718.23 ,$165.33 ,$0.00 ,6,0,27,3,141,162,1,4,470990,24672.40534,218386,187277,15591,36021,38019,90963,98766,8104,114440,8163,28551,6986,13481,12724
CA,CA3,201910,CLF,3096,71.81621447,0.543927649,1.312133075,"$2,248.96 ",$576.98 ,$612.79 ,$920.94 ,$138.25 ,$0.00 ,32,3,88,54,785,967,5,11,4518699,27266.44488,1549773,1348982,180356,553160,432652,561952,1186660,340581,3038969,129608,113905,106066,62893,91930
CA,CA4,201910,CLF,4432,74.9666065,0.566787004,1.281830551,"$4,015.22 ","$1,672.89 ",$928.60 ,"$1,209.95 ",$203.79 ,$0.00 ,63,3,121,62,1125,1525,8,20,13262234,4850.972611,4615697,4338482,441609,1781058,1352330,1739765,2957709,1601964,9307146,1149887,86507,469799,343744,220875
CA,CA5,201910,CLF,1517,76.37376401,0.550428477,1.219825972,"$4,200.79 ","$1,623.13 ","$1,030.41 ","$1,255.52 ",$291.72 ,$0.00 ,19,2,37,11,401,574,6,9,848112,1842.466511,287498,271226,25853,88185,78474,123435,199599,77382,459811,31090,10988,17892,11400,12601
CA,CA6,201910,CLF,354,76.35875706,0.59039548,1.062785311,"$2,353.27 ",$594.62 ,$496.77 ,"$1,032.22 ",$229.65 ,$0.00 ,2,0,4,4,87,115,0,0,443738,2735.137621,156210,144962,13861,52042,46478,64775,99117,45552,244382,21169,6950,15410,8052,19863
CA,CA7,201910,CLF,1260,76.03412698,0.534920635,1.237046825,"$4,798.22 ","$1,789.49 ","$1,438.04 ","$1,278.50 ",$292.19 ,$0.00 ,17,2,55,4,297,455,1,20,883053,8132.256436,295756,267913,39056,139584,77216,92005,257750,84735,576023,15490,21557,24792,18281,31126
CA,CA8,201910,CLF,291,75.80068729,0.525773196,1.090890034,"$2,715.15 ",$547.34 ,$395.75 ,"$1,575.17 ",$196.89 ,$0.00 ,3,0,4,5,76,91,0,1,281455,3300.636162,121095,105317,6175,17123,20715,52758,50492,9045,86881,7329,9630,3482,4557,16435
CA,CA9,201910,CLF,383,76.51174935,0.582245431,1.02678329,"$3,049.52 ","$1,072.98 ",$958.10 ,$745.79 ,$272.65 ,$0.00 ,6,0,8,4,95,106,0,1,433212,3281.719108,141155,126052,10475,78816,46650,55515,114125,75432,301974,14534,6567,17221,5984,17741
CA,CA1,201911,CLF,60612,73.88787699,0.575232627,1.126931697,"$1,232.21 ",$406.87 ,$210.14 ,$531.77 ,$83.43 ,$0.00 ,776,36,1270,1336,12177,17839,46,211,3302833,4208.762531,1204884,1118980,106962,286008,279602,439595,726344,216965,1787453,255366,42081,75015,61486,89451
CA,CA10,201911,CLF,194,73.77835052,0.505154639,1.558479381,"$2,480.30 ",$205.49 ,"$1,074.25 ","$1,078.07 ",$122.49 ,$0.00 ,3,0,3,1,53,61,0,1,460477,4824.376542,147791,136106,18321,81345,44779,50391,143528,61208,326860,6561,10023,13317,8274,5426
CA,CA11,201911,CLF,92,74.55434783,0.565217391,1.087532609,"$1,159.70 ",$0.00 ,$159.75 ,$903.82 ,$96.14 ,$0.00 ,0,0,1,1,25,21,0,0,150075,1390.308446,45792,42735,4855,24270,10946,14567,40935,13829,101017,2919,1938,3483,2730,14912
CA,CA12,201911,CLF,1134,72.98236332,0.55643739,2.039349206,"$3,333.65 ",$937.42 ,$558.15 ,"$1,713.07 ",$125.01 ,$0.00 ,23,0,38,13,308,498,1,5,978130,5958.095977,328577,304624,41276,147389,92035,114438,279979,108140,686675,23756,12508,28262,25805,16750
CA,CA13,201911,CLF,464,74.05818966,0.504310345,1.40575,"$2,462.66 ",$439.82 ,$797.72 ,"$1,113.40 ",$111.72 ,$0.00 ,6,0,12,3,97,143,1,6,342954,21389.49918,163854,119622,10594,41422,24903,67475,74845,21273,143965,5802,14241,5844,5879,17935
CA,CA14,201911,CLF,686,76.49562682,0.567055394,1.085052478,"$4,257.54 ","$2,000.64 ","$1,102.21 ",$880.82 ,$273.87 ,$0.00 ,8,0,15,7,143,181,2,7,2255381,3124.860076,789873,749021,60919,189668,113096,295103,502048,188257,1461149,154299,25948,59669,38303,48904
CA,CA15,201911,CLF,94,76.82978723,0.659574468,1.364893617,"$6,064.43 ","$4,055.25 ","$1,072.24 ",$831.37 ,$105.58 ,$0.00 ,3,0,2,2,19,31,0,0,269075,1935.645521,84795,79606,14912,48433,23145,29320,80062,34066,193067,3236,5216,7611,5801,5926
CA,CA16,201911,CLF,1523,75.41628365,0.570584373,1.117711097,"$3,511.76 ","$1,255.47 ","$1,165.04 ",$915.05 ,$176.20 ,$0.00 ,10,0,39,19,299,396,4,4,4673221,2470.336258,1796567,1692047,128698,373438,232541,689629,936866,360315,2804353,396804,19220,110888,205390,80356
CA,CA17,201911,CLF,148,76.83783784,0.608108108,1.283648649,"$4,307.21 ","$1,415.50 ","$1,911.59 ",$881.40 ,$98.72 ,$0.00 ,5,0,7,2,39,31,0,0,539301,1496.015066,181213,172682,26130,73664,35012,67770,146907,48530,309505,12059,7723,11489,11100,5269
CA,CA18,201911,CLF,317,75.72870663,0.589905363,1.207012618,"$5,355.72 ","$2,990.56 ","$1,016.12 ","$1,211.77 ",$137.28 ,$0.00 ,5,0,9,6,86,85,1,4,732212,1392.385418,241055,226727,28989,96905,53972,89461,201506,62038,494325,20238,8143,16525,14450,15994
CA,CA19,201911,CLF,1045,75.31483254,0.545454546,1.149244019,"$3,831.80 ","$1,869.72 ",$858.45 ,$896.32 ,$207.31 ,$0.00 ,16,0,29,14,215,275,0,7,2291738,5095.099057,896341,819372,75758,168734,134416,335498,532415,114749,1083594,101802,25772,34828,51388,38576
CA,CA2,201911,CLF,1306,71.60490046,0.541347626,1.294446401,"$1,486.95 ",$239.74 ,$338.85 ,$596.84 ,$311.51 ,$0.00 ,11,1,52,3,270,371,0,3,180216,4176.578436,57468,44057,10782,33928,15883,22446,51676,34263,160443,3448,6076,4616,3242,9708
CA,CA20,201911,CLF,165,73.6,0.563636364,1.201648485,"$4,395.58 ","$2,170.71 ","$1,262.85 ",$854.68 ,$107.34 ,$0.00 ,3,0,9,5,27,41,0,0,438530,821.7515515,156896,149067,15346,36031,23696,64390,98813,20223,269660,13520,4468,7695,7541,10444
CA,CA21,201911,CLF,296,76.57094595,0.581081081,1.218293919,"$3,706.58 ",$591.23 ,$873.18 ,"$2,138.15 ",$104.02 ,$0.00 ,2,0,9,3,75,79,0,2,641847,2324.181643,263188,238371,17271,57501,43401,116457,130712,38050,249451,23427,13544,12933,11677,12597
CA,CA22,201911,CLF,83,76.10843374,0.506024096,1.098325301,"$3,023.52 ","$1,625.67 ",$328.25 ,$856.14 ,$213.46 ,$0.00 ,1,0,3,1,22,18,0,0,171365,1234.545845,62685,58539,6792,22175,14964,23303,45990,13426,84511,4555,4913,3992,3786,2411
CA,CA23,201911,CLF,396,75.46969697,0.525252525,1.044058081,"$2,831.67 ",$761.25 ,"$1,120.08 ",$769.67 ,$180.68 ,$0.00 ,3,0,22,4,49,83,0,4,151906,9005.172163,84579,59685,4117,9269,9764,35175,25619,1701,28770,2723,7154,1011,2769,11716
CA,CA24,201911,CLF,334,74.7754491,0.508982036,1.114188623,"$4,804.67 ","$2,743.11 ",$917.01 ,"$1,062.03 ",$82.53 ,$0.00 ,7,0,11,0,53,86,2,2,428006,8864.022501,193696,163983,16804,39396,35478,79271,91192,17615,138500,10651,26639,6204,11021,9809
CA,CA25,201911,CLF,777,74.88674389,0.522522523,1.022176319,"$3,255.87 ","$1,447.40 ","$1,012.10 ",$644.85 ,$151.52 ,$0.00 ,10,0,15,1,117,141,0,4,470990,24672.40534,218386,187277,15591,36021,38019,90963,98766,8104,114440,8163,28551,6986,13481,12724
CA,CA3,201911,CLF,3078,71.91682911,0.544184535,1.306312866,"$2,407.21 ",$997.39 ,$581.63 ,$692.16 ,$136.03 ,$0.00 ,52,3,68,53,662,845,6,10,4518699,27266.44488,1549773,1348982,180356,553160,432652,561952,1186660,340581,3038969,129608,113905,106066,62893,91930
CA,CA4,201911,CLF,4406,75.03359056,0.567181117,1.272068316,"$2,874.34 ",$921.17 ,$801.37 ,$974.11 ,$177.68 ,$0.00 ,56,1,112,78,944,1378,8,19,13262234,4850.972611,4615697,4338482,441609,1781058,1352330,1739765,2957709,1601964,9307146,1149887,86507,469799,343744,220875
CA,CA5,201911,CLF,1510,76.41655629,0.550331126,1.215384106,"$4,514.15 ","$2,100.36 ",$835.79 ,"$1,310.97 ",$267.03 ,$0.00 ,16,0,41,12,372,549,2,12,848112,1842.466511,287498,271226,25853,88185,78474,123435,199599,77382,459811,31090,10988,17892,11400,12601
CA,CA6,201911,CLF,353,76.40509915,0.589235128,1.062096317,"$1,927.61 ",$521.08 ,$454.36 ,$733.34 ,$218.83 ,$0.00 ,2,0,4,6,78,91,0,0,443738,2735.137621,156210,144962,13861,52042,46478,64775,99117,45552,244382,21169,6950,15410,8052,19863
CA,CA7,201911,CLF,1252,76.08067093,0.536741214,1.218115815,"$4,267.34 ","$1,726.45 ","$1,133.70 ","$1,164.58 ",$242.61 ,$0.00 ,14,0,51,11,187,390,0,18,883053,8132.256436,295756,267913,39056,139584,77216,92005,257750,84735,576023,15490,21557,24792,18281,31126
CA,CA8,201911,CLF,290,75.87931035,0.527586207,1.075041379,"$4,024.90 ","$1,486.88 ",$956.44 ,"$1,338.57 ",$243.01 ,$0.00 ,2,0,6,4,60,74,0,1,281455,3300.636162,121095,105317,6175,17123,20715,52758,50492,9045,86881,7329,9630,3482,4557,16435
CA,CA9,201911,CLF,381,76.58267717,0.585301837,1.015409449,"$3,706.23 ","$1,913.46 ",$811.38 ,$776.60 ,$204.79 ,$0.00 ,4,0,3,3,91,111,0,1,433212,3281.719108,141155,126052,10475,78816,46650,55515,114125,75432,301974,14534,6567,17221,5984,17741
CA,CA1,201912,CLF,60472,73.95935309,0.57530758,1.120722599,"$1,277.81 ",$453.22 ,$218.14 ,$545.54 ,$60.91 ,$0.00 ,833,27,1399,1419,12253,17371,51,224,3302833,4208.762531,1204884,1118980,106962,286008,279602,439595,726344,216965,1787453,255366,42081,75015,61486,89451
CA,CA10,201912,CLF,193,73.89119171,0.507772021,1.543227979,"$3,413.95 ","$1,568.70 ",$745.82 ,$929.12 ,$170.31 ,$0.00 ,3,1,7,3,55,48,0,1,460477,4824.376542,147791,136106,18321,81345,44779,50391,143528,61208,326860,6561,10023,13317,8274,5426
CA,CA11,201912,CLF,91,74.50549451,0.571428571,1.081516484,"$1,460.40 ",$259.97 ,$363.16 ,$741.51 ,$95.75 ,$0.00 ,1,0,1,1,28,21,0,0,150075,1390.308446,45792,42735,4855,24270,10946,14567,40935,13829,101017,2919,1938,3483,2730,14912
CA,CA12,201912,CLF,1130,73.06371681,0.555752212,2.026916814,"$3,671.65 ","$1,101.71 ",$543.59 ,"$1,875.53 ",$150.83 ,$0.00 ,24,0,26,20,331,443,4,3,978130,5958.095977,328577,304624,41276,147389,92035,114438,279979,108140,686675,23756,12508,28262,25805,16750
CA,CA13,201912,CLF,460,74.07173913,0.506521739,1.366521739,"$3,304.90 ","$1,079.58 ",$908.31 ,"$1,161.22 ",$155.78 ,$0.00 ,6,0,22,3,90,132,0,5,342954,21389.49918,163854,119622,10594,41422,24903,67475,74845,21273,143965,5802,14241,5844,5879,17935
CA,CA14,201912,CLF,681,76.52276065,0.565345081,1.082143906,"$4,646.67 ","$2,299.51 ",$919.54 ,"$1,137.85 ",$289.77 ,$0.00 ,12,0,19,12,122,167,0,9,2255381,3124.860076,789873,749021,60919,189668,113096,295103,502048,188257,1461149,154299,25948,59669,38303,48904
CA,CA15,201912,CLF,93,76.87096774,0.666666667,1.344258065,"$6,333.53 ","$2,540.67 ","$1,393.22 ","$2,263.01 ",$136.64 ,$0.00 ,1,0,4,1,20,30,0,0,269075,1935.645521,84795,79606,14912,48433,23145,29320,80062,34066,193067,3236,5216,7611,5801,5926
CA,CA16,201912,CLF,1514,75.44914135,0.57001321,1.110019815,"$4,124.17 ","$1,764.39 ","$1,148.51 ","$1,021.60 ",$189.67 ,$0.00 ,16,1,47,28,312,385,1,3,4673221,2470.336258,1796567,1692047,128698,373438,232541,689629,936866,360315,2804353,396804,19220,110888,205390,80356
CA,CA17,201912,CLF,148,76.83783784,0.601351351,1.275581081,"$5,090.42 ","$2,880.87 ","$1,031.13 ",$936.74 ,$241.68 ,$0.00 ,4,0,1,4,29,41,1,0,539301,1496.015066,181213,172682,26130,73664,35012,67770,146907,48530,309505,12059,7723,11489,11100,5269
CA,CA18,201912,CLF,316,75.81329114,0.588607595,1.193655063,"$3,217.12 ",$901.64 ,"$1,240.78 ",$880.86 ,$193.84 ,$0.00 ,4,0,9,3,80,81,2,4,732212,1392.385418,241055,226727,28989,96905,53972,89461,201506,62038,494325,20238,8143,16525,14450,15994
CA,CA19,201912,CLF,1042,75.38195777,0.545105566,1.147135317,"$3,796.01 ","$1,809.82 ",$884.41 ,$902.31 ,$199.48 ,$0.00 ,18,1,23,19,188,254,0,6,2291738,5095.099057,896341,819372,75758,168734,134416,335498,532415,114749,1083594,101802,25772,34828,51388,38576
CA,CA2,201912,CLF,1298,71.69260401,0.542372881,1.275053929,"$1,535.05 ",$221.21 ,$324.49 ,$652.60 ,$336.75 ,$0.00 ,11,0,65,9,241,335,0,1,180216,4176.578436,57468,44057,10782,33928,15883,22446,51676,34263,160443,3448,6076,4616,3242,9708
CA,CA20,201912,CLF,165,73.64242424,0.563636364,1.201648485,"$4,016.73 ","$2,185.23 ",$906.01 ,$854.81 ,$70.68 ,$0.00 ,1,0,5,2,39,28,0,0,438530,821.7515515,156896,149067,15346,36031,23696,64390,98813,20223,269660,13520,4468,7695,7541,10444
CA,CA21,201912,CLF,295,76.6,0.583050848,1.216067797,"$6,607.28 ","$4,291.94 ",$989.03 ,"$1,157.07 ",$169.24 ,$0.00 ,4,1,10,3,73,84,1,1,641847,2324.181643,263188,238371,17271,57501,43401,116457,130712,38050,249451,23427,13544,12933,11677,12597
CA,CA22,201912,CLF,82,76.19512195,0.5,1.004609756,"$3,015.10 ","$2,187.15 ",$123.44 ,$561.68 ,$142.83 ,$0.00 ,3,0,2,2,7,18,0,0,171365,1234.545845,62685,58539,6792,22175,14964,23303,45990,13426,84511,4555,4913,3992,3786,2411
CA,CA23,201912,CLF,394,75.52030457,0.525380711,1.027243655,"$3,720.48 ","$1,424.96 ","$1,076.15 ","$1,061.69 ",$157.68 ,$0.00 ,4,0,18,3,64,65,0,4,151906,9005.172163,84579,59685,4117,9269,9764,35175,25619,1701,28770,2723,7154,1011,2769,11716
CA,CA24,201912,CLF,332,74.72289157,0.509036145,1.105674699,"$5,661.11 ","$4,051.28 ",$821.89 ,$711.88 ,$76.06 ,$0.00 ,6,0,9,1,62,71,0,2,428006,8864.022501,193696,163983,16804,39396,35478,79271,91192,17615,138500,10651,26639,6204,11021,9809
CA,CA25,201912,CLF,771,74.89105058,0.520103761,1.015884566,"$2,617.46 ",$809.01 ,$955.25 ,$715.80 ,$137.41 ,$0.00 ,10,1,23,0,130,122,0,4,470990,24672.40534,218386,187277,15591,36021,38019,90963,98766,8104,114440,8163,28551,6986,13481,12724
CA,CA3,201912,CLF,3071,71.97232172,0.544122436,1.295191143,"$2,267.81 ",$816.69 ,$580.40 ,$737.11 ,$133.62 ,$0.00 ,56,2,87,65,664,815,3,8,4518699,27266.44488,1549773,1348982,180356,553160,432652,561952,1186660,340581,3038969,129608,113905,106066,62893,91930
CA,CA4,201912,CLF,4387,75.08479599,0.566902211,1.263330978,"$4,318.54 ","$2,240.23 ",$864.22 ,"$1,015.82 ",$198.27 ,$0.00 ,74,2,106,84,981,1320,3,21,13262234,4850.972611,4615697,4338482,441609,1781058,1352330,1739765,2957709,1601964,9307146,1149887,86507,469799,343744,220875
CA,CA5,201912,CLF,1504,76.49468085,0.549202128,1.206956117,"$4,339.63 ","$2,098.41 ",$760.38 ,"$1,138.39 ",$342.45 ,$0.00 ,23,1,34,14,346,481,1,11,848112,1842.466511,287498,271226,25853,88185,78474,123435,199599,77382,459811,31090,10988,17892,11400,12601
CA,CA6,201912,CLF,351,76.45584046,0.586894587,1.055655271,"$1,767.73 ",$358.64 ,$479.54 ,$771.50 ,$158.05 ,$0.00 ,1,0,10,5,82,103,0,0,443738,2735.137621,156210,144962,13861,52042,46478,64775,99117,45552,244382,21169,6950,15410,8052,19863
CA,CA7,201912,CLF,1244,76.09967846,0.536977492,1.202572347,"$3,853.10 ","$1,318.23 ","$1,214.10 ","$1,017.69 ",$303.07 ,$0.00 ,15,2,38,8,174,354,0,14,883053,8132.256436,295756,267913,39056,139584,77216,92005,257750,84735,576023,15490,21557,24792,18281,31126
CA,CA8,201912,CLF,288,75.87847222,0.524305556,1.065673611,"$2,760.27 ","$1,189.73 ",$522.74 ,$882.34 ,$165.46 ,$0.00 ,4,0,8,8,63,83,1,1,281455,3300.636162,121095,105317,6175,17123,20715,52758,50492,9045,86881,7329,9630,3482,4557,16435
CA,CA9,201912,CLF,380,76.63157895,0.584210526,1.013168421,"$1,999.65 ",$573.90 ,$768.40 ,$477.67 ,$179.69 ,$0.00 ,4,0,6,1,89,101,0,1,433212,3281.719108,141155,126052,10475,78816,46650,55515,114125,75432,301974,14534,6567,17221,5984,17741
CA,CA1,201701,COM,301754,36.05721548,0.517471185,0.946930768,$357.38 ,$74.35 ,$77.28 ,$128.93 ,$76.81 ,$0.00 ,338,87,2275,5844,31214,14118,202,466,3302833,4208.762531,1204884,1118980,106962,286008,279602,439595,726344,216965,1787453,255366,42081,75015,61486,89451
CA,CA1,201701,COM,39,42.1025641,0.615384615,2.471871795,"$1,262.77 ",$312.92 ,$70.00 ,$624.06 ,$255.79 ,$0.00 ,1,0,1,1,4,5,0,0,3302833,4208.762531,1204884,1118980,106962,286008,279602,439595,726344,216965,1787453,255366,42081,75015,61486,89451
CA,CA10,201701,COM,4022,34.03580308,0.461710592,1.1116273,$286.28 ,$13.33 ,$93.73 ,$103.47 ,$75.75 ,$0.00 ,2,0,38,63,531,300,1,11,460477,4824.376542,147791,136106,18321,81345,44779,50391,143528,61208,326860,6561,10023,13317,8274,5426
CA,CA10,201701,COM,5,43.2,0.4,0.8562,$0.62 ,$0.00 ,$0.00 ,$0.00 ,$0.62 ,$0.00 ,0,0,0,0,0,0,0,0,460477,4824.376542,147791,136106,18321,81345,44779,50391,143528,61208,326860,6561,10023,13317,8274,5426
CA,CA11,201701,COM,1082,33.6792976,0.503696858,1.026613678,$436.89 ,$124.79 ,$109.49 ,$143.70 ,$58.92 ,$0.00 ,1,0,11,14,154,76,0,2,150075,1390.308446,45792,42735,4855,24270,10946,14567,40935,13829,101017,2919,1938,3483,2730,14912
CA,CA12,201701,COM,11574,34.09659582,0.506912044,1.060226283,$318.70 ,$58.93 ,$76.77 ,$105.24 ,$77.77 ,$0.00 ,14,1,111,200,1229,953,9,24,978130,5958.095977,328577,304624,41276,147389,92035,114438,279979,108140,686675,23756,12508,28262,25805,16750
CA,CA12,201701,COM,1,41,0,0.33,$0.00 ,$0.00 ,$0.00 ,$0.00 ,$0.00 ,$0.00 ,0,0,0,0,0,0,0,0,978130,5958.095977,328577,304624,41276,147389,92035,114438,279979,108140,686675,23756,12508,28262,25805,16750
CA,CA13,201701,COM,2468,36.4671799,0.494327391,1.096408023,$381.42 ,$103.15 ,$107.09 ,$110.77 ,$60.42 ,$0.00 ,7,0,35,12,237,200,2,9,342954,21389.49918,163854,119622,10594,41422,24903,67475,74845,21273,143965,5802,14241,5844,5879,17935
CA,CA14,201701,COM,114116,34.82212836,0.516579621,0.821389621,$443.00 ,$108.57 ,$117.91 ,$144.19 ,$72.33 ,$0.00 ,70,23,717,869,9140,7318,87,340,2255381,3124.860076,789873,749021,60919,189668,113096,295103,502048,188257,1461149,154299,25948,59669,38303,48904
CA,CA14,201701,COM,18,35.11111111,0.444444444,0.768333333,$191.02 ,$0.00 ,$72.76 ,$111.37 ,$6.90 ,$0.00 ,0,0,0,0,1,2,0,0,2255381,3124.860076,789873,749021,60919,189668,113096,295103,502048,188257,1461149,154299,25948,59669,38303,48904
CA,CA15,201701,COM,2153,34.3358105,0.500232234,1.030379935,$400.83 ,$94.61 ,$140.84 ,$115.56 ,$49.82 ,$0.00 ,4,0,25,37,235,148,1,10,269075,1935.645521,84795,79606,14912,48433,23145,29320,80062,34066,193067,3236,5216,7611,5801,5926
CA,CA16,201701,COM,43,36.60465116,0.372093023,1.867023256,$522.49 ,$0.00 ,$61.65 ,$317.54 ,$143.30 ,$0.00 ,0,0,0,1,5,8,0,0,4673221,2470.336258,1796567,1692047,128698,373438,232541,689629,936866,360315,2804353,396804,19220,110888,205390,80356
CA,CA16,201701,COM,159414,33.43016925,0.502402549,0.915592087,$515.96 ,$141.40 ,$137.33 ,$155.90 ,$81.32 ,$0.00 ,126,48,1277,1935,13359,11737,178,543,4673221,2470.336258,1796567,1692047,128698,373438,232541,689629,936866,360315,2804353,396804,19220,110888,205390,80356
CA,CA17,201701,COM,4733,33.71983943,0.492499472,0.985643778,$437.39 ,$80.30 ,$161.96 ,$116.89 ,$78.25 ,$0.00 ,7,1,55,60,502,242,0,8,539301,1496.015066,181213,172682,26130,73664,35012,67770,146907,48530,309505,12059,7723,11489,11100,5269
CA,CA17,201701,COM,1,33,1,0.452,$0.00 ,$0.00 ,$0.00 ,$0.00 ,$0.00 ,$0.00 ,0,0,0,0,0,0,0,0,539301,1496.015066,181213,172682,26130,73664,35012,67770,146907,48530,309505,12059,7723,11489,11100,5269
CA,CA18,201701,COM,1,31,0,0.127,$0.00 ,$0.00 ,$0.00 ,$0.00 ,$0.00 ,$0.00 ,0,0,0,0,0,0,0,0,732212,1392.385418,241055,226727,28989,96905,53972,89461,201506,62038,494325,20238,8143,16525,14450,15994
CA,CA18,201701,COM,9239,33.60861565,0.497672908,0.955570625,$369.30 ,$73.72 ,$123.10 ,$109.88 ,$62.60 ,$0.00 ,9,3,106,77,920,524,6,43,732212,1392.385418,241055,226727,28989,96905,53972,89461,201506,62038,494325,20238,8143,16525,14450,15994
CA,CA19,201701,COM,32442,34.65353554,0.501633685,0.9027588,$411.20 ,$92.80 ,$122.50 ,$130.12 ,$65.78 ,$0.00 ,35,0,219,351,2475,1773,13,150,2291738,5095.099057,896341,819372,75758,168734,134416,335498,532415,114749,1083594,101802,25772,34828,51388,38576
CA,CA19,201701,COM,25,25.2,0.48,0.77688,$83.84 ,$0.00 ,$0.00 ,$71.35 ,$12.50 ,$0.00 ,0,0,0,0,0,1,0,0,2291738,5095.099057,896341,819372,75758,168734,134416,335498,532415,114749,1083594,101802,25772,34828,51388,38576
CA,CA2,201701,COM,1,62,1,1.503,$0.00 ,$0.00 ,$0.00 ,$0.00 ,$0.00 ,$0.00 ,0,0,0,0,0,0,0,0,180216,4176.578436,57468,44057,10782,33928,15883,22446,51676,34263,160443,3448,6076,4616,3242,9708
CA,CA2,201701,COM,6707,43.61398539,0.450126733,0.727996273,$140.26 ,$49.96 ,$34.48 ,$36.49 ,$19.34 ,$0.00 ,7,0,47,4,122,307,0,5,180216,4176.578436,57468,44057,10782,33928,15883,22446,51676,34263,160443,3448,6076,4616,3242,9708
CA,CA20,201701,COM,4936,38.15559157,0.51012966,1.111245543,$513.79 ,$115.54 ,$213.42 ,$126.79 ,$58.03 ,$0.00 ,11,0,43,60,419,297,1,11,438530,821.7515515,156896,149067,15346,36031,23696,64390,98813,20223,269660,13520,4468,7695,7541,10444
CA,CA21,201701,COM,8,47.375,0.5,0.790375,$21.32 ,$0.00 ,$0.00 ,$13.25 ,$8.07 ,$0.00 ,0,0,0,0,0,1,0,0,641847,2324.181643,263188,238371,17271,57501,43401,116457,130712,38050,249451,23427,13544,12933,11677,12597
CA,CA21,201701,COM,6792,38.38383392,0.49926384,1.018523263,$411.21 ,$65.59 ,$111.23 ,$156.39 ,$77.99 ,$0.00 ,5,0,50,62,497,464,9,17,641847,2324.181643,263188,238371,17271,57501,43401,116457,130712,38050,249451,23427,13544,12933,11677,12597
CA,CA22,201701,COM,1323,36.36205593,0.504913076,1.432320484,$594.14 ,$111.72 ,$196.54 ,$214.33 ,$71.55 ,$0.00 ,2,0,17,8,202,108,4,7,171365,1234.545845,62685,58539,6792,22175,14964,23303,45990,13426,84511,4555,4913,3992,3786,2411
CA,CA23,201701,COM,2,58,0.5,1.819,$356.83 ,$0.00 ,$0.00 ,$328.11 ,$28.72 ,$0.00 ,0,0,0,0,1,1,0,0,151906,9005.172163,84579,59685,4117,9269,9764,35175,25619,1701,28770,2723,7154,1011,2769,11716
CA,CA23,201701,COM,1061,36.67672008,0.498586239,1.17335721,$328.79 ,$39.59 ,$111.20 ,$127.43 ,$50.58 ,$0.00 ,1,1,23,11,100,80,0,2,151906,9005.172163,84579,59685,4117,9269,9764,35175,25619,1701,28770,2723,7154,1011,2769,11716
CA,CA24,201701,COM,5072,41.85212934,0.504929022,1.509016759,$680.96 ,$208.54 ,$224.91 ,$146.67 ,$100.84 ,$0.00 ,11,1,91,50,632,499,5,22,428006,8864.022501,193696,163983,16804,39396,35478,79271,91192,17615,138500,10651,26639,6204,11021,9809
CA,CA25,201701,COM,3,46.33333333,1,5.847,$119.57 ,$0.00 ,$0.00 ,$61.66 ,$57.91 ,$0.00 ,0,0,0,0,1,1,0,0,470990,24672.40534,218386,187277,15591,36021,38019,90963,98766,8104,114440,8163,28551,6986,13481,12724
CA,CA25,201701,COM,4308,35.73282266,0.496982358,1.106163649,$658.79 ,$208.59 ,$239.89 ,$149.62 ,$60.70 ,$0.00 ,3,1,49,18,549,303,3,13,470990,24672.40534,218386,187277,15591,36021,38019,90963,98766,8104,114440,8163,28551,6986,13481,12724
CA,CA3,201701,COM,28,48.32142857,0.678571429,1.7595,"$1,039.50 ",$0.00 ,$479.59 ,$184.08 ,$375.84 ,$0.00 ,0,0,0,0,2,5,0,0,4518699,27266.44488,1549773,1348982,180356,553160,432652,561952,1186660,340581,3038969,129608,113905,106066,62893,91930
CA,CA3,201701,COM,120086,36.25070366,0.500807754,0.812397832,$233.87 ,$51.72 ,$59.19 ,$55.64 ,$67.32 ,$0.00 ,112,17,1064,1717,5629,5549,34,115,4518699,27266.44488,1549773,1348982,180356,553160,432652,561952,1186660,340581,3038969,129608,113905,106066,62893,91930
CA,CA4,201701,COM,103,35.66990291,0.475728155,2.081757282,$431.02 ,$0.00 ,$135.39 ,$236.14 ,$59.49 ,$0.00 ,0,0,0,1,11,5,0,0,13262234,4850.972611,4615697,4338482,441609,1781058,1352330,1739765,2957709,1601964,9307146,1149887,86507,469799,343744,220875
CA,CA4,201701,COM,461321,35.88703744,0.502021369,0.854279612,$291.32 ,$65.97 ,$70.25 ,$76.73 ,$78.36 ,$0.00 ,446,69,3804,5799,27503,27070,251,888,13262234,4850.972611,4615697,4338482,441609,1781058,1352330,1739765,2957709,1601964,9307146,1149887,86507,469799,343744,220875
CA,CA5,201701,COM,24582,35.17374502,0.487836628,0.975947238,$426.37 ,$114.75 ,$114.36 ,$114.19 ,$83.07 ,$0.00 ,21,1,248,305,2088,1905,13,79,848112,1842.466511,287498,271226,25853,88185,78474,123435,199599,77382,459811,31090,10988,17892,11400,12601
CA,CA5,201701,COM,6,34.5,0.5,2.273,"$4,283.43 ","$3,860.17 ",$0.00 ,$303.78 ,$119.48 ,$0.00 ,0,0,0,0,0,1,0,0,848112,1842.466511,287498,271226,25853,88185,78474,123435,199599,77382,459811,31090,10988,17892,11400,12601
CA,,201701,COM,13553,36.65616469,0.503726112,1.045096215,$449.62 ,$138.60 ,$137.92 ,$89.43 ,$83.67 ,$0.00 ,20,8,199,97,1088,815,4,5,443738,2735.137621,156210,144962,13861,52042,46478,64775,99117,45552,244382,21169,6950,15410,8052,19863
CA,,201701,COM,5,52.8,0.4,2.6474,$252.20 ,$0.00 ,$0.00 ,$219.91 ,$32.29 ,$0.00 ,0,0,0,0,0,3,0,0,443738,2735.137621,156210,144962,13861,52042,46478,64775,99117,45552,244382,21169,6950,15410,8052,19863
CA,CA7,201701,COM,8010,33.94269663,0.48164794,1.101113858,$456.31 ,$122.55 ,$141.27 ,$126.92 ,$65.56 ,$0.00 ,13,4,103,169,914,602,5,28,883053,8132.256436,295756,267913,39056,139584,77216,92005,257750,84735,576023,15490,21557,24792,18281,31126
CA,CA7,201701,COM,7,28.71428571,0.428571429,1.244857143,$76.34 ,$0.00 ,$0.00 ,$75.25 ,$1.10 ,$0.00 ,0,0,0,0,1,0,0,0,883053,8132.256436,295756,267913,39056,139584,77216,92005,257750,84735,576023,15490,21557,24792,18281,31126
CA,CA8,201701,COM,5,37.4,0.6,3.7178,$230.69 ,$0.00 ,$58.03 ,$153.96 ,$18.70 ,$0.00 ,0,0,0,0,1,1,0,0,281455,3300.636162,121095,105317,6175,17123,20715,52758,50492,9045,86881,7329,9630,3482,4557,16435
CA,CA8,201701,COM,2947,40.21683068,0.48998982,1.261984391,$465.95 ,$68.84 ,$176.90 ,$113.39 ,$106.82 ,$0.00 ,5,0,35,40,290,241,1,6,281455,3300.636162,121095,105317,6175,17123,20715,52758,50492,9045,86881,7329,9630,3482,4557,16435
CA,CA9,201701,COM,7,48.71428571,0.571428571,0.843142857,$86.58 ,$0.00 ,$0.00 ,$14.77 ,$71.82 ,$0.00 ,0,0,0,0,1,0,0,0,433212,3281.719108,141155,126052,10475,78816,46650,55515,114125,75432,301974,14534,6567,17221,5984,17741
CA,CA9,201701,COM,4490,38.54253898,0.501336303,1.24463029,$486.41 ,$109.03 ,$173.13 ,$129.08 ,$75.16 ,$0.00 ,6,2,56,90,578,390,5,9,433212,3281.719108,141155,126052,10475,78816,46650,55515,114125,75432,301974,14534,6567,17221,5984,17741
CA,CA1,201702,COM,44,40.36363636,0.613636364,2.380363636,"$1,068.70 ",$26.25 ,$420.80 ,$330.39 ,$291.26 ,$0.00 ,1,0,1,0,4,7,0,0,3302833,4208.762531,1204884,1118980,106962,286008,279602,439595,726344,216965,1787453,255366,42081,75015,61486,89451
CA,CA1,201702,COM,308773,36.08036324,0.517159855,0.944010843,$335.44 ,$64.84 ,$76.14 ,$119.56 ,$74.90 ,$0.00 ,348,65,2276,5588,29426,13892,172,438,3302833,4208.762531,1204884,1118980,106962,286008,279602,439595,726344,216965,1787453,255366,42081,75015,61486,89451
CA,CA10,201702,COM,4070,34.04938575,0.461425061,1.107718919,$382.46 ,$69.63 ,$141.97 ,$97.67 ,$73.19 ,$0.00 ,4,2,30,61,528,263,1,10,460477,4824.376542,147791,136106,18321,81345,44779,50391,143528,61208,326860,6561,10023,13317,8274,5426
CA,CA10,201702,COM,5,43.4,0.4,0.8562,$0.00 ,$0.00 ,$0.00 ,$0.00 ,$0.00 ,$0.00 ,0,0,0,0,0,0,0,0,460477,4824.376542,147791,136106,18321,81345,44779,50391,143528,61208,326860,6561,10023,13317,8274,5426
CA,CA11,201702,COM,1103,33.57570263,0.504079782,1.015752493,$370.59 ,$87.74 ,$97.45 ,$130.23 ,$55.17 ,$0.00 ,1,0,17,9,145,75,0,2,150075,1390.308446,45792,42735,4855,24270,10946,14567,40935,13829,101017,2919,1938,3483,2730,14912
CA,CA12,201702,COM,11699,34.09043508,0.505855201,1.057950765,$318.63 ,$49.55 ,$87.51 ,$99.19 ,$82.39 ,$0.00 ,6,0,118,214,1166,915,7,28,978130,5958.095977,328577,304624,41276,147389,92035,114438,279979,108140,686675,23756,12508,28262,25805,16750
CA,CA12,201702,COM,1,41,0,0.33,$0.00 ,$0.00 ,$0.00 ,$0.00 ,$0.00 ,$0.00 ,0,0,0,0,0,0,0,0,978130,5958.095977,328577,304624,41276,147389,92035,114438,279979,108140,686675,23756,12508,28262,25805,16750
CA,CA13,201702,COM,2499,36.41016407,0.493397359,1.100882753,$368.65 ,$75.98 ,$108.47 ,$127.98 ,$56.22 ,$0.00 ,1,1,26,13,233,206,1,8,342954,21389.49918,163854,119622,10594,41422,24903,67475,74845,21273,143965,5802,14241,5844,5879,17935
CA,CA14,201702,COM,116808,34.83025991,0.515726663,0.816790323,$364.95 ,$55.45 ,$115.42 ,$127.02 ,$67.06 ,$0.00 ,65,18,680,783,8623,6868,95,351,2255381,3124.860076,789873,749021,60919,189668,113096,295103,502048,188257,1461149,154299,25948,59669,38303,48904
CA,CA14,201702,COM,19,34.52631579,0.421052632,0.735684211,$105.63 ,$0.00 ,$5.25 ,$93.87 ,$6.52 ,$0.00 ,0,0,0,0,1,0,0,0,2255381,3124.860076,789873,749021,60919,189668,113096,295103,502048,188257,1461149,154299,25948,59669,38303,48904
CA,CA15,201702,COM,2182,34.32355637,0.49908341,1.029871677,$438.96 ,$157.67 ,$103.90 ,$120.36 ,$57.02 ,$0.00 ,1,0,30,43,240,143,3,10,269075,1935.645521,84795,79606,14912,48433,23145,29320,80062,34066,193067,3236,5216,7611,5801,5926
CA,CA16,201702,COM,162487,33.36639239,0.502434041,0.913476414,$459.30 ,$109.08 ,$127.77 ,$147.38 ,$75.07 ,$0.00 ,121,38,1151,1762,13100,11152,179,534,4673221,2470.336258,1796567,1692047,128698,373438,232541,689629,936866,360315,2804353,396804,19220,110888,205390,80356
CA,CA16,201702,COM,47,37.34042553,0.382978723,1.763808511,$425.23 ,$0.00 ,$29.45 ,$263.67 ,$132.10 ,$0.00 ,0,0,0,1,5,4,0,0,4673221,2470.336258,1796567,1692047,128698,373438,232541,689629,936866,360315,2804353,396804,19220,110888,205390,80356
CA,CA17,201702,COM,1,33,1,0.452,$0.00 ,$0.00 ,$0.00 ,$0.00 ,$0.00 ,$0.00 ,0,0,0,0,0,0,0,0,539301,1496.015066,181213,172682,26130,73664,35012,67770,146907,48530,309505,12059,7723,11489,11100,5269
CA,CA17,201702,COM,4818,33.68057285,0.49377335,0.978973433,$451.80 ,$111.56 ,$145.11 ,$122.29 ,$72.83 ,$0.00 ,5,1,40,42,434,260,1,10,539301,1496.015066,181213,172682,26130,73664,35012,67770,146907,48530,309505,12059,7723,11489,11100,5269
CA,CA18,201702,COM,9391,33.5893941,0.498349484,0.953123523,$362.96 ,$55.24 ,$131.84 ,$106.94 ,$68.94 ,$0.00 ,7,1,99,77,842,551,5,48,732212,1392.385418,241055,226727,28989,96905,53972,89461,201506,62038,494325,20238,8143,16525,14450,15994
CA,CA18,201702,COM,2,46,0.5,0.57,$21.32 ,$0.00 ,$0.00 ,$0.00 ,$21.32 ,$0.00 ,0,0,0,0,0,0,0,0,732212,1392.385418,241055,226727,28989,96905,53972,89461,201506,62038,494325,20238,8143,16525,14450,15994
CA,CA19,201702,COM,25,25.2,0.48,0.77688,$113.76 ,$0.00 ,$4.82 ,$97.08 ,$11.86 ,$0.00 ,0,0,0,0,2,2,0,0,2291738,5095.099057,896341,819372,75758,168734,134416,335498,532415,114749,1083594,101802,25772,34828,51388,38576
CA,CA19,201702,COM,32954,34.61652607,0.501426231,0.900381107,$372.28 ,$62.17 ,$128.67 ,$122.56 ,$58.87 ,$0.00 ,26,5,255,341,2392,1705,17,147,2291738,5095.099057,896341,819372,75758,168734,134416,335498,532415,114749,1083594,101802,25772,34828,51388,38576
CA,CA2,201702,COM,1,62,1,1.503,$0.00 ,$0.00 ,$0.00 ,$0.00 ,$0.00 ,$0.00 ,0,0,0,0,0,0,0,0,180216,4176.578436,57468,44057,10782,33928,15883,22446,51676,34263,160443,3448,6076,4616,3242,9708
CA,CA2,201702,COM,7642,43.37974352,0.447657681,0.707742607,$121.72 ,$32.46 ,$37.33 ,$33.69 ,$18.24 ,$0.00 ,3,1,60,11,129,333,0,5,180216,4176.578436,57468,44057,10782,33928,15883,22446,51676,34263,160443,3448,6076,4616,3242,9708
CA,CA20,201702,COM,5005,38.0955045,0.509090909,1.10531009,$575.95 ,$97.25 ,$288.27 ,$130.32 ,$60.10 ,$0.00 ,7,1,38,43,415,274,1,11,438530,821.7515515,156896,149067,15346,36031,23696,64390,98813,20223,269660,13520,4468,7695,7541,10444
CA,CA21,201702,COM,6942,38.28291559,0.498559493,1.014931576,$512.26 ,$91.27 ,$215.50 ,$125.10 ,$80.39 ,$0.00 ,4,0,61,58,451,476,2,18,641847,2324.181643,263188,238371,17271,57501,43401,116457,130712,38050,249451,23427,13544,12933,11677,12597
CA,CA21,201702,COM,8,47.375,0.5,0.790375,$148.47 ,$0.00 ,$0.00 ,$147.23 ,$1.24 ,$0.00 ,0,0,0,0,2,0,0,0,641847,2324.181643,263188,238371,17271,57501,43401,116457,130712,38050,249451,23427,13544,12933,11677,12597
CA,CA22,201702,COM,1348,36.27893175,0.502967359,1.418563056,$486.08 ,$149.48 ,$145.41 ,$116.84 ,$74.35 ,$0.00 ,0,0,11,27,162,93,1,7,171365,1234.545845,62685,58539,6792,22175,14964,23303,45990,13426,84511,4555,4913,3992,3786,2411
CA,CA23,201702,COM,1081,36.76318224,0.497687327,1.166484736,$455.06 ,$151.04 ,$108.48 ,$140.54 ,$55.00 ,$0.00 ,1,0,15,8,103,75,0,2,151906,9005.172163,84579,59685,4117,9269,9764,35175,25619,1701,28770,2723,7154,1011,2769,11716
CA,CA23,201702,COM,3,59.66666667,0.333333333,3.028666667,$4.57 ,$0.00 ,$0.00 ,$0.00 ,$4.57 ,$0.00 ,0,0,0,0,0,0,0,0,151906,9005.172163,84579,59685,4117,9269,9764,35175,25619,1701,28770,2723,7154,1011,2769,11716
CA,CA24,201702,COM,5282,41.41575161,0.504354411,1.479507384,$545.84 ,$92.12 ,$214.82 ,$141.26 ,$97.63 ,$0.00 ,9,2,76,39,627,465,4,23,428006,8864.022501,193696,163983,16804,39396,35478,79271,91192,17615,138500,10651,26639,6204,11021,9809
CA,CA25,201702,COM,3,46.66666667,1,5.847,$213.97 ,$0.00 ,$0.00 ,$204.40 ,$9.57 ,$0.00 ,0,0,0,0,0,0,0,0,470990,24672.40534,218386,187277,15591,36021,38019,90963,98766,8104,114440,8163,28551,6986,13481,12724
CA,CA25,201702,COM,4388,35.67525068,0.496125798,1.100773245,$484.73 ,$134.55 ,$147.54 ,$135.27 ,$67.37 ,$0.00 ,3,3,59,25,540,316,1,14,470990,24672.40534,218386,187277,15591,36021,38019,90963,98766,8104,114440,8163,28551,6986,13481,12724
CA,CA3,201702,COM,124656,36.31026184,0.501460018,0.812198202,$230.40 ,$55.41 ,$57.15 ,$53.95 ,$63.89 ,$0.00 ,134,24,1049,1731,5678,5951,38,122,4518699,27266.44488,1549773,1348982,180356,553160,432652,561952,1186660,340581,3038969,129608,113905,106066,62893,91930
CA,CA3,201702,COM,30,47.03333333,0.633333333,1.660533333,$430.31 ,$0.00 ,$3.80 ,$90.24 ,$336.26 ,$0.00 ,0,0,0,0,6,3,0,0,4518699,27266.44488,1549773,1348982,180356,553160,432652,561952,1186660,340581,3038969,129608,113905,106066,62893,91930
CA,CA4,201702,COM,477896,36.00310109,0.50182048,0.851067481,$276.10 ,$62.09 ,$65.64 ,$72.23 ,$76.14 ,$0.00 ,417,84,3425,5423,26639,27644,280,907,13262234,4850.972611,4615697,4338482,441609,1781058,1352330,1739765,2957709,1601964,9307146,1149887,86507,469799,343744,220875
CA,CA4,201702,COM,106,35.32075472,0.462264151,2.032867925,"$5,583.35 ","$5,168.69 ",$182.63 ,$178.83 ,$53.19 ,$0.00 ,0,0,1,0,12,10,0,1,13262234,4850.972611,4615697,4338482,441609,1781058,1352330,1739765,2957709,1601964,9307146,1149887,86507,469799,343744,220875
CA,CA5,201702,COM,6,34.66666667,0.5,2.273,"$1,585.32 ",$134.50 ,"$1,260.68 ",$110.37 ,$79.76 ,$0.00 ,0,0,0,0,0,0,0,0,848112,1842.466511,287498,271226,25853,88185,78474,123435,199599,77382,459811,31090,10988,17892,11400,12601
CA,CA5,201702,COM,24858,35.14558693,0.487046424,0.972414756,$349.78 ,$75.46 ,$84.47 ,$106.13 ,$83.72 ,$0.00 ,20,5,223,301,2039,1768,21,84,848112,1842.466511,287498,271226,25853,88185,78474,123435,199599,77382,459811,31090,10988,17892,11400,12601
CA,CA6,201702,COM,13704,36.62354057,0.50313777,1.041154772,$344.08 ,$81.02 ,$95.11 ,$82.32 ,$85.64 ,$0.00 ,10,5,155,76,1028,771,5,5,443738,2735.137621,156210,144962,13861,52042,46478,64775,99117,45552,244382,21169,6950,15410,8052,19863
CA,CA6,201702,COM,5,52.8,0.4,2.6474,$802.14 ,$0.00 ,$61.61 ,$730.23 ,$10.30 ,$0.00 ,0,0,0,0,0,1,0,0,443738,2735.137621,156210,144962,13861,52042,46478,64775,99117,45552,244382,21169,6950,15410,8052,19863
CA,CA7,201702,COM,8153,33.90396173,0.481172575,1.100077272,$495.93 ,$124.09 ,$184.43 ,$128.84 ,$58.56 ,$0.00 ,14,1,86,130,856,604,7,34,883053,8132.256436,295756,267913,39056,139584,77216,92005,257750,84735,576023,15490,21557,24792,18281,31126
CA,CA7,201702,COM,7,28.71428571,0.428571429,1.244857143,$132.72 ,$0.00 ,$0.00 ,$68.34 ,$64.38 ,$0.00 ,0,0,0,0,1,0,0,0,883053,8132.256436,295756,267913,39056,139584,77216,92005,257750,84735,576023,15490,21557,24792,18281,31126
CA,CA8,201702,COM,2976,40.15389785,0.489919355,1.256968414,$416.84 ,$60.59 ,$150.35 ,$119.92 ,$85.97 ,$0.00 ,3,1,35,46,254,242,4,8,281455,3300.636162,121095,105317,6175,17123,20715,52758,50492,9045,86881,7329,9630,3482,4557,16435
CA,CA8,201702,COM,5,37.4,0.6,3.7178,$564.00 ,$0.00 ,$70.81 ,$479.46 ,$13.73 ,$0.00 ,0,0,0,0,1,0,0,0,281455,3300.636162,121095,105317,6175,17123,20715,52758,50492,9045,86881,7329,9630,3482,4557,16435
CA,CA9,201702,COM,7,48.71428571,0.571428571,0.843142857,$57.58 ,$0.00 ,$0.00 ,$34.32 ,$23.26 ,$0.00 ,0,0,0,0,0,0,0,0,433212,3281.719108,141155,126052,10475,78816,46650,55515,114125,75432,301974,14534,6567,17221,5984,17741
CA,CA9,201702,COM,4559,38.43057688,0.500767712,1.234257951,$598.59 ,$247.59 ,$140.88 ,$129.66 ,$80.46 ,$0.00 ,3,0,46,52,465,368,1,8,433212,3281.719108,141155,126052,10475,78816,46650,55515,114125,75432,301974,14534,6567,17221,5984,17741
CA,CA1,201703,COM,315937,36.09299322,0.516732766,0.940447773,$407.85 ,$82.30 ,$93.61 ,$138.51 ,$93.44 ,$0.00 ,379,98,2486,6088,33270,16480,240,484,3302833,4208.762531,1204884,1118980,106962,286008,279602,439595,726344,216965,1787453,255366,42081,75015,61486,89451
CA,CA1,201703,COM,47,39.61702128,0.595744681,2.260106383,"$2,393.39 ","$1,660.75 ",$26.16 ,$418.77 ,$287.72 ,$0.00 ,1,0,0,1,6,6,0,0,3302833,4208.762531,1204884,1118980,106962,286008,279602,439595,726344,216965,1787453,255366,42081,75015,61486,89451
CA,CA10,201703,COM,4143,34.01568911,0.46198407,1.10628337,$415.79 ,$112.44 ,$108.34 ,$119.24 ,$75.76 ,$0.00 ,6,2,37,55,530,323,1,11,460477,4824.376542,147791,136106,18321,81345,44779,50391,143528,61208,326860,6561,10023,13317,8274,5426
CA,CA10,201703,COM,5,43.4,0.4,0.8562,$0.00 ,$0.00 ,$0.00 ,$0.00 ,$0.00 ,$0.00 ,0,0,0,0,0,0,0,0,460477,4824.376542,147791,136106,18321,81345,44779,50391,143528,61208,326860,6561,10023,13317,8274,5426
CA,CA11,201703,COM,1113,33.62264151,0.504043127,1.012358491,$409.74 ,$48.10 ,$196.71 ,$106.21 ,$58.72 ,$0.00 ,2,1,12,15,162,92,1,2,150075,1390.308446,45792,42735,4855,24270,10946,14567,40935,13829,101017,2919,1938,3483,2730,14912
CA,CA12,201703,COM,11801,34.08482332,0.505211423,1.056538429,$391.78 ,$70.57 ,$110.89 ,$119.90 ,$90.42 ,$0.00 ,10,3,126,211,1358,1097,7,26,978130,5958.095977,328577,304624,41276,147389,92035,114438,279979,108140,686675,23756,12508,28262,25805,16750
CA,CA12,201703,COM,1,41,0,0.33,$0.00 ,$0.00 ,$0.00 ,$0.00 ,$0.00 ,$0.00 ,0,0,0,0,0,0,0,0,978130,5958.095977,328577,304624,41276,147389,92035,114438,279979,108140,686675,23756,12508,28262,25805,16750
CA,CA13,201703,COM,2553,36.52056404,0.495887192,1.096824912,$321.18 ,$56.73 ,$81.78 ,$121.33 ,$61.35 ,$0.00 ,3,0,23,19,260,237,1,7,342954,21389.49918,163854,119622,10594,41422,24903,67475,74845,21273,143965,5802,14241,5844,5879,17935
CA,CA14,201703,COM,19,34.57894737,0.421052632,0.735684211,"$1,490.78 ",$0.00 ,$763.74 ,$595.18 ,$131.86 ,$0.00 ,0,0,0,0,2,3,0,0,2255381,3124.860076,789873,749021,60919,189668,113096,295103,502048,188257,1461149,154299,25948,59669,38303,48904
CA,CA14,201703,COM,119667,34.86083883,0.515589093,0.811594667,$446.02 ,$75.74 ,$133.12 ,$154.80 ,$82.36 ,$0.00 ,69,36,746,1016,10119,8308,154,379,2255381,3124.860076,789873,749021,60919,189668,113096,295103,502048,188257,1461149,154299,25948,59669,38303,48904
CA,CA15,201703,COM,2202,34.32561308,0.499091735,1.025370118,$456.23 ,$45.91 ,$200.10 ,$136.91 ,$73.31 ,$0.00 ,3,0,29,38,269,172,1,11,269075,1935.645521,84795,79606,14912,48433,23145,29320,80062,34066,193067,3236,5216,7611,5801,5926
CA,CA16,201703,COM,48,37.08333333,0.375,1.729833333,$619.71 ,$0.00 ,$94.13 ,$262.23 ,$263.35 ,$0.00 ,0,0,1,0,5,6,0,0,4673221,2470.336258,1796567,1692047,128698,373438,232541,689629,936866,360315,2804353,396804,19220,110888,205390,80356
CA,CA16,201703,COM,165026,33.33143868,0.502199653,0.912023463,$519.68 ,$102.82 ,$154.93 ,$175.14 ,$86.78 ,$0.00 ,113,36,1302,1923,15278,13118,187,581,4673221,2470.336258,1796567,1692047,128698,373438,232541,689629,936866,360315,2804353,396804,19220,110888,205390,80356
CA,CA17,201703,COM,1,34,1,0.452,$0.00 ,$0.00 ,$0.00 ,$0.00 ,$0.00 ,$0.00 ,0,0,0,0,0,0,0,0,539301,1496.015066,181213,172682,26130,73664,35012,67770,146907,48530,309505,12059,7723,11489,11100,5269
CA,CA17,201703,COM,4883,33.68093385,0.494368216,0.976466107,$490.09 ,$109.80 ,$168.71 ,$117.12 ,$94.47 ,$0.00 ,4,2,65,55,491,288,3,9,539301,1496.015066,181213,172682,26130,73664,35012,67770,146907,48530,309505,12059,7723,11489,11100,5269
CA,CA18,201703,COM,9563,33.53163233,0.498692879,0.950337133,$398.51 ,$83.94 ,$124.69 ,$121.58 ,$68.30 ,$0.00 ,6,2,105,78,929,621,6,46,732212,1392.385418,241055,226727,28989,96905,53972,89461,201506,62038,494325,20238,8143,16525,14450,15994
CA,CA18,201703,COM,2,46,0.5,0.57,$0.00 ,$0.00 ,$0.00 ,$0.00 ,$0.00 ,$0.00 ,0,0,0,0,0,0,0,0,732212,1392.385418,241055,226727,28989,96905,53972,89461,201506,62038,494325,20238,8143,16525,14450,15994
CA,CA19,201703,COM,25,25.28,0.48,0.77688,$257.31 ,$0.00 ,$29.03 ,$169.45 ,$58.83 ,$0.00 ,0,0,0,0,4,1,0,0,2291738,5095.099057,896341,819372,75758,168734,134416,335498,532415,114749,1083594,101802,25772,34828,51388,38576
CA,CA19,201703,COM,33325,34.59498875,0.501305326,0.89939922,$489.22 ,$127.30 ,$143.77 ,$149.53 ,$68.63 ,$0.00 ,35,0,279,365,2685,1998,26,165,2291738,5095.099057,896341,819372,75758,168734,134416,335498,532415,114749,1083594,101802,25772,34828,51388,38576
CA,CA2,201703,COM,8758,43.12970998,0.438456269,0.672277004,$136.40 ,$25.58 ,$48.55 ,$42.15 ,$20.11 ,$0.00 ,5,1,78,10,118,370,1,4,180216,4176.578436,57468,44057,10782,33928,15883,22446,51676,34263,160443,3448,6076,4616,3242,9708
CA,CA2,201703,COM,1,62,1,1.503,$0.00 ,$0.00 ,$0.00 ,$0.00 ,$0.00 ,$0.00 ,0,0,0,0,0,0,0,0,180216,4176.578436,57468,44057,10782,33928,15883,22446,51676,34263,160443,3448,6076,4616,3242,9708
CA,,201703,COM,5065,38.08035538,0.509378085,1.099472063,$675.81 ,$152.31 ,$312.79 ,$139.21 ,$71.50 ,$0.00 ,7,0,58,46,479,351,3,13,438530,821.7515515,156896,149067,15346,36031,23696,64390,98813,20223,269660,13520,4468,7695,7541,10444
CA,CA21,201703,COM,8,47.375,0.5,0.790375,$171.16 ,$0.00 ,$0.00 ,$160.00 ,$11.16 ,$0.00 ,0,0,0,0,1,1,0,0,641847,2324.181643,263188,238371,17271,57501,43401,116457,130712,38050,249451,23427,13544,12933,11677,12597
CA,CA21,201703,COM,7014,38.23410322,0.499144568,1.012859281,$579.63 ,$110.86 ,$227.26 ,$159.90 ,$81.62 ,$0.00 ,12,0,57,51,583,557,2,24,641847,2324.181643,263188,238371,17271,57501,43401,116457,130712,38050,249451,23427,13544,12933,11677,12597
CA,CA22,201703,COM,1374,36.16157205,0.502183406,1.403972344,$597.78 ,$58.31 ,$259.49 ,$195.35 ,$84.63 ,$0.00 ,1,0,23,14,218,112,0,8,171365,1234.545845,62685,58539,6792,22175,14964,23303,45990,13426,84511,4555,4913,3992,3786,2411
CA,CA23,201703,COM,3,59.66666667,0.333333333,3.028666667,$711.67 ,$0.00 ,$344.28 ,$351.36 ,$16.02 ,$0.00 ,0,0,0,0,2,1,0,0,151906,9005.172163,84579,59685,4117,9269,9764,35175,25619,1701,28770,2723,7154,1011,2769,11716
CA,CA23,201703,COM,1092,36.82692308,0.498168498,1.161498169,$667.76 ,$188.44 ,$205.22 ,$171.17 ,$102.94 ,$0.00 ,1,1,15,15,123,99,0,2,151906,9005.172163,84579,59685,4117,9269,9764,35175,25619,1701,28770,2723,7154,1011,2769,11716
CA,CA24,201703,COM,5340,41.33970038,0.504307116,1.476547378,$754.03 ,$189.31 ,$263.50 ,$191.02 ,$110.20 ,$0.00 ,9,5,81,57,728,534,9,25,428006,8864.022501,193696,163983,16804,39396,35478,79271,91192,17615,138500,10651,26639,6204,11021,9809
CA,CA25,201703,COM,4451,35.64030555,0.494944956,1.094128735,$541.07 ,$135.21 ,$186.70 ,$142.34 ,$76.82 ,$0.00 ,12,1,73,28,602,356,1,14,470990,24672.40534,218386,187277,15591,36021,38019,90963,98766,8104,114440,8163,28551,6986,13481,12724
CA,CA25,201703,COM,3,46.66666667,1,5.847,$253.44 ,$0.00 ,$0.00 ,$215.85 ,$37.59 ,$0.00 ,0,0,0,1,1,1,0,0,470990,24672.40534,218386,187277,15591,36021,38019,90963,98766,8104,114440,8163,28551,6986,13481,12724
CA,CA3,201703,COM,128818,36.38688693,0.50088497,0.809319482,$296.04 ,$90.34 ,$69.40 ,$64.61 ,$71.69 ,$0.00 ,152,24,1207,1861,6341,7132,54,134,4518699,27266.44488,1549773,1348982,180356,553160,432652,561952,1186660,340581,3038969,129608,113905,106066,62893,91930
CA,CA3,201703,COM,31,46.35483871,0.612903226,1.683387097,$293.88 ,$0.00 ,$49.29 ,$95.39 ,$149.20 ,$0.00 ,0,0,0,0,3,5,0,0,4518699,27266.44488,1549773,1348982,180356,553160,432652,561952,1186660,340581,3038969,129608,113905,106066,62893,91930
CA,CA4,201703,COM,494147,36.07789787,0.501284031,0.84577207,$321.04 ,$75.64 ,$76.71 ,$83.99 ,$84.70 ,$0.00 ,515,74,4071,6245,30318,33536,327,984,13262234,4850.972611,4615697,4338482,441609,1781058,1352330,1739765,2957709,1601964,9307146,1149887,86507,469799,343744,220875
CA,CA4,201703,COM,110,35.05454546,0.463636364,1.9685,$654.43 ,$0.00 ,$200.33 ,$237.58 ,$216.51 ,$0.00 ,0,0,0,2,10,7,0,1,13262234,4850.972611,4615697,4338482,441609,1781058,1352330,1739765,2957709,1601964,9307146,1149887,86507,469799,343744,220875
CA,CA5,201703,COM,25267,35.1099062,0.48703843,0.968080579,$409.58 ,$63.92 ,$120.04 ,$128.11 ,$97.50 ,$0.00 ,22,4,213,295,2209,2069,28,83,848112,1842.466511,287498,271226,25853,88185,78474,123435,199599,77382,459811,31090,10988,17892,11400,12601
CA,CA5,201703,COM,6,34.66666667,0.5,2.273,$829.46 ,$0.00 ,$736.00 ,$25.25 ,$68.21 ,$0.00 ,0,0,0,0,1,0,0,0,848112,1842.466511,287498,271226,25853,88185,78474,123435,199599,77382,459811,31090,10988,17892,11400,12601
CA,CA6,201703,COM,5,52.8,0.4,2.6474,$449.75 ,$0.00 ,$0.00 ,$428.91 ,$20.84 ,$0.00 ,0,0,0,0,2,1,0,0,443738,2735.137621,156210,144962,13861,52042,46478,64775,99117,45552,244382,21169,6950,15410,8052,19863
CA,CA6,201703,COM,13894,36.57067799,0.503382755,1.037057291,$393.11 ,$67.28 ,$134.55 ,$96.03 ,$95.25 ,$0.00 ,9,6,214,162,1288,853,2,7,443738,2735.137621,156210,144962,13861,52042,46478,64775,99117,45552,244382,21169,6950,15410,8052,19863
CA,CA7,201703,COM,8270,33.86154776,0.480290206,1.096920556,$493.66 ,$132.88 ,$141.83 ,$142.95 ,$76.00 ,$0.00 ,9,0,87,143,954,692,9,32,883053,8132.256436,295756,267913,39056,139584,77216,92005,257750,84735,576023,15490,21557,24792,18281,31126
CA,CA7,201703,COM,7,28.71428571,0.428571429,1.244857143,$150.74 ,$0.00 ,$54.79 ,$66.27 ,$29.69 ,$0.00 ,0,0,0,0,1,0,0,0,883053,8132.256436,295756,267913,39056,139584,77216,92005,257750,84735,576023,15490,21557,24792,18281,31126
CA,CA8,201703,COM,5,37.6,0.6,3.7178,$916.24 ,$0.00 ,$95.38 ,$745.42 ,$75.45 ,$0.00 ,0,0,0,1,3,2,0,0,281455,3300.636162,121095,105317,6175,17123,20715,52758,50492,9045,86881,7329,9630,3482,4557,16435
CA,CA8,201703,COM,3006,40.14271457,0.489687292,1.254282768,$535.98 ,$105.39 ,$192.17 ,$155.38 ,$83.05 ,$0.00 ,6,3,44,60,313,280,1,8,281455,3300.636162,121095,105317,6175,17123,20715,52758,50492,9045,86881,7329,9630,3482,4557,16435
CA,CA9,201703,COM,4596,38.40818103,0.500435161,1.228999565,$697.66 ,$177.77 ,$277.67 ,$148.87 ,$93.35 ,$0.00 ,5,0,57,95,593,457,8,10,433212,3281.719108,141155,126052,10475,78816,46650,55515,114125,75432,301974,14534,6567,17221,5984,17741
CA,CA9,201703,COM,7,48.85714286,0.571428571,0.843142857,$142.78 ,$0.00 ,$0.00 ,$70.77 ,$72.02 ,$0.00 ,0,0,0,0,1,1,0,0,433212,3281.719108,141155,126052,10475,78816,46650,55515,114125,75432,301974,14534,6567,17221,5984,17741
CA,CA1,201704,COM,315819,36.16143107,0.516735852,0.940696583,$345.53 ,$75.61 ,$77.41 ,$110.93 ,$81.58 ,$0.00 ,443,68,2513,6092,27922,15822,210,476,3302833,4208.762531,1204884,1118980,106962,286008,279602,439595,726344,216965,1787453,255366,42081,75015,61486,89451
CA,CA1,201704,COM,47,39.70212766,0.595744681,2.260106383,$592.76 ,$0.00 ,$71.44 ,$274.99 ,$246.33 ,$0.00 ,0,0,1,2,7,6,0,0,3302833,4208.762531,1204884,1118980,106962,286008,279602,439595,726344,216965,1787453,255366,42081,75015,61486,89451
CA,CA10,201704,COM,5,43.4,0.4,0.8562,$0.00 ,$0.00 ,$0.00 ,$0.00 ,$0.00 ,$0.00 ,0,0,0,0,0,0,0,0,460477,4824.376542,147791,136106,18321,81345,44779,50391,143528,61208,326860,6561,10023,13317,8274,5426
CA,CA10,201704,COM,4143,34.05623944,0.46198407,1.108134202,$436.43 ,$75.90 ,$164.27 ,$127.93 ,$68.33 ,$0.00 ,3,4,44,56,525,321,3,11,460477,4824.376542,147791,136106,18321,81345,44779,50391,143528,61208,326860,6561,10023,13317,8274,5426
CA,CA11,201704,COM,1113,33.67924528,0.504043127,1.012358491,$268.22 ,$17.86 ,$110.08 ,$85.34 ,$54.94 ,$0.00 ,1,0,20,10,141,82,1,1,150075,1390.308446,45792,42735,4855,24270,10946,14567,40935,13829,101017,2919,1938,3483,2730,14912
CA,CA12,201704,COM,1,41,0,0.33,$0.00 ,$0.00 ,$0.00 ,$0.00 ,$0.00 ,$0.00 ,0,0,0,0,0,0,0,0,978130,5958.095977,328577,304624,41276,147389,92035,114438,279979,108140,686675,23756,12508,28262,25805,16750
CA,CA12,201704,COM,11800,34.13415254,0.505169492,1.055715593,$336.43 ,$58.63 ,$87.71 ,$107.44 ,$82.65 ,$0.00 ,6,1,113,176,1142,945,7,25,978130,5958.095977,328577,304624,41276,147389,92035,114438,279979,108140,686675,23756,12508,28262,25805,16750
CA,CA13,201704,COM,2552,36.58659875,0.496081505,1.09720337,$339.40 ,$54.63 ,$132.65 ,$91.20 ,$60.91 ,$0.00 ,1,0,42,14,221,220,2,12,342954,21389.49918,163854,119622,10594,41422,24903,67475,74845,21273,143965,5802,14241,5844,5879,17935
CA,CA14,201704,COM,119696,34.91147574,0.51556443,0.811502039,$379.48 ,$56.92 ,$112.87 ,$134.23 ,$75.46 ,$0.00 ,53,32,780,873,8483,7305,144,353,2255381,3124.860076,789873,749021,60919,189668,113096,295103,502048,188257,1461149,154299,25948,59669,38303,48904
CA,CA14,201704,COM,19,34.68421053,0.421052632,0.735684211,$164.80 ,$0.00 ,$20.53 ,$140.90 ,$3.37 ,$0.00 ,0,0,0,0,3,3,0,0,2255381,3124.860076,789873,749021,60919,189668,113096,295103,502048,188257,1461149,154299,25948,59669,38303,48904
CA,CA15,201704,COM,2202,34.38737511,0.499091735,1.025370118,$651.17 ,$226.57 ,$223.18 ,$153.94 ,$47.48 ,$0.00 ,5,0,34,29,219,158,0,11,269075,1935.645521,84795,79606,14912,48433,23145,29320,80062,34066,193067,3236,5216,7611,5801,5926
CA,CA16,201704,COM,165041,33.38237165,0.50222066,0.912007332,$471.24 ,$96.56 ,$145.42 ,$147.48 ,$81.78 ,$0.00 ,129,43,1305,1837,12820,11504,198,551,4673221,2470.336258,1796567,1692047,128698,373438,232541,689629,936866,360315,2804353,396804,19220,110888,205390,80356
CA,CA16,201704,COM,48,37.10416667,0.375,1.729833333,$441.95 ,$0.00 ,$49.59 ,$354.39 ,$37.97 ,$0.00 ,0,0,0,1,4,9,0,0,4673221,2470.336258,1796567,1692047,128698,373438,232541,689629,936866,360315,2804353,396804,19220,110888,205390,80356
CA,CA17,201704,COM,1,34,1,0.452,$0.00 ,$0.00 ,$0.00 ,$0.00 ,$0.00 ,$0.00 ,0,0,0,0,0,0,0,0,539301,1496.015066,181213,172682,26130,73664,35012,67770,146907,48530,309505,12059,7723,11489,11100,5269
CA,CA17,201704,COM,4882,33.73596887,0.49446948,0.976531544,$423.03 ,$81.61 ,$145.48 ,$100.95 ,$95.00 ,$0.00 ,3,1,57,42,452,270,0,6,539301,1496.015066,181213,172682,26130,73664,35012,67770,146907,48530,309505,12059,7723,11489,11100,5269
CA,CA18,201704,COM,2,46,0.5,0.57,$0.00 ,$0.00 ,$0.00 ,$0.00 ,$0.00 ,$0.00 ,0,0,0,0,0,0,0,0,732212,1392.385418,241055,226727,28989,96905,53972,89461,201506,62038,494325,20238,8143,16525,14450,15994
CA,CA18,201704,COM,9564,33.59107068,0.498745295,0.95030322,$431.83 ,$128.75 ,$118.64 ,$119.37 ,$65.08 ,$0.00 ,17,3,105,65,796,584,5,45,732212,1392.385418,241055,226727,28989,96905,53972,89461,201506,62038,494325,20238,8143,16525,14450,15994
CA,CA19,201704,COM,25,25.4,0.48,0.77688,$139.95 ,$0.00 ,$0.00 ,$135.31 ,$4.63 ,$0.00 ,0,0,0,0,3,4,0,0,2291738,5095.099057,896341,819372,75758,168734,134416,335498,532415,114749,1083594,101802,25772,34828,51388,38576
CA,CA19,201704,COM,33326,34.65945508,0.501260277,0.899459341,$393.76 ,$73.61 ,$122.47 ,$129.78 ,$67.89 ,$0.00 ,21,3,243,365,2262,1822,28,148,2291738,5095.099057,896341,819372,75758,168734,134416,335498,532415,114749,1083594,101802,25772,34828,51388,38576
CA,CA2,201704,COM,8764,43.21268827,0.438384299,0.672145025,$162.29 ,$62.67 ,$33.89 ,$46.11 ,$19.62 ,$0.00 ,8,0,69,10,110,346,0,3,180216,4176.578436,57468,44057,10782,33928,15883,22446,51676,34263,160443,3448,6076,4616,3242,9708
CA,CA2,201704,COM,1,62,1,1.503,$507.11 ,$0.00 ,$0.00 ,$498.39 ,$8.72 ,$0.00 ,0,0,0,0,0,0,0,0,180216,4176.578436,57468,44057,10782,33928,15883,22446,51676,34263,160443,3448,6076,4616,3242,9708
CA,CA20,201704,COM,5065,38.14215202,0.509575518,1.099204344,$773.36 ,$170.83 ,$388.43 ,$147.71 ,$66.40 ,$0.00 ,10,3,56,57,427,305,1,14,438530,821.7515515,156896,149067,15346,36031,23696,64390,98813,20223,269660,13520,4468,7695,7541,10444
CA,CA21,201704,COM,8,47.375,0.5,0.790375,$86.33 ,$0.00 ,$0.00 ,$86.33 ,$0.00 ,$0.00 ,0,0,0,0,0,0,0,0,641847,2324.181643,263188,238371,17271,57501,43401,116457,130712,38050,249451,23427,13544,12933,11677,12597
CA,CA21,201704,COM,7008,38.2932363,0.499143836,1.013139412,$512.26 ,$146.40 ,$152.30 ,$135.04 ,$78.52 ,$0.00 ,6,0,57,42,515,497,9,22,641847,2324.181643,263188,238371,17271,57501,43401,116457,130712,38050,249451,23427,13544,12933,11677,12597
CA,CA22,201704,COM,1373,36.22505463,0.50182083,1.404709396,$602.77 ,$102.04 ,$154.57 ,$274.34 ,$71.83 ,$0.00 ,3,0,10,13,184,100,2,9,171365,1234.545845,62685,58539,6792,22175,14964,23303,45990,13426,84511,4555,4913,3992,3786,2411
CA,CA23,201704,COM,1092,36.89377289,0.498168498,1.161498169,$472.76 ,$149.68 ,$109.51 ,$149.58 ,$63.99 ,$0.00 ,4,0,19,6,106,91,1,2,151906,9005.172163,84579,59685,4117,9269,9764,35175,25619,1701,28770,2723,7154,1011,2769,11716
CA,CA23,201704,COM,3,59.66666667,0.333333333,3.028666667,"$5,066.77 ",$0.00 ,"$4,117.81 ",$927.72 ,$21.24 ,$0.00 ,0,0,0,0,1,2,0,0,151906,9005.172163,84579,59685,4117,9269,9764,35175,25619,1701,28770,2723,7154,1011,2769,11716
CA,CA24,201704,COM,5340,41.38333333,0.504307116,1.476552247,$806.76 ,$216.71 ,$301.65 ,$176.50 ,$111.91 ,$0.00 ,9,4,77,40,629,536,4,25,428006,8864.022501,193696,163983,16804,39396,35478,79271,91192,17615,138500,10651,26639,6204,11021,9809
CA,CA25,201704,COM,4451,35.71422152,0.494944956,1.094128735,$430.94 ,$66.32 ,$178.51 ,$120.00 ,$66.11 ,$0.00 ,4,1,69,22,503,282,0,13,470990,24672.40534,218386,187277,15591,36021,38019,90963,98766,8104,114440,8163,28551,6986,13481,12724
CA,CA25,201704,COM,3,47,1,5.847,"$9,933.69 ","$8,142.55 ",$16.77 ,"$1,729.49 ",$44.87 ,$0.00 ,0,0,0,0,2,0,0,0,470990,24672.40534,218386,187277,15591,36021,38019,90963,98766,8104,114440,8163,28551,6986,13481,12724
CA,CA3,201704,COM,128820,36.44433318,0.500900481,0.809235724,$239.97 ,$51.22 ,$66.72 ,$55.05 ,$66.98 ,$0.00 ,99,20,1248,1774,5552,6526,52,134,4518699,27266.44488,1549773,1348982,180356,553160,432652,561952,1186660,340581,3038969,129608,113905,106066,62893,91930
CA,CA3,201704,COM,31,46.41935484,0.612903226,1.683387097,$380.35 ,$0.00 ,$49.71 ,$73.66 ,$256.98 ,$0.00 ,0,0,0,0,5,3,0,0,4518699,27266.44488,1549773,1348982,180356,553160,432652,561952,1186660,340581,3038969,129608,113905,106066,62893,91930
CA,CA4,201704,COM,494126,36.1359208,0.501287121,0.845768851,$287.64 ,$64.33 ,$70.10 ,$73.50 ,$79.70 ,$0.00 ,496,80,3880,5834,25343,30360,335,935,13262234,4850.972611,4615697,4338482,441609,1781058,1352330,1739765,2957709,1601964,9307146,1149887,86507,469799,343744,220875
CA,CA4,201704,COM,110,35.15454546,0.463636364,1.9685,"$1,122.24 ",$377.95 ,$282.48 ,$266.15 ,$195.67 ,$0.00 ,0,0,3,0,10,11,1,0,13262234,4850.972611,4615697,4338482,441609,1781058,1352330,1739765,2957709,1601964,9307146,1149887,86507,469799,343744,220875
CA,CA5,201704,COM,6,34.83333333,0.5,2.273,$986.05 ,$0.00 ,$512.00 ,$421.55 ,$52.51 ,$0.00 ,0,0,0,0,0,2,0,0,848112,1842.466511,287498,271226,25853,88185,78474,123435,199599,77382,459811,31090,10988,17892,11400,12601
CA,CA5,201704,COM,25263,35.1622531,0.487075961,0.968169932,$348.26 ,$68.39 ,$94.45 ,$102.26 ,$83.16 ,$0.00 ,20,4,228,290,1914,1880,26,85,848112,1842.466511,287498,271226,25853,88185,78474,123435,199599,77382,459811,31090,10988,17892,11400,12601
CA,CA6,201704,COM,13892,36.63669738,0.503383242,1.03712518,$492.58 ,$191.53 ,$117.59 ,$94.50 ,$88.97 ,$0.00 ,14,5,176,80,1158,821,3,5,443738,2735.137621,156210,144962,13861,52042,46478,64775,99117,45552,244382,21169,6950,15410,8052,19863
CA,CA6,201704,COM,5,53,0.4,2.6474,$2.06 ,$0.00 ,$0.00 ,$0.00 ,$2.06 ,$0.00 ,0,0,0,0,0,0,0,0,443738,2735.137621,156210,144962,13861,52042,46478,64775,99117,45552,244382,21169,6950,15410,8052,19863
CA,CA7,201704,COM,8272,33.92057544,0.480415861,1.096686654,$524.22 ,$175.41 ,$144.84 ,$133.51 ,$70.46 ,$0.00 ,11,3,96,127,874,635,8,33,883053,8132.256436,295756,267913,39056,139584,77216,92005,257750,84735,576023,15490,21557,24792,18281,31126
CA,CA7,201704,COM,7,28.85714286,0.428571429,1.244857143,$40.90 ,$0.00 ,$0.00 ,$37.49 ,$3.41 ,$0.00 ,0,0,0,0,0,0,0,0,883053,8132.256436,295756,267913,39056,139584,77216,92005,257750,84735,576023,15490,21557,24792,18281,31126
CA,CA8,201704,COM,5,37.6,0.6,3.7178,"$5,427.84 ","$3,707.77 ",$551.14 ,"$1,148.20 ",$20.73 ,$0.00 ,0,0,0,0,3,2,0,0,281455,3300.636162,121095,105317,6175,17123,20715,52758,50492,9045,86881,7329,9630,3482,4557,16435
CA,CA8,201704,COM,3007,40.19620885,0.489857,1.254863319,$416.09 ,$39.19 ,$157.57 ,$117.11 ,$102.21 ,$0.00 ,6,1,27,56,271,240,3,8,281455,3300.636162,121095,105317,6175,17123,20715,52758,50492,9045,86881,7329,9630,3482,4557,16435
CA,CA9,201704,COM,4597,38.4570372,0.500543833,1.230422667,$469.37 ,$92.73 ,$158.04 ,$127.82 ,$90.79 ,$0.00 ,6,0,49,83,522,407,3,10,433212,3281.719108,141155,126052,10475,78816,46650,55515,114125,75432,301974,14534,6567,17221,5984,17741
CA,CA9,201704,COM,7,49.14285714,0.571428571,0.843142857,$779.10 ,$0.00 ,$487.58 ,$205.86 ,$85.67 ,$0.00 ,0,0,0,0,1,0,0,0,433212,3281.719108,141155,126052,10475,78816,46650,55515,114125,75432,301974,14534,6567,17221,5984,17741
CA,CA1,201705,COM,315878,36.23208644,0.516737475,0.940519881,$385.47 ,$81.51 ,$88.87 ,$123.18 ,$91.91 ,$0.00 ,459,77,2492,5693,31351,17382,219,503,3302833,4208.762531,1204884,1118980,106962,286008,279602,439595,726344,216965,1787453,255366,42081,75015,61486,89451
CA,CA1,201705,COM,47,39.76595745,0.595744681,2.260106383,$991.27 ,$0.00 ,$105.29 ,$614.53 ,$271.44 ,$0.00 ,0,0,1,1,7,8,0,0,3302833,4208.762531,1204884,1118980,106962,286008,279602,439595,726344,216965,1787453,255366,42081,75015,61486,89451
CA,CA10,201705,COM,4143,34.09944485,0.46198407,1.108134202,$387.13 ,$62.12 ,$129.89 ,$118.44 ,$76.68 ,$0.00 ,1,2,32,50,549,317,4,13,460477,4824.376542,147791,136106,18321,81345,44779,50391,143528,61208,326860,6561,10023,13317,8274,5426
CA,CA10,201705,COM,5,43.4,0.4,0.8562,$21.14 ,$0.00 ,$0.00 ,$21.14 ,$0.00 ,$0.00 ,0,0,0,0,1,0,0,0,460477,4824.376542,147791,136106,18321,81345,44779,50391,143528,61208,326860,6561,10023,13317,8274,5426
CA,CA11,201705,COM,1114,33.71184919,0.503590664,1.01156553,$388.26 ,$53.51 ,$165.39 ,$107.47 ,$61.88 ,$0.00 ,3,1,17,11,145,86,1,1,150075,1390.308446,45792,42735,4855,24270,10946,14567,40935,13829,101017,2919,1938,3483,2730,14912
CA,CA12,201705,COM,1,42,0,0.33,$467.22 ,$0.00 ,$358.54 ,$108.68 ,$0.00 ,$0.00 ,0,0,1,0,0,0,0,0,978130,5958.095977,328577,304624,41276,147389,92035,114438,279979,108140,686675,23756,12508,28262,25805,16750
CA,CA12,201705,COM,11795,34.18321323,0.505129292,1.055932175,$383.44 ,$69.40 ,$103.54 ,$117.31 ,$93.20 ,$0.00 ,7,5,143,197,1217,1036,11,26,978130,5958.095977,328577,304624,41276,147389,92035,114438,279979,108140,686675,23756,12508,28262,25805,16750
CA,CA13,201705,COM,2552,36.64498433,0.496081505,1.09720337,$474.93 ,$144.60 ,$130.10 ,$123.35 ,$76.87 ,$0.00 ,4,0,35,15,259,236,3,11,342954,21389.49918,163854,119622,10594,41422,24903,67475,74845,21273,143965,5802,14241,5844,5879,17935
CA,CA14,201705,COM,119681,34.96395418,0.515562203,0.81153473,$426.78 ,$68.78 ,$130.72 ,$146.78 ,$80.50 ,$0.00 ,65,45,802,868,9180,8224,142,382,2255381,3124.860076,789873,749021,60919,189668,113096,295103,502048,188257,1461149,154299,25948,59669,38303,48904
CA,CA14,201705,COM,19,34.78947368,0.421052632,0.735684211,$68.45 ,$0.00 ,$0.00 ,$57.72 ,$10.72 ,$0.00 ,0,0,0,1,0,1,0,0,2255381,3124.860076,789873,749021,60919,189668,113096,295103,502048,188257,1461149,154299,25948,59669,38303,48904
CA,CA15,201705,COM,2202,34.44777475,0.499091735,1.025370118,$380.81 ,$62.58 ,$115.65 ,$114.85 ,$87.73 ,$0.00 ,3,0,29,25,267,158,1,8,269075,1935.645521,84795,79606,14912,48433,23145,29320,80062,34066,193067,3236,5216,7611,5801,5926
CA,CA16,201705,COM,48,37.1875,0.375,1.729833333,$962.87 ,$256.79 ,$321.26 ,$351.14 ,$33.67 ,$0.00 ,0,0,3,0,7,6,0,0,4673221,2470.336258,1796567,1692047,128698,373438,232541,689629,936866,360315,2804353,396804,19220,110888,205390,80356
CA,CA16,201705,COM,165029,33.432221,0.502178405,0.912130983,$560.14 ,$140.28 ,$159.62 ,$169.85 ,$90.38 ,$0.00 ,131,46,1314,1916,13809,12793,218,600,4673221,2470.336258,1796567,1692047,128698,373438,232541,689629,936866,360315,2804353,396804,19220,110888,205390,80356
CA,CA17,201705,COM,1,34,1,0.452,$0.00 ,$0.00 ,$0.00 ,$0.00 ,$0.00 ,$0.00 ,0,0,0,0,0,0,0,0,539301,1496.015066,181213,172682,26130,73664,35012,67770,146907,48530,309505,12059,7723,11489,11100,5269
CA,CA17,201705,COM,4883,33.79541266,0.494368216,0.976466107,$590.61 ,$209.34 ,$183.64 ,$123.79 ,$73.83 ,$0.00 ,9,1,62,47,528,284,2,8,539301,1496.015066,181213,172682,26130,73664,35012,67770,146907,48530,309505,12059,7723,11489,11100,5269
CA,CA18,201705,COM,9564,33.65098285,0.498745295,0.95030322,$398.75 ,$76.51 ,$126.24 ,$126.45 ,$69.56 ,$0.00 ,12,5,88,87,917,583,8,48,732212,1392.385418,241055,226727,28989,96905,53972,89461,201506,62038,494325,20238,8143,16525,14450,15994
CA,CA18,201705,COM,2,46,0.5,0.57,$0.00 ,$0.00 ,$0.00 ,$0.00 ,$0.00 ,$0.00 ,0,0,0,0,0,0,0,0,732212,1392.385418,241055,226727,28989,96905,53972,89461,201506,62038,494325,20238,8143,16525,14450,15994
CA,CA19,201705,COM,25,25.68,0.48,0.77688,"$1,127.77 ",$0.00 ,$748.67 ,$334.34 ,$44.76 ,$0.00 ,0,0,0,0,4,2,0,0,2291738,5095.099057,896341,819372,75758,168734,134416,335498,532415,114749,1083594,101802,25772,34828,51388,38576
CA,CA19,201705,COM,33331,34.72383067,0.501335094,0.899334043,$430.82 ,$86.82 ,$134.61 ,$136.40 ,$72.99 ,$0.00 ,33,4,319,363,2519,1963,36,162,2291738,5095.099057,896341,819372,75758,168734,134416,335498,532415,114749,1083594,101802,25772,34828,51388,38576
CA,CA2,201705,COM,8763,43.29327856,0.43832021,0.672019856,$126.11 ,$17.37 ,$50.66 ,$38.60 ,$19.48 ,$0.00 ,3,2,66,12,114,343,1,4,180216,4176.578436,57468,44057,10782,33928,15883,22446,51676,34263,160443,3448,6076,4616,3242,9708
CA,CA2,201705,COM,1,62,1,1.503,$394.20 ,$0.00 ,$0.00 ,$394.20 ,$0.00 ,$0.00 ,0,0,0,0,0,0,0,0,180216,4176.578436,57468,44057,10782,33928,15883,22446,51676,34263,160443,3448,6076,4616,3242,9708
CA,CA20,201705,COM,5067,38.19301362,0.509571739,1.098859286,$629.92 ,$170.19 ,$227.69 ,$150.38 ,$81.65 ,$0.00 ,7,1,54,36,488,346,0,12,438530,821.7515515,156896,149067,15346,36031,23696,64390,98813,20223,269660,13520,4468,7695,7541,10444
CA,CA21,201705,COM,8,47.5,0.5,0.790375,$98.26 ,$0.00 ,$12.87 ,$83.42 ,$1.96 ,$0.00 ,0,0,0,0,0,2,0,0,641847,2324.181643,263188,238371,17271,57501,43401,116457,130712,38050,249451,23427,13544,12933,11677,12597
CA,CA21,201705,COM,7009,38.35297475,0.499215295,1.013029534,$381.42 ,$34.33 ,$129.86 ,$120.24 ,$96.99 ,$0.00 ,6,1,53,38,532,542,5,25,641847,2324.181643,263188,238371,17271,57501,43401,116457,130712,38050,249451,23427,13544,12933,11677,12597
CA,CA22,201705,COM,1374,36.27656477,0.502183406,1.403972344,$601.83 ,$66.62 ,$247.34 ,$202.76 ,$85.11 ,$0.00 ,1,0,11,12,215,127,0,10,171365,1234.545845,62685,58539,6792,22175,14964,23303,45990,13426,84511,4555,4913,3992,3786,2411
CA,CA23,201705,COM,1091,36.97250229,0.497708524,1.161911091,$465.39 ,$87.90 ,$120.24 ,$156.35 ,$100.90 ,$0.00 ,1,1,19,8,93,99,1,2,151906,9005.172163,84579,59685,4117,9269,9764,35175,25619,1701,28770,2723,7154,1011,2769,11716
CA,CA23,201705,COM,3,59.66666667,0.333333333,3.028666667,$142.76 ,$0.00 ,$0.00 ,$140.85 ,$1.90 ,$0.00 ,0,0,0,1,1,0,0,0,151906,9005.172163,84579,59685,4117,9269,9764,35175,25619,1701,28770,2723,7154,1011,2769,11716
CA,CA24,201705,COM,5340,41.42228464,0.504307116,1.475899626,$614.01 ,$104.73 ,$238.37 ,$160.93 ,$109.98 ,$0.00 ,9,4,94,48,691,533,6,26,428006,8864.022501,193696,163983,16804,39396,35478,79271,91192,17615,138500,10651,26639,6204,11021,9809
CA,CA25,201705,COM,3,47,1,5.847,$74.49 ,$0.00 ,$0.00 ,$25.53 ,$48.96 ,$0.00 ,0,0,0,0,0,0,0,0,470990,24672.40534,218386,187277,15591,36021,38019,90963,98766,8104,114440,8163,28551,6986,13481,12724
CA,CA25,201705,COM,4447,35.80728581,0.494940409,1.094491792,$470.20 ,$61.50 ,$203.81 ,$130.49 ,$74.40 ,$0.00 ,1,3,67,26,578,351,3,15,470990,24672.40534,218386,187277,15591,36021,38019,90963,98766,8104,114440,8163,28551,6986,13481,12724
CA,CA3,201705,COM,31,46.41935484,0.612903226,1.683387097,$560.67 ,$0.00 ,$197.42 ,$97.89 ,$265.35 ,$0.00 ,0,0,1,0,7,5,1,0,4518699,27266.44488,1549773,1348982,180356,553160,432652,561952,1186660,340581,3038969,129608,113905,106066,62893,91930
CA,CA3,201705,COM,128836,36.50619392,0.50094694,0.809381896,$292.82 ,$89.17 ,$70.37 ,$60.73 ,$72.54 ,$0.00 ,159,26,1236,1691,5848,6964,47,140,4518699,27266.44488,1549773,1348982,180356,553160,432652,561952,1186660,340581,3038969,129608,113905,106066,62893,91930
CA,CA4,201705,COM,494023,36.19372985,0.501270184,0.845803276,$325.44 ,$75.40 ,$78.95 ,$83.64 ,$87.45 ,$0.00 ,559,95,4226,5612,26658,33253,333,985,13262234,4850.972611,4615697,4338482,441609,1781058,1352330,1739765,2957709,1601964,9307146,1149887,86507,469799,343744,220875
CA,CA4,201705,COM,110,35.22727273,0.463636364,1.9685,$343.32 ,$0.00 ,$25.15 ,$124.79 ,$193.38 ,$0.00 ,0,0,1,2,11,8,1,1,13262234,4850.972611,4615697,4338482,441609,1781058,1352330,1739765,2957709,1601964,9307146,1149887,86507,469799,343744,220875
CA,CA5,201705,COM,6,35,0.5,2.273,$352.66 ,$0.00 ,$141.25 ,$205.05 ,$6.36 ,$0.00 ,0,0,1,1,2,3,0,0,848112,1842.466511,287498,271226,25853,88185,78474,123435,199599,77382,459811,31090,10988,17892,11400,12601
CA,CA5,201705,COM,25256,35.21381058,0.487131771,0.968899311,$403.16 ,$64.34 ,$124.83 ,$118.32 ,$95.67 ,$0.00 ,22,1,269,245,2098,2006,23,80,848112,1842.466511,287498,271226,25853,88185,78474,123435,199599,77382,459811,31090,10988,17892,11400,12601
CA,CA6,201705,COM,13892,36.70371437,0.503383242,1.03712518,$495.79 ,$186.63 ,$122.80 ,$90.04 ,$96.32 ,$0.00 ,18,4,187,86,1233,860,7,6,443738,2735.137621,156210,144962,13861,52042,46478,64775,99117,45552,244382,21169,6950,15410,8052,19863
CA,CA6,201705,COM,5,53,0.4,2.6474,$247.22 ,$0.00 ,$0.00 ,$211.11 ,$36.11 ,$0.00 ,0,0,0,0,2,1,0,0,443738,2735.137621,156210,144962,13861,52042,46478,64775,99117,45552,244382,21169,6950,15410,8052,19863
CA,CA7,201705,COM,7,28.85714286,0.428571429,1.244857143,$114.30 ,$0.00 ,$0.00 ,$54.55 ,$59.74 ,$0.00 ,0,0,0,0,1,0,0,0,883053,8132.256436,295756,267913,39056,139584,77216,92005,257750,84735,576023,15490,21557,24792,18281,31126
CA,CA7,201705,COM,8273,33.98476973,0.48035779,1.096594343,$459.40 ,$84.55 ,$162.35 ,$136.34 ,$76.16 ,$0.00 ,7,2,112,121,898,675,7,33,883053,8132.256436,295756,267913,39056,139584,77216,92005,257750,84735,576023,15490,21557,24792,18281,31126
CA,CA8,201705,COM,3007,40.25374127,0.489857,1.254863319,$445.40 ,$56.88 ,$160.46 ,$128.49 ,$99.57 ,$0.00 ,7,0,45,49,294,281,2,9,281455,3300.636162,121095,105317,6175,17123,20715,52758,50492,9045,86881,7329,9630,3482,4557,16435
CA,CA8,201705,COM,5,37.6,0.6,3.7178,"$8,579.17 ","$7,224.00 ",$303.79 ,$946.55 ,$104.83 ,$0.00 ,0,0,1,0,0,1,0,0,281455,3300.636162,121095,105317,6175,17123,20715,52758,50492,9045,86881,7329,9630,3482,4557,16435
CA,CA9,201705,COM,7,49.42857143,0.571428571,0.843142857,$78.94 ,$0.00 ,$28.62 ,$16.52 ,$33.80 ,$0.00 ,0,0,0,0,1,0,0,0,433212,3281.719108,141155,126052,10475,78816,46650,55515,114125,75432,301974,14534,6567,17221,5984,17741
CA,CA9,201705,COM,4597,38.51185556,0.500543833,1.230422667,$663.86 ,$204.62 ,$232.23 ,$145.25 ,$81.76 ,$0.00 ,6,1,74,79,530,401,1,9,433212,3281.719108,141155,126052,10475,78816,46650,55515,114125,75432,301974,14534,6567,17221,5984,17741
CA,CA1,201706,COM,315901,36.30678915,0.516728342,0.940416267,$378.58 ,$75.50 ,$87.31 ,$123.32 ,$92.46 ,$0.00 ,442,57,2352,5362,29684,17337,223,499,3302833,4208.762531,1204884,1118980,106962,286008,279602,439595,726344,216965,1787453,255366,42081,75015,61486,89451
CA,CA1,201706,COM,47,39.78723404,0.595744681,2.260106383,$819.25 ,$0.00 ,$204.10 ,$317.74 ,$297.41 ,$0.00 ,0,0,1,0,4,8,0,0,3302833,4208.762531,1204884,1118980,106962,286008,279602,439595,726344,216965,1787453,255366,42081,75015,61486,89451
CA,CA10,201706,COM,4142,34.14123612,0.461854177,1.107971753,$421.07 ,$101.13 ,$110.47 ,$114.36 ,$95.11 ,$0.00 ,4,1,37,51,478,327,4,12,460477,4824.376542,147791,136106,18321,81345,44779,50391,143528,61208,326860,6561,10023,13317,8274,5426
CA,CA10,201706,COM,5,43.4,0.4,0.8562,$89.95 ,$0.00 ,$0.00 ,$87.56 ,$2.38 ,$0.00 ,0,0,0,0,1,0,0,0,460477,4824.376542,147791,136106,18321,81345,44779,50391,143528,61208,326860,6561,10023,13317,8274,5426
CA,CA11,201706,COM,1114,33.75314183,0.503590664,1.01156553,$336.45 ,$58.65 ,$123.26 ,$100.32 ,$54.23 ,$0.00 ,1,0,12,6,126,104,0,2,150075,1390.308446,45792,42735,4855,24270,10946,14567,40935,13829,101017,2919,1938,3483,2730,14912
CA,CA12,201706,COM,11797,34.24370603,0.50521319,1.055908197,$375.63 ,$75.48 ,$99.58 ,$112.85 ,$87.72 ,$0.00 ,12,2,115,155,1143,957,13,28,978130,5958.095977,328577,304624,41276,147389,92035,114438,279979,108140,686675,23756,12508,28262,25805,16750
CA,CA12,201706,COM,1,42,0,0.33,$0.00 ,$0.00 ,$0.00 ,$0.00 ,$0.00 ,$0.00 ,0,0,0,0,0,0,0,0,978130,5958.095977,328577,304624,41276,147389,92035,114438,279979,108140,686675,23756,12508,28262,25805,16750
CA,CA13,201706,COM,2555,36.67827789,0.495890411,1.096199609,$556.06 ,$180.53 ,$171.84 ,$136.52 ,$67.17 ,$0.00 ,5,2,45,15,259,232,1,9,342954,21389.49918,163854,119622,10594,41422,24903,67475,74845,21273,143965,5802,14241,5844,5879,17935
CA,CA14,201706,COM,19,34.84210526,0.421052632,0.735684211,$164.97 ,$0.00 ,$17.46 ,$120.76 ,$26.75 ,$0.00 ,0,0,1,2,3,3,0,0,2255381,3124.860076,789873,749021,60919,189668,113096,295103,502048,188257,1461149,154299,25948,59669,38303,48904
CA,CA14,201706,COM,119701,35.01531316,0.515576311,0.811451141,$414.60 ,$56.30 ,$139.33 ,$140.56 ,$78.40 ,$0.00 ,66,26,710,794,8300,7770,134,392,2255381,3124.860076,789873,749021,60919,189668,113096,295103,502048,188257,1461149,154299,25948,59669,38303,48904
CA,CA15,201706,COM,2200,34.475,0.499090909,1.025291818,$569.23 ,$251.21 ,$138.97 ,$123.23 ,$55.82 ,$0.00 ,5,0,29,34,221,167,0,10,269075,1935.645521,84795,79606,14912,48433,23145,29320,80062,34066,193067,3236,5216,7611,5801,5926
CA,CA16,201706,COM,48,37.29166667,0.375,1.729833333,"$1,660.86 ",$618.97 ,$450.30 ,$514.61 ,$76.98 ,$0.00 ,0,0,2,1,6,7,0,0,4673221,2470.336258,1796567,1692047,128698,373438,232541,689629,936866,360315,2804353,396804,19220,110888,205390,80356
CA,CA16,201706,COM,165014,33.48221969,0.502236174,0.912127123,$506.18 ,$98.72 ,$157.86 ,$161.30 ,$88.30 ,$0.00 ,96,41,1199,1612,12727,12452,225,585,4673221,2470.336258,1796567,1692047,128698,373438,232541,689629,936866,360315,2804353,396804,19220,110888,205390,80356
CA,CA17,201706,COM,4881,33.83527966,0.494365909,0.976558287,$406.62 ,$59.83 ,$151.16 ,$117.74 ,$77.89 ,$0.00 ,4,1,47,36,454,280,1,8,539301,1496.015066,181213,172682,26130,73664,35012,67770,146907,48530,309505,12059,7723,11489,11100,5269
CA,CA17,201706,COM,1,34,1,0.452,$0.00 ,$0.00 ,$0.00 ,$0.00 ,$0.00 ,$0.00 ,0,0,0,0,0,0,0,0,539301,1496.015066,181213,172682,26130,73664,35012,67770,146907,48530,309505,12059,7723,11489,11100,5269
CA,CA18,201706,COM,9563,33.71577957,0.498692879,0.950384294,$440.07 ,$80.77 ,$163.10 ,$118.35 ,$77.85 ,$0.00 ,10,2,101,78,817,587,9,46,732212,1392.385418,241055,226727,28989,96905,53972,89461,201506,62038,494325,20238,8143,16525,14450,15994
CA,CA18,201706,COM,2,46,0.5,0.57,$0.00 ,$0.00 ,$0.00 ,$0.00 ,$0.00 ,$0.00 ,0,0,0,0,0,0,0,0,732212,1392.385418,241055,226727,28989,96905,53972,89461,201506,62038,494325,20238,8143,16525,14450,15994
CA,CA19,201706,COM,33334,34.78877423,0.501379972,0.899294324,$500.70 ,$141.31 ,$156.49 ,$132.08 ,$70.83 ,$0.00 ,29,7,240,291,2440,1949,34,169,2291738,5095.099057,896341,819372,75758,168734,134416,335498,532415,114749,1083594,101802,25772,34828,51388,38576
CA,CA19,201706,COM,25,25.8,0.48,0.77688,"$1,113.63 ",$0.00 ,$643.56 ,$429.19 ,$40.88 ,$0.00 ,0,0,1,0,3,1,0,0,2291738,5095.099057,896341,819372,75758,168734,134416,335498,532415,114749,1083594,101802,25772,34828,51388,38576
CA,CA2,201706,COM,1,62,1,1.503,$0.00 ,$0.00 ,$0.00 ,$0.00 ,$0.00 ,$0.00 ,0,0,0,0,0,0,0,0,180216,4176.578436,57468,44057,10782,33928,15883,22446,51676,34263,160443,3448,6076,4616,3242,9708
CA,CA2,201706,COM,8760,43.35353881,0.438356164,0.67204258,$129.31 ,$37.09 ,$36.07 ,$35.06 ,$21.09 ,$0.00 ,7,0,62,11,110,374,1,6,180216,4176.578436,57468,44057,10782,33928,15883,22446,51676,34263,160443,3448,6076,4616,3242,9708
CA,CA20,201706,COM,5068,38.25098658,0.509471192,1.099033741,$834.82 ,$369.62 ,$243.53 ,$151.71 ,$69.96 ,$0.00 ,8,3,58,41,398,300,3,14,438530,821.7515515,156896,149067,15346,36031,23696,64390,98813,20223,269660,13520,4468,7695,7541,10444
CA,CA21,201706,COM,8,47.625,0.5,0.790375,$48.24 ,$0.00 ,$34.89 ,$13.35 ,$0.00 ,$0.00 ,0,0,0,0,1,0,0,0,641847,2324.181643,263188,238371,17271,57501,43401,116457,130712,38050,249451,23427,13544,12933,11677,12597
CA,CA21,201706,COM,7010,38.41726106,0.499286733,1.013083595,$505.77 ,$91.58 ,$178.51 ,$134.09 ,$101.59 ,$0.00 ,7,1,70,39,482,508,6,27,641847,2324.181643,263188,238371,17271,57501,43401,116457,130712,38050,249451,23427,13544,12933,11677,12597
CA,CA22,201706,COM,1374,36.33551674,0.502183406,1.403972344,$745.79 ,$222.05 ,$270.13 ,$165.24 ,$88.37 ,$0.00 ,4,0,12,18,179,107,0,8,171365,1234.545845,62685,58539,6792,22175,14964,23303,45990,13426,84511,4555,4913,3992,3786,2411
CA,CA23,201706,COM,1092,37.0521978,0.498168498,1.161498169,$430.10 ,$31.02 ,$185.08 ,$148.54 ,$65.46 ,$0.00 ,1,0,16,9,124,116,1,2,151906,9005.172163,84579,59685,4117,9269,9764,35175,25619,1701,28770,2723,7154,1011,2769,11716
CA,CA23,201706,COM,3,59.66666667,0.333333333,3.028666667,$148.57 ,$0.00 ,$0.00 ,$139.98 ,$8.59 ,$0.00 ,0,0,0,0,0,0,0,0,151906,9005.172163,84579,59685,4117,9269,9764,35175,25619,1701,28770,2723,7154,1011,2769,11716
CA,CA24,201706,COM,5341,41.48417899,0.504399925,1.476374462,$621.13 ,$104.87 ,$244.00 ,$178.33 ,$93.92 ,$0.00 ,7,2,102,43,627,523,5,25,428006,8864.022501,193696,163983,16804,39396,35478,79271,91192,17615,138500,10651,26639,6204,11021,9809
CA,CA25,201706,COM,3,47.33333333,1,5.847,$345.05 ,$0.00 ,$195.70 ,$133.28 ,$16.07 ,$0.00 ,0,0,0,0,0,1,0,0,470990,24672.40534,218386,187277,15591,36021,38019,90963,98766,8104,114440,8163,28551,6986,13481,12724
CA,CA25,201706,COM,4449,35.85772084,0.494942684,1.094478085,$549.88 ,$234.84 ,$118.76 ,$128.91 ,$67.37 ,$0.00 ,8,3,57,12,519,319,5,17,470990,24672.40534,218386,187277,15591,36021,38019,90963,98766,8104,114440,8163,28551,6986,13481,12724
CA,CA3,201706,COM,128844,36.56768651,0.500900314,0.809388858,$265.56 ,$68.14 ,$67.93 ,$58.50 ,$70.98 ,$0.00 ,149,28,1229,1468,5521,6887,30,143,4518699,27266.44488,1549773,1348982,180356,553160,432652,561952,1186660,340581,3038969,129608,113905,106066,62893,91930
CA,CA3,201706,COM,31,46.58064516,0.612903226,1.683387097,$580.49 ,$0.00 ,$79.72 ,$158.41 ,$342.36 ,$0.00 ,0,0,0,0,4,3,0,0,4518699,27266.44488,1549773,1348982,180356,553160,432652,561952,1186660,340581,3038969,129608,113905,106066,62893,91930
CA,CA4,201706,COM,110,35.30909091,0.463636364,1.9685,"$1,470.86 ",$0.00 ,"$1,072.26 ",$203.20 ,$195.40 ,$0.00 ,0,0,1,1,8,9,0,1,13262234,4850.972611,4615697,4338482,441609,1781058,1352330,1739765,2957709,1601964,9307146,1149887,86507,469799,343744,220875
CA,CA4,201706,COM,494081,36.25593172,0.501261939,0.845892827,$316.11 ,$71.48 ,$76.54 ,$82.00 ,$86.09 ,$0.00 ,517,95,3840,5111,25609,33160,353,1007,13262234,4850.972611,4615697,4338482,441609,1781058,1352330,1739765,2957709,1601964,9307146,1149887,86507,469799,343744,220875
CA,CA5,201706,COM,25260,35.26417261,0.487133808,0.96874715,$447.17 ,$106.42 ,$127.12 ,$119.81 ,$93.81 ,$0.00 ,33,3,246,242,1933,1946,23,83,848112,1842.466511,287498,271226,25853,88185,78474,123435,199599,77382,459811,31090,10988,17892,11400,12601
CA,CA5,201706,COM,6,35.16666667,0.5,2.273,$603.00 ,$0.00 ,$368.58 ,$225.17 ,$9.26 ,$0.00 ,0,0,1,0,0,1,0,0,848112,1842.466511,287498,271226,25853,88185,78474,123435,199599,77382,459811,31090,10988,17892,11400,12601
CA,CA6,201706,COM,13894,36.77220383,0.503382755,1.037057291,$429.25 ,$137.99 ,$110.83 ,$87.70 ,$92.74 ,$0.00 ,20,8,164,69,1153,821,12,6,443738,2735.137621,156210,144962,13861,52042,46478,64775,99117,45552,244382,21169,6950,15410,8052,19863
CA,CA6,201706,COM,5,53,0.4,2.6474,$153.98 ,$0.00 ,$0.00 ,$146.99 ,$6.99 ,$0.00 ,0,0,0,0,1,1,0,0,443738,2735.137621,156210,144962,13861,52042,46478,64775,99117,45552,244382,21169,6950,15410,8052,19863
CA,CA7,201706,COM,7,29.14285714,0.428571429,1.244857143,$109.95 ,$0.00 ,$0.00 ,$78.85 ,$31.10 ,$0.00 ,0,0,0,0,0,1,0,0,883053,8132.256436,295756,267913,39056,139584,77216,92005,257750,84735,576023,15490,21557,24792,18281,31126
CA,CA7,201706,COM,8273,34.0471413,0.48035779,1.096594343,$480.25 ,$129.52 ,$140.97 ,$134.66 ,$75.11 ,$0.00 ,4,1,90,135,783,716,4,35,883053,8132.256436,295756,267913,39056,139584,77216,92005,257750,84735,576023,15490,21557,24792,18281,31126
CA,CA8,201706,COM,5,37.6,0.6,3.7178,"$5,348.90 ","$5,160.00 ",$0.00 ,$170.52 ,$18.38 ,$0.00 ,0,0,0,0,1,0,0,0,281455,3300.636162,121095,105317,6175,17123,20715,52758,50492,9045,86881,7329,9630,3482,4557,16435
CA,CA8,201706,COM,3005,40.29617305,0.48985025,1.255389684,$425.10 ,$45.26 ,$140.76 ,$122.92 ,$116.16 ,$0.00 ,7,0,36,51,294,266,3,10,281455,3300.636162,121095,105317,6175,17123,20715,52758,50492,9045,86881,7329,9630,3482,4557,16435
CA,CA9,201706,COM,4597,38.56341092,0.500543833,1.230422667,$879.00 ,$386.95 ,$232.90 ,$167.19 ,$91.96 ,$0.00 ,14,1,79,78,490,436,2,7,433212,3281.719108,141155,126052,10475,78816,46650,55515,114125,75432,301974,14534,6567,17221,5984,17741
CA,CA9,201706,COM,7,49.42857143,0.571428571,0.843142857,$62.76 ,$0.00 ,$0.00 ,$31.47 ,$31.29 ,$0.00 ,0,0,0,0,1,0,0,0,433212,3281.719108,141155,126052,10475,78816,46650,55515,114125,75432,301974,14534,6567,17221,5984,17741
CA,CA1,201707,COM,47,39.9787234,0.595744681,2.260106383,$581.30 ,$0.00 ,$137.89 ,$190.55 ,$252.87 ,$0.00 ,0,0,2,0,4,6,0,0,3302833,4208.762531,1204884,1118980,106962,286008,279602,439595,726344,216965,1787453,255366,42081,75015,61486,89451
CA,CA1,201707,COM,315867,36.48710375,0.516733309,0.940552106,$351.41 ,$68.06 ,$80.90 ,$115.62 ,$86.84 ,$0.00 ,413,67,2418,5534,25104,17931,234,493,3302833,4208.762531,1204884,1118980,106962,286008,279602,439595,726344,216965,1787453,255366,42081,75015,61486,89451
CA,CA10,201707,COM,4145,34.6535585,0.462002413,1.108199035,$394.22 ,$69.45 ,$114.32 ,$124.07 ,$86.37 ,$0.00 ,4,1,33,41,466,314,4,11,460477,4824.376542,147791,136106,18321,81345,44779,50391,143528,61208,326860,6561,10023,13317,8274,5426
CA,CA10,201707,COM,5,43.4,0.4,0.8562,$608.23 ,$0.00 ,$58.00 ,$466.92 ,$83.31 ,$0.00 ,0,0,0,0,2,0,0,0,460477,4824.376542,147791,136106,18321,81345,44779,50391,143528,61208,326860,6561,10023,13317,8274,5426
CA,CA11,201707,COM,1112,34.19694245,0.503597122,1.01115018,$480.83 ,$196.97 ,$111.97 ,$120.12 ,$51.77 ,$0.00 ,2,0,11,5,105,94,0,2,150075,1390.308446,45792,42735,4855,24270,10946,14567,40935,13829,101017,2919,1938,3483,2730,14912
CA,CA12,201707,COM,1,42,0,0.33,$0.00 ,$0.00 ,$0.00 ,$0.00 ,$0.00 ,$0.00 ,0,0,0,0,0,0,0,0,978130,5958.095977,328577,304624,41276,147389,92035,114438,279979,108140,686675,23756,12508,28262,25805,16750
CA,CA12,201707,COM,11798,34.63036108,0.505255128,1.055867096,$383.92 ,$81.14 ,$88.94 ,$111.85 ,$102.00 ,$0.00 ,6,2,123,160,1015,914,6,30,978130,5958.095977,328577,304624,41276,147389,92035,114438,279979,108140,686675,23756,12508,28262,25805,16750
CA,CA13,201707,COM,2554,36.99021143,0.495693031,1.096462803,$438.85 ,$64.14 ,$187.58 ,$110.02 ,$77.11 ,$0.00 ,2,1,31,5,209,224,2,9,342954,21389.49918,163854,119622,10594,41422,24903,67475,74845,21273,143965,5802,14241,5844,5879,17935
CA,CA14,201707,COM,19,34.94736842,0.421052632,0.735684211,$2.34 ,$0.00 ,$0.00 ,$0.00 ,$2.34 ,$0.00 ,0,0,0,0,0,0,0,0,2255381,3124.860076,789873,749021,60919,189668,113096,295103,502048,188257,1461149,154299,25948,59669,38303,48904
CA,CA14,201707,COM,119694,35.42427356,0.515556335,0.811485647,$414.00 ,$75.39 ,$127.93 ,$133.15 ,$77.52 ,$0.00 ,78,32,810,856,7495,7309,116,367,2255381,3124.860076,789873,749021,60919,189668,113096,295103,502048,188257,1461149,154299,25948,59669,38303,48904
CA,CA15,201707,COM,2202,34.84786558,0.499091735,1.025370118,$397.95 ,$120.00 ,$122.12 ,$110.91 ,$44.93 ,$0.00 ,1,1,31,25,182,125,0,10,269075,1935.645521,84795,79606,14912,48433,23145,29320,80062,34066,193067,3236,5216,7611,5801,5926
CA,CA16,201707,COM,48,37.29166667,0.375,1.729833333,"$2,545.71 ",$180.19 ,"$1,704.51 ",$502.37 ,$158.64 ,$0.00 ,0,0,2,1,1,7,0,0,4673221,2470.336258,1796567,1692047,128698,373438,232541,689629,936866,360315,2804353,396804,19220,110888,205390,80356
CA,CA16,201707,COM,165014,33.93099979,0.502236174,0.91207034,$464.39 ,$89.80 ,$140.66 ,$147.91 ,$86.01 ,$0.00 ,127,33,1292,1668,10911,11407,210,569,4673221,2470.336258,1796567,1692047,128698,373438,232541,689629,936866,360315,2804353,396804,19220,110888,205390,80356
CA,CA17,201707,COM,4881,34.19565663,0.494365909,0.976558287,$484.92 ,$114.14 ,$164.37 ,$129.77 ,$76.63 ,$0.00 ,2,0,69,29,446,267,1,8,539301,1496.015066,181213,172682,26130,73664,35012,67770,146907,48530,309505,12059,7723,11489,11100,5269
CA,CA17,201707,COM,1,34,1,0.452,$0.00 ,$0.00 ,$0.00 ,$0.00 ,$0.00 ,$0.00 ,0,0,0,0,0,0,0,0,539301,1496.015066,181213,172682,26130,73664,35012,67770,146907,48530,309505,12059,7723,11489,11100,5269
CA,CA18,201707,COM,2,46.5,0.5,0.57,$0.00 ,$0.00 ,$0.00 ,$0.00 ,$0.00 ,$0.00 ,0,0,0,0,0,0,0,0,732212,1392.385418,241055,226727,28989,96905,53972,89461,201506,62038,494325,20238,8143,16525,14450,15994
CA,CA18,201707,COM,9562,34.08115457,0.498745032,0.950444259,$490.87 ,$134.80 ,$149.09 ,$124.90 ,$82.07 ,$0.00 ,14,0,97,62,772,533,12,47,732212,1392.385418,241055,226727,28989,96905,53972,89461,201506,62038,494325,20238,8143,16525,14450,15994
CA,CA19,201707,COM,25,25.84,0.48,0.77688,$767.96 ,$279.68 ,$263.96 ,$198.10 ,$26.22 ,$0.00 ,1,0,0,0,1,2,1,0,2291738,5095.099057,896341,819372,75758,168734,134416,335498,532415,114749,1083594,101802,25772,34828,51388,38576
CA,CA19,201707,COM,33344,35.0784249,0.501349568,0.899341351,$472.30 ,$122.76 ,$154.61 ,$126.30 ,$68.64 ,$0.00 ,43,1,285,263,2129,1774,29,160,2291738,5095.099057,896341,819372,75758,168734,134416,335498,532415,114749,1083594,101802,25772,34828,51388,38576
CA,CA2,201707,COM,1,62,1,1.503,$0.00 ,$0.00 ,$0.00 ,$0.00 ,$0.00 ,$0.00 ,0,0,0,0,0,0,0,0,180216,4176.578436,57468,44057,10782,33928,15883,22446,51676,34263,160443,3448,6076,4616,3242,9708
CA,CA2,201707,COM,8766,43.45893224,0.438626512,0.672184919,$130.74 ,$32.40 ,$47.03 ,$32.44 ,$18.88 ,$0.00 ,7,0,68,12,99,355,1,5,180216,4176.578436,57468,44057,10782,33928,15883,22446,51676,34263,160443,3448,6076,4616,3242,9708
CA,CA20,201707,COM,5064,38.59774882,0.509281201,1.099518168,$595.68 ,$99.55 ,$286.15 ,$142.05 ,$67.93 ,$0.00 ,7,1,66,32,350,320,4,13,438530,821.7515515,156896,149067,15346,36031,23696,64390,98813,20223,269660,13520,4468,7695,7541,10444
CA,CA21,201707,COM,7006,38.72566372,0.499143591,1.013717956,$483.03 ,$119.75 ,$142.24 ,$119.07 ,$101.97 ,$0.00 ,9,0,57,45,428,469,5,20,641847,2324.181643,263188,238371,17271,57501,43401,116457,130712,38050,249451,23427,13544,12933,11677,12597
CA,CA21,201707,COM,8,47.625,0.5,0.790375,$26.90 ,$0.00 ,$25.66 ,$0.00 ,$1.24 ,$0.00 ,0,0,0,0,0,0,0,0,641847,2324.181643,263188,238371,17271,57501,43401,116457,130712,38050,249451,23427,13544,12933,11677,12597
CA,CA22,201707,COM,1374,36.67467249,0.502183406,1.403972344,$506.34 ,$26.52 ,$254.96 ,$147.17 ,$77.69 ,$0.00 ,1,0,19,22,158,94,0,7,171365,1234.545845,62685,58539,6792,22175,14964,23303,45990,13426,84511,4555,4913,3992,3786,2411
CA,CA23,201707,COM,1092,37.14468865,0.498168498,1.161498169,$418.61 ,$54.89 ,$139.51 ,$170.56 ,$53.65 ,$0.00 ,1,0,18,10,83,94,0,2,151906,9005.172163,84579,59685,4117,9269,9764,35175,25619,1701,28770,2723,7154,1011,2769,11716
CA,CA23,201707,COM,3,59.66666667,0.333333333,3.028666667,$266.62 ,$0.00 ,$0.00 ,$256.22 ,$10.40 ,$0.00 ,0,0,0,0,2,1,0,0,151906,9005.172163,84579,59685,4117,9269,9764,35175,25619,1701,28770,2723,7154,1011,2769,11716
CA,CA24,201707,COM,5342,41.91707226,0.504305504,1.476123175,$716.09 ,$192.91 ,$253.45 ,$151.25 ,$118.47 ,$0.00 ,7,0,70,45,596,491,3,23,428006,8864.022501,193696,163983,16804,39396,35478,79271,91192,17615,138500,10651,26639,6204,11021,9809
CA,CA25,201707,COM,4448,36.03619604,0.495053957,1.093877023,$428.07 ,$102.31 ,$148.64 ,$112.13 ,$64.99 ,$0.00 ,7,2,60,18,455,267,2,20,470990,24672.40534,218386,187277,15591,36021,38019,90963,98766,8104,114440,8163,28551,6986,13481,12724
CA,CA25,201707,COM,3,47.33333333,1,5.847,$9.05 ,$0.00 ,$0.00 ,$0.00 ,$9.05 ,$0.00 ,0,0,0,0,0,0,0,0,470990,24672.40534,218386,187277,15591,36021,38019,90963,98766,8104,114440,8163,28551,6986,13481,12724
CA,CA3,201707,COM,128852,36.872404,0.500900258,0.809293267,$276.85 ,$74.68 ,$76.23 ,$55.56 ,$70.38 ,$0.00 ,138,28,1222,1527,4948,6490,43,137,4518699,27266.44488,1549773,1348982,180356,553160,432652,561952,1186660,340581,3038969,129608,113905,106066,62893,91930
CA,CA3,201707,COM,31,46.58064516,0.612903226,1.683387097,$335.77 ,$0.00 ,$11.48 ,$75.23 ,$249.06 ,$0.00 ,0,0,0,0,3,3,0,0,4518699,27266.44488,1549773,1348982,180356,553160,432652,561952,1186660,340581,3038969,129608,113905,106066,62893,91930
CA,CA4,201707,COM,110,35.41818182,0.463636364,1.9685,$965.27 ,$108.55 ,$539.33 ,$110.49 ,$206.91 ,$0.00 ,0,0,3,1,12,7,0,1,13262234,4850.972611,4615697,4338482,441609,1781058,1352330,1739765,2957709,1601964,9307146,1149887,86507,469799,343744,220875
CA,CA4,201707,COM,494122,36.58244725,0.501277013,0.845897406,$303.69 ,$68.64 ,$75.51 ,$75.14 ,$84.40 ,$0.00 ,499,83,4072,5030,23252,30714,316,967,13262234,4850.972611,4615697,4338482,441609,1781058,1352330,1739765,2957709,1601964,9307146,1149887,86507,469799,343744,220875
CA,CA5,201707,COM,25262,35.67239332,0.487134827,0.968751247,$409.15 ,$84.31 ,$113.15 ,$118.58 ,$93.11 ,$0.00 ,22,6,234,237,1708,1888,26,78,848112,1842.466511,287498,271226,25853,88185,78474,123435,199599,77382,459811,31090,10988,17892,11400,12601
CA,CA5,201707,COM,6,35.16666667,0.5,2.273,"$5,568.35 ","$5,283.69 ",$94.00 ,$187.04 ,$3.62 ,$0.00 ,1,0,0,0,1,1,0,0,848112,1842.466511,287498,271226,25853,88185,78474,123435,199599,77382,459811,31090,10988,17892,11400,12601
CA,CA6,201707,COM,5,53,0.4,2.6474,$792.83 ,$0.00 ,$252.09 ,$505.81 ,$34.93 ,$0.00 ,0,0,0,0,0,2,0,0,443738,2735.137621,156210,144962,13861,52042,46478,64775,99117,45552,244382,21169,6950,15410,8052,19863
CA,CA6,201707,COM,13896,37.02345999,0.503382268,1.036958405,$508.38 ,$191.77 ,$122.33 ,$91.70 ,$102.58 ,$0.00 ,21,7,193,78,1004,830,5,9,443738,2735.137621,156210,144962,13861,52042,46478,64775,99117,45552,244382,21169,6950,15410,8052,19863
CA,CA7,201707,COM,7,29.28571429,0.428571429,1.244857143,$470.59 ,$0.00 ,$0.00 ,$193.10 ,$277.48 ,$0.00 ,0,0,0,0,3,1,0,0,883053,8132.256436,295756,267913,39056,139584,77216,92005,257750,84735,576023,15490,21557,24792,18281,31126
CA,CA7,201707,COM,8271,34.36319671,0.480232136,1.096799662,$407.47 ,$73.38 ,$146.85 ,$115.80 ,$71.44 ,$0.00 ,10,2,99,121,751,634,7,34,883053,8132.256436,295756,267913,39056,139584,77216,92005,257750,84735,576023,15490,21557,24792,18281,31126
CA,CA8,201707,COM,5,37.8,0.6,3.7178,$228.79 ,$0.00 ,$0.00 ,$208.74 ,$20.05 ,$0.00 ,0,0,0,0,1,0,0,0,281455,3300.636162,121095,105317,6175,17123,20715,52758,50492,9045,86881,7329,9630,3482,4557,16435
CA,CA8,201707,COM,3004,40.65778961,0.490013316,1.254706059,$537.42 ,$156.38 ,$150.10 ,$117.97 ,$112.97 ,$0.00 ,5,0,42,48,254,274,1,6,281455,3300.636162,121095,105317,6175,17123,20715,52758,50492,9045,86881,7329,9630,3482,4557,16435
CA,CA9,201707,COM,4600,38.93369565,0.500434783,1.230288044,$680.94 ,$224.99 ,$223.76 ,$152.62 ,$79.56 ,$0.00 ,6,1,58,66,435,376,6,9,433212,3281.719108,141155,126052,10475,78816,46650,55515,114125,75432,301974,14534,6567,17221,5984,17741
CA,CA9,201707,COM,7,49.42857143,0.571428571,0.843142857,$183.06 ,$0.00 ,$32.35 ,$137.18 ,$13.53 ,$0.00 ,0,0,0,0,0,1,0,0,433212,3281.719108,141155,126052,10475,78816,46650,55515,114125,75432,301974,14534,6567,17221,5984,17741
CA,CA1,201708,COM,315905,36.5609028,0.516734461,0.94062936,$415.95 ,$82.40 ,$94.09 ,$132.76 ,$106.70 ,$0.00 ,449,83,2408,5125,25461,22542,246,506,3302833,4208.762531,1204884,1118980,106962,286008,279602,439595,726344,216965,1787453,255366,42081,75015,61486,89451
CA,CA1,201708,COM,47,40.08510638,0.595744681,2.260106383,$885.71 ,$369.64 ,$41.13 ,$262.22 ,$212.73 ,$0.00 ,1,0,0,0,4,10,0,0,3302833,4208.762531,1204884,1118980,106962,286008,279602,439595,726344,216965,1787453,255366,42081,75015,61486,89451
CA,CA10,201708,COM,5,44,0.4,0.8562,$250.93 ,$0.00 ,$0.00 ,$237.84 ,$13.09 ,$0.00 ,0,0,0,0,2,1,0,0,460477,4824.376542,147791,136106,18321,81345,44779,50391,143528,61208,326860,6561,10023,13317,8274,5426
CA,CA10,201708,COM,4142,34.70883631,0.462095606,1.108314824,$433.14 ,$85.98 ,$139.36 ,$126.70 ,$81.10 ,$0.00 ,10,1,39,52,556,352,1,10,460477,4824.376542,147791,136106,18321,81345,44779,50391,143528,61208,326860,6561,10023,13317,8274,5426
CA,CA11,201708,COM,1112,34.25359712,0.503597122,1.01115018,$490.27 ,$100.31 ,$182.31 ,$156.94 ,$50.72 ,$0.00 ,4,0,20,9,147,90,0,2,150075,1390.308446,45792,42735,4855,24270,10946,14567,40935,13829,101017,2919,1938,3483,2730,14912
CA,CA12,201708,COM,1,42,0,0.33,$296.26 ,$0.00 ,$0.00 ,$273.04 ,$23.22 ,$0.00 ,0,0,0,0,1,0,0,0,978130,5958.095977,328577,304624,41276,147389,92035,114438,279979,108140,686675,23756,12508,28262,25805,16750
CA,CA12,201708,COM,11798,34.68613324,0.505085608,1.055848534,$402.28 ,$61.65 ,$119.50 ,$124.45 ,$96.68 ,$0.00 ,13,2,127,190,1196,1050,6,29,978130,5958.095977,328577,304624,41276,147389,92035,114438,279979,108140,686675,23756,12508,28262,25805,16750
CA,CA13,201708,COM,2555,37.06144814,0.495890411,1.096199609,$541.34 ,$141.48 ,$149.55 ,$171.07 ,$79.24 ,$0.00 ,6,1,27,10,255,234,2,10,342954,21389.49918,163854,119622,10594,41422,24903,67475,74845,21273,143965,5802,14241,5844,5879,17935
CA,CA14,201708,COM,119692,35.47888748,0.51558166,0.811474911,$441.83 ,$64.44 ,$138.48 ,$150.01 ,$88.91 ,$0.00 ,71,17,674,811,8416,8519,136,406,2255381,3124.860076,789873,749021,60919,189668,113096,295103,502048,188257,1461149,154299,25948,59669,38303,48904
CA,CA14,201708,COM,19,35,0.421052632,0.735684211,$97.80 ,$0.00 ,$0.00 ,$72.38 ,$25.41 ,$0.00 ,0,0,0,3,1,2,0,0,2255381,3124.860076,789873,749021,60919,189668,113096,295103,502048,188257,1461149,154299,25948,59669,38303,48904
CA,CA15,201708,COM,2202,34.91326067,0.499091735,1.025370118,$672.35 ,$197.38 ,$218.07 ,$181.94 ,$74.95 ,$0.00 ,6,0,42,23,243,170,0,10,269075,1935.645521,84795,79606,14912,48433,23145,29320,80062,34066,193067,3236,5216,7611,5801,5926
CA,CA16,201708,COM,165016,33.98304407,0.502230087,0.912090803,$535.57 ,$114.35 ,$157.94 ,$168.82 ,$94.46 ,$0.00 ,123,40,1191,1580,12293,13271,222,613,4673221,2470.336258,1796567,1692047,128698,373438,232541,689629,936866,360315,2804353,396804,19220,110888,205390,80356
CA,CA16,201708,COM,48,37.45833333,0.375,1.729833333,"$1,052.20 ",$0.00 ,$654.68 ,$259.22 ,$138.30 ,$0.00 ,0,0,1,0,3,7,0,0,4673221,2470.336258,1796567,1692047,128698,373438,232541,689629,936866,360315,2804353,396804,19220,110888,205390,80356
CA,CA17,201708,COM,4883,34.27114479,0.494368216,0.976466107,$547.49 ,$118.28 ,$201.72 ,$151.91 ,$75.58 ,$0.00 ,5,2,44,26,451,277,6,8,539301,1496.015066,181213,172682,26130,73664,35012,67770,146907,48530,309505,12059,7723,11489,11100,5269
CA,CA17,201708,COM,1,34,1,0.452,$0.00 ,$0.00 ,$0.00 ,$0.00 ,$0.00 ,$0.00 ,0,0,0,0,0,0,0,0,539301,1496.015066,181213,172682,26130,73664,35012,67770,146907,48530,309505,12059,7723,11489,11100,5269
CA,CA18,201708,COM,2,46.5,0.5,0.57,$0.00 ,$0.00 ,$0.00 ,$0.00 ,$0.00 ,$0.00 ,0,0,0,0,0,0,0,0,732212,1392.385418,241055,226727,28989,96905,53972,89461,201506,62038,494325,20238,8143,16525,14450,15994
CA,CA18,201708,COM,9562,34.14264798,0.498745032,0.950444259,$493.23 ,$100.42 ,$189.39 ,$129.52 ,$73.90 ,$0.00 ,13,2,95,73,820,644,1,47,732212,1392.385418,241055,226727,28989,96905,53972,89461,201506,62038,494325,20238,8143,16525,14450,15994
CA,CA19,201708,COM,25,25.96,0.48,0.77688,$845.56 ,$0.00 ,$269.00 ,$548.38 ,$28.18 ,$0.00 ,0,0,0,0,0,2,0,2,2291738,5095.099057,896341,819372,75758,168734,134416,335498,532415,114749,1083594,101802,25772,34828,51388,38576
CA,CA19,201708,COM,33341,35.14369695,0.5013047,0.8991293,$478.21 ,$120.76 ,$146.33 ,$135.49 ,$75.64 ,$0.00 ,35,1,218,269,2381,1971,37,162,2291738,5095.099057,896341,819372,75758,168734,134416,335498,532415,114749,1083594,101802,25772,34828,51388,38576
CA,CA2,201708,COM,8768,43.53341697,0.43852646,0.672070712,$226.57 ,$121.02 ,$42.84 ,$42.48 ,$20.23 ,$0.00 ,3,0,69,11,110,419,1,5,180216,4176.578436,57468,44057,10782,33928,15883,22446,51676,34263,160443,3448,6076,4616,3242,9708
CA,CA2,201708,COM,1,62,1,1.503,$10.83 ,$0.00 ,$0.00 ,$0.00 ,$10.83 ,$0.00 ,0,0,0,0,0,0,0,0,180216,4176.578436,57468,44057,10782,33928,15883,22446,51676,34263,160443,3448,6076,4616,3242,9708
CA,CA20,201708,COM,5059,38.67305792,0.50919154,1.100109113,$955.80 ,$420.44 ,$293.06 ,$165.06 ,$77.24 ,$0.00 ,12,2,63,42,389,342,5,10,438530,821.7515515,156896,149067,15346,36031,23696,64390,98813,20223,269660,13520,4468,7695,7541,10444
CA,CA21,201708,COM,7005,38.78658101,0.498929336,1.012260528,$478.91 ,$92.63 ,$151.63 ,$139.34 ,$95.31 ,$0.00 ,4,0,48,47,507,520,6,23,641847,2324.181643,263188,238371,17271,57501,43401,116457,130712,38050,249451,23427,13544,12933,11677,12597
CA,CA21,201708,COM,8,47.875,0.5,0.790375,$75.30 ,$0.00 ,$57.15 ,$8.53 ,$9.62 ,$0.00 ,0,0,0,0,0,0,0,0,641847,2324.181643,263188,238371,17271,57501,43401,116457,130712,38050,249451,23427,13544,12933,11677,12597
CA,CA22,201708,COM,1373,36.74581209,0.502549162,1.404675892,$985.70 ,$142.48 ,$416.20 ,$332.55 ,$94.48 ,$0.00 ,3,1,25,16,189,129,1,6,171365,1234.545845,62685,58539,6792,22175,14964,23303,45990,13426,84511,4555,4913,3992,3786,2411
CA,CA23,201708,COM,3,59.66666667,0.333333333,3.028666667,$452.77 ,$0.00 ,$0.00 ,$452.77 ,$0.00 ,$0.00 ,0,0,0,0,1,1,0,0,151906,9005.172163,84579,59685,4117,9269,9764,35175,25619,1701,28770,2723,7154,1011,2769,11716
CA,CA23,201708,COM,1092,37.23443223,0.498168498,1.161498169,$330.64 ,$22.13 ,$87.80 ,$115.83 ,$104.88 ,$0.00 ,1,0,16,5,99,105,1,2,151906,9005.172163,84579,59685,4117,9269,9764,35175,25619,1701,28770,2723,7154,1011,2769,11716
CA,CA24,201708,COM,5343,41.96500094,0.504211117,1.476438518,$917.72 ,$275.32 ,$341.34 ,$192.45 ,$108.61 ,$0.00 ,12,2,89,54,628,571,5,24,428006,8864.022501,193696,163983,16804,39396,35478,79271,91192,17615,138500,10651,26639,6204,11021,9809
CA,CA25,201708,COM,4447,36.11378457,0.494715539,1.093413537,$422.69 ,$73.91 ,$150.04 ,$127.49 ,$71.24 ,$0.00 ,2,1,50,19,508,335,1,18,470990,24672.40534,218386,187277,15591,36021,38019,90963,98766,8104,114440,8163,28551,6986,13481,12724
CA,CA25,201708,COM,3,47.33333333,1,5.847,$115.03 ,$0.00 ,$0.00 ,$106.24 ,$8.79 ,$0.00 ,0,0,0,0,2,0,0,0,470990,24672.40534,218386,187277,15591,36021,38019,90963,98766,8104,114440,8163,28551,6986,13481,12724
CA,CA3,201708,COM,31,46.64516129,0.612903226,1.683387097,$708.03 ,$0.00 ,$265.68 ,$185.51 ,$256.85 ,$0.00 ,0,0,1,0,4,2,0,0,4518699,27266.44488,1549773,1348982,180356,553160,432652,561952,1186660,340581,3038969,129608,113905,106066,62893,91930
CA,CA3,201708,COM,128861,36.93705621,0.500935116,0.809235758,$281.47 ,$70.53 ,$75.10 ,$60.72 ,$75.12 ,$0.00 ,142,21,1150,1598,5487,7458,48,145,4518699,27266.44488,1549773,1348982,180356,553160,432652,561952,1186660,340581,3038969,129608,113905,106066,62893,91930
CA,CA4,201708,COM,110,35.52727273,0.463636364,1.9685,"$1,557.10 ",$233.18 ,$859.49 ,$256.59 ,$207.84 ,$0.00 ,0,0,3,1,14,12,1,1,13262234,4850.972611,4615697,4338482,441609,1781058,1352330,1739765,2957709,1601964,9307146,1149887,86507,469799,343744,220875
CA,CA4,201708,COM,494129,36.64392092,0.501241579,0.845877348,$323.43 ,$66.80 ,$78.23 ,$87.00 ,$91.40 ,$0.00 ,479,83,3858,4906,25812,34269,362,1004,13262234,4850.972611,4615697,4338482,441609,1781058,1352330,1739765,2957709,1601964,9307146,1149887,86507,469799,343744,220875
CA,CA5,201708,COM,6,35.16666667,0.5,2.273,"$2,964.34 ","$2,465.00 ",$44.00 ,$354.87 ,$100.47 ,$0.00 ,0,0,0,0,2,0,0,0,848112,1842.466511,287498,271226,25853,88185,78474,123435,199599,77382,459811,31090,10988,17892,11400,12601
CA,CA5,201708,COM,25266,35.72904298,0.487097285,0.968765179,$471.18 ,$103.05 ,$131.51 ,$136.92 ,$99.71 ,$0.00 ,33,7,243,237,1943,2163,26,82,848112,1842.466511,287498,271226,25853,88185,78474,123435,199599,77382,459811,31090,10988,17892,11400,12601
CA,CA6,201708,COM,13886,37.09930866,0.503312689,1.037423448,$515.44 ,$223.35 ,$103.13 ,$94.16 ,$94.81 ,$0.00 ,20,6,140,62,1128,865,9,9,443738,2735.137621,156210,144962,13861,52042,46478,64775,99117,45552,244382,21169,6950,15410,8052,19863
CA,CA6,201708,COM,5,53.2,0.4,2.6474,$145.51 ,$0.00 ,$0.00 ,$119.33 ,$26.18 ,$0.00 ,0,0,0,0,0,1,0,0,443738,2735.137621,156210,144962,13861,52042,46478,64775,99117,45552,244382,21169,6950,15410,8052,19863
CA,CA7,201708,COM,7,29.28571429,0.428571429,1.244857143,$416.75 ,$0.00 ,$0.00 ,$135.72 ,$281.03 ,$0.00 ,0,0,0,0,1,1,0,0,883053,8132.256436,295756,267913,39056,139584,77216,92005,257750,84735,576023,15490,21557,24792,18281,31126
CA,CA7,201708,COM,8272,34.42577369,0.480294971,1.096704908,$540.75 ,$91.79 ,$223.87 ,$155.98 ,$69.11 ,$0.00 ,14,3,88,95,795,727,3,33,883053,8132.256436,295756,267913,39056,139584,77216,92005,257750,84735,576023,15490,21557,24792,18281,31126
CA,CA8,201708,COM,5,38,0.6,3.7178,$258.26 ,$0.00 ,$33.80 ,$199.74 ,$24.72 ,$0.00 ,0,0,1,0,1,0,0,0,281455,3300.636162,121095,105317,6175,17123,20715,52758,50492,9045,86881,7329,9630,3482,4557,16435
CA,CA8,201708,COM,3006,40.72821025,0.49001996,1.254179973,$529.34 ,$86.79 ,$204.70 ,$127.44 ,$110.41 ,$0.00 ,5,0,45,44,267,285,2,5,281455,3300.636162,121095,105317,6175,17123,20715,52758,50492,9045,86881,7329,9630,3482,4557,16435
CA,CA9,201708,COM,7,49.42857143,0.571428571,0.843142857,$412.55 ,$0.00 ,$289.11 ,$109.91 ,$13.53 ,$0.00 ,0,0,0,0,0,2,0,0,433212,3281.719108,141155,126052,10475,78816,46650,55515,114125,75432,301974,14534,6567,17221,5984,17741
CA,CA9,201708,COM,4598,38.99739017,0.500217486,1.230659635,$908.74 ,$423.99 ,$206.38 ,$180.38 ,$97.99 ,$0.00 ,12,1,54,62,522,442,3,9,433212,3281.719108,141155,126052,10475,78816,46650,55515,114125,75432,301974,14534,6567,17221,5984,17741
CA,CA1,201709,COM,47,40.14893617,0.595744681,2.260106383,"$1,014.78 ",$225.88 ,$204.15 ,$303.88 ,$280.87 ,$0.00 ,0,0,2,0,4,9,0,0,3302833,4208.762531,1204884,1118980,106962,286008,279602,439595,726344,216965,1787453,255366,42081,75015,61486,89451
CA,CA1,201709,COM,315917,36.63690463,0.516711668,0.940550312,$356.89 ,$67.45 ,$84.72 ,$119.34 ,$85.39 ,$0.00 ,438,81,2480,5315,23979,20463,217,498,3302833,4208.762531,1204884,1118980,106962,286008,279602,439595,726344,216965,1787453,255366,42081,75015,61486,89451
CA,CA10,201709,COM,5,44,0.4,0.8562,$11.78 ,$0.00 ,$0.00 ,$0.00 ,$11.78 ,$0.00 ,0,0,0,0,0,0,0,0,460477,4824.376542,147791,136106,18321,81345,44779,50391,143528,61208,326860,6561,10023,13317,8274,5426
CA,CA10,201709,COM,4143,34.74631909,0.46198407,1.10836616,$302.28 ,$27.93 ,$93.61 ,$99.81 ,$80.94 ,$0.00 ,4,0,41,55,510,345,3,9,460477,4824.376542,147791,136106,18321,81345,44779,50391,143528,61208,326860,6561,10023,13317,8274,5426
CA,CA11,201709,COM,1112,34.30035971,0.503597122,1.01115018,$389.34 ,$53.07 ,$187.16 ,$100.69 ,$48.43 ,$0.00 ,0,0,10,8,141,79,0,2,150075,1390.308446,45792,42735,4855,24270,10946,14567,40935,13829,101017,2919,1938,3483,2730,14912
CA,CA12,201709,COM,1,42,0,0.33,$0.00 ,$0.00 ,$0.00 ,$0.00 ,$0.00 ,$0.00 ,0,0,0,0,0,0,0,0,978130,5958.095977,328577,304624,41276,147389,92035,114438,279979,108140,686675,23756,12508,28262,25805,16750
CA,CA12,201709,COM,11798,34.74385489,0.505085608,1.055483557,$373.21 ,$74.38 ,$93.75 ,$108.67 ,$96.43 ,$0.00 ,18,1,123,187,1152,934,9,27,978130,5958.095977,328577,304624,41276,147389,92035,114438,279979,108140,686675,23756,12508,28262,25805,16750
CA,CA13,201709,COM,2555,37.12446184,0.495890411,1.096199609,$518.55 ,$176.58 ,$140.90 ,$129.49 ,$71.58 ,$0.00 ,3,0,40,16,239,205,2,11,342954,21389.49918,163854,119622,10594,41422,24903,67475,74845,21273,143965,5802,14241,5844,5879,17935
CA,CA14,201709,COM,119693,35.53432532,0.515552288,0.811301622,$404.42 ,$56.43 ,$126.92 ,$138.65 ,$82.41 ,$0.00 ,56,27,694,819,8118,7756,120,406,2255381,3124.860076,789873,749021,60919,189668,113096,295103,502048,188257,1461149,154299,25948,59669,38303,48904
CA,CA14,201709,COM,19,35.10526316,0.421052632,0.735684211,$193.80 ,$0.00 ,$32.72 ,$133.31 ,$27.77 ,$0.00 ,0,0,0,2,1,1,0,0,2255381,3124.860076,789873,749021,60919,189668,113096,295103,502048,188257,1461149,154299,25948,59669,38303,48904
CA,CA15,201709,COM,2202,34.97093551,0.499091735,1.025370118,$596.14 ,$253.99 ,$159.37 ,$116.08 ,$66.69 ,$0.00 ,3,0,18,22,209,144,2,10,269075,1935.645521,84795,79606,14912,48433,23145,29320,80062,34066,193067,3236,5216,7611,5801,5926
CA,CA16,201709,COM,48,37.58333333,0.375,1.729833333,$544.64 ,$0.00 ,$278.94 ,$237.92 ,$27.77 ,$0.00 ,0,0,2,2,4,7,0,0,4673221,2470.336258,1796567,1692047,128698,373438,232541,689629,936866,360315,2804353,396804,19220,110888,205390,80356
CA,CA16,201709,COM,165013,34.03410034,0.502233157,0.912117718,$521.96 ,$122.71 ,$153.48 ,$160.00 ,$85.77 ,$0.00 ,109,38,1297,1646,12048,12112,166,594,4673221,2470.336258,1796567,1692047,128698,373438,232541,689629,936866,360315,2804353,396804,19220,110888,205390,80356
CA,CA17,201709,COM,1,34,1,0.452,$0.00 ,$0.00 ,$0.00 ,$0.00 ,$0.00 ,$0.00 ,0,0,0,0,0,0,0,0,539301,1496.015066,181213,172682,26130,73664,35012,67770,146907,48530,309505,12059,7723,11489,11100,5269
CA,CA17,201709,COM,4883,34.33442556,0.494368216,0.976466107,$367.54 ,$47.99 ,$140.65 ,$101.98 ,$76.93 ,$0.00 ,3,0,70,29,392,235,1,8,539301,1496.015066,181213,172682,26130,73664,35012,67770,146907,48530,309505,12059,7723,11489,11100,5269
CA,CA18,201709,COM,2,47,0.5,0.57,$0.00 ,$0.00 ,$0.00 ,$0.00 ,$0.00 ,$0.00 ,0,0,0,0,0,0,0,0,732212,1392.385418,241055,226727,28989,96905,53972,89461,201506,62038,494325,20238,8143,16525,14450,15994
CA,CA18,201709,COM,9562,34.20476888,0.498640452,0.950032002,$516.40 ,$120.87 ,$191.56 ,$127.82 ,$76.15 ,$0.00 ,14,1,100,59,739,509,7,49,732212,1392.385418,241055,226727,28989,96905,53972,89461,201506,62038,494325,20238,8143,16525,14450,15994
CA,CA19,201709,COM,33346,35.2092005,0.50128951,0.899017933,$407.05 ,$86.83 ,$131.70 ,$120.50 ,$68.02 ,$0.00 ,29,3,284,276,2222,1798,30,170,2291738,5095.099057,896341,819372,75758,168734,134416,335498,532415,114749,1083594,101802,25772,34828,51388,38576
CA,CA19,201709,COM,25,26.04,0.48,0.77688,$365.14 ,$0.00 ,$187.56 ,$127.96 ,$49.62 ,$0.00 ,0,0,1,0,0,3,0,2,2291738,5095.099057,896341,819372,75758,168734,134416,335498,532415,114749,1083594,101802,25772,34828,51388,38576
CA,CA2,201709,COM,8765,43.62236167,0.438676555,0.671990074,$110.97 ,$21.13 ,$33.50 ,$38.97 ,$17.37 ,$0.00 ,5,1,61,7,129,346,1,4,180216,4176.578436,57468,44057,10782,33928,15883,22446,51676,34263,160443,3448,6076,4616,3242,9708
CA,CA2,201709,COM,1,62,1,1.503,$0.00 ,$0.00 ,$0.00 ,$0.00 ,$0.00 ,$0.00 ,0,0,0,0,0,0,0,0,180216,4176.578436,57468,44057,10782,33928,15883,22446,51676,34263,160443,3448,6076,4616,3242,9708
CA,CA20,201709,COM,5062,38.72244172,0.509284868,1.099826946,"$1,529.90 ",$967.56 ,$321.15 ,$169.74 ,$71.45 ,$0.00 ,9,1,51,22,394,326,1,11,438530,821.7515515,156896,149067,15346,36031,23696,64390,98813,20223,269660,13520,4468,7695,7541,10444
CA,CA21,201709,COM,7007,38.85571571,0.499072356,1.013615813,$636.07 ,$248.61 ,$145.99 ,$152.99 ,$88.48 ,$0.00 ,12,1,61,30,455,487,5,26,641847,2324.181643,263188,238371,17271,57501,43401,116457,130712,38050,249451,23427,13544,12933,11677,12597
CA,CA21,201709,COM,8,47.875,0.5,0.790375,$72.14 ,$0.00 ,$0.00 ,$66.03 ,$6.11 ,$0.00 ,0,0,0,0,1,0,0,0,641847,2324.181643,263188,238371,17271,57501,43401,116457,130712,38050,249451,23427,13544,12933,11677,12597
CA,CA22,201709,COM,1373,36.81427531,0.502549162,1.404675892,"$1,231.24 ",$678.23 ,$277.01 ,$196.69 ,$79.31 ,$0.00 ,3,1,13,25,170,92,0,5,171365,1234.545845,62685,58539,6792,22175,14964,23303,45990,13426,84511,4555,4913,3992,3786,2411
CA,CA23,201709,COM,1092,37.31776557,0.498168498,1.161498169,$500.53 ,$144.74 ,$117.90 ,$174.65 ,$63.24 ,$0.00 ,2,1,15,8,97,81,0,2,151906,9005.172163,84579,59685,4117,9269,9764,35175,25619,1701,28770,2723,7154,1011,2769,11716
CA,CA23,201709,COM,3,59.66666667,0.333333333,3.028666667,$45.10 ,$0.00 ,$0.00 ,$45.10 ,$0.00 ,$0.00 ,0,0,0,0,0,1,0,0,151906,9005.172163,84579,59685,4117,9269,9764,35175,25619,1701,28770,2723,7154,1011,2769,11716
CA,CA24,201709,COM,5341,42.02059539,0.504212694,1.475216626,$659.37 ,$155.85 ,$245.60 ,$152.10 ,$105.82 ,$0.00 ,9,5,81,43,602,487,2,22,428006,8864.022501,193696,163983,16804,39396,35478,79271,91192,17615,138500,10651,26639,6204,11021,9809
CA,CA25,201709,COM,4448,36.18502698,0.494604317,1.092902203,$408.73 ,$53.31 ,$165.40 ,$103.97 ,$86.04 ,$0.00 ,5,2,53,16,470,290,0,18,470990,24672.40534,218386,187277,15591,36021,38019,90963,98766,8104,114440,8163,28551,6986,13481,12724
CA,CA25,201709,COM,3,47.33333333,1,5.847,$345.97 ,$0.00 ,$200.35 ,$116.94 ,$28.68 ,$0.00 ,0,0,0,0,0,1,0,0,470990,24672.40534,218386,187277,15591,36021,38019,90963,98766,8104,114440,8163,28551,6986,13481,12724
CA,CA3,201709,COM,31,46.74193548,0.612903226,1.683387097,$269.37 ,$0.00 ,$5.60 ,$126.02 ,$137.75 ,$0.00 ,0,0,0,1,2,1,0,0,4518699,27266.44488,1549773,1348982,180356,553160,432652,561952,1186660,340581,3038969,129608,113905,106066,62893,91930
CA,CA3,201709,COM,128884,37.00241302,0.500923311,0.80924259,$257.05 ,$69.65 ,$63.86 ,$54.78 ,$68.77 ,$0.00 ,125,26,1159,1510,5096,6725,41,140,4518699,27266.44488,1549773,1348982,180356,553160,432652,561952,1186660,340581,3038969,129608,113905,106066,62893,91930
CA,CA4,201709,COM,494142,36.70748489,0.501248629,0.845848693,$312.63 ,$75.32 ,$74.60 ,$77.32 ,$85.39 ,$0.00 ,501,89,3845,5187,24655,31521,307,950,13262234,4850.972611,4615697,4338482,441609,1781058,1352330,1739765,2957709,1601964,9307146,1149887,86507,469799,343744,220875
CA,CA4,201709,COM,110,35.61818182,0.463636364,1.9685,$532.06 ,$0.00 ,$190.31 ,$150.14 ,$191.61 ,$0.00 ,0,0,3,1,15,9,0,0,13262234,4850.972611,4615697,4338482,441609,1781058,1352330,1739765,2957709,1601964,9307146,1149887,86507,469799,343744,220875
CA,CA5,201709,COM,25260,35.78610451,0.487015044,0.96882981,$441.76 ,$97.15 ,$124.29 ,$124.05 ,$96.27 ,$0.00 ,32,4,253,254,1918,1941,14,73,848112,1842.466511,287498,271226,25853,88185,78474,123435,199599,77382,459811,31090,10988,17892,11400,12601
CA,CA5,201709,COM,6,35.16666667,0.5,2.273,"$2,168.80 ",$0.00 ,"$1,591.43 ",$387.86 ,$189.51 ,$0.00 ,0,0,0,0,1,1,0,0,848112,1842.466511,287498,271226,25853,88185,78474,123435,199599,77382,459811,31090,10988,17892,11400,12601
CA,CA6,201709,COM,13891,37.16780649,0.50341948,1.037196818,$527.27 ,$227.39 ,$110.22 ,$96.51 ,$93.15 ,$0.00 ,29,5,166,192,1018,796,5,8,443738,2735.137621,156210,144962,13861,52042,46478,64775,99117,45552,244382,21169,6950,15410,8052,19863
CA,CA6,201709,COM,5,53.2,0.4,2.6474,$749.65 ,$0.00 ,$0.00 ,$733.84 ,$15.81 ,$0.00 ,0,0,0,0,3,1,0,0,443738,2735.137621,156210,144962,13861,52042,46478,64775,99117,45552,244382,21169,6950,15410,8052,19863
CA,CA7,201709,COM,7,29.42857143,0.428571429,1.244857143,$386.67 ,$0.00 ,$0.00 ,$74.25 ,$312.42 ,$0.00 ,0,0,0,0,0,0,0,0,883053,8132.256436,295756,267913,39056,139584,77216,92005,257750,84735,576023,15490,21557,24792,18281,31126
CA,CA7,201709,COM,8273,34.49039043,0.480236915,1.096536323,$430.13 ,$90.17 ,$144.80 ,$124.18 ,$70.97 ,$0.00 ,13,1,95,109,750,683,5,35,883053,8132.256436,295756,267913,39056,139584,77216,92005,257750,84735,576023,15490,21557,24792,18281,31126
CA,CA8,201709,COM,5,38,0.6,3.7178,$423.42 ,$0.00 ,$20.17 ,$383.81 ,$19.44 ,$0.00 ,0,0,0,0,1,0,0,0,281455,3300.636162,121095,105317,6175,17123,20715,52758,50492,9045,86881,7329,9630,3482,4557,16435
CA,CA8,201709,COM,3008,40.78357713,0.490026596,1.254551862,$593.66 ,$185.11 ,$152.17 ,$128.28 ,$128.09 ,$0.00 ,8,1,48,43,266,265,1,4,281455,3300.636162,121095,105317,6175,17123,20715,52758,50492,9045,86881,7329,9630,3482,4557,16435
CA,CA9,201709,COM,4594,39.05333043,0.500217675,1.23014236,$519.84 ,$115.89 ,$170.94 ,$147.90 ,$85.12 ,$0.00 ,5,0,45,72,483,410,2,10,433212,3281.719108,141155,126052,10475,78816,46650,55515,114125,75432,301974,14534,6567,17221,5984,17741
CA,CA9,201709,COM,7,49.57142857,0.571428571,0.843142857,"$2,161.69 ","$1,316.49 ",$262.81 ,$538.70 ,$43.70 ,$0.00 ,0,0,0,0,1,2,0,0,433212,3281.719108,141155,126052,10475,78816,46650,55515,114125,75432,301974,14534,6567,17221,5984,17741
CA,CA1,201710,COM,47,40.23404255,0.595744681,2.260106383,$916.14 ,$0.00 ,$455.84 ,$157.84 ,$302.45 ,$0.00 ,0,0,0,0,8,6,0,0,3302833,4208.762531,1204884,1118980,106962,286008,279602,439595,726344,216965,1787453,255366,42081,75015,61486,89451
CA,CA1,201710,COM,315954,36.71487938,0.516704963,0.940567032,$398.26 ,$82.04 ,$96.69 ,$130.14 ,$89.38 ,$0.00 ,416,88,2432,5188,25837,22209,252,505,3302833,4208.762531,1204884,1118980,106962,286008,279602,439595,726344,216965,1787453,255366,42081,75015,61486,89451
CA,CA10,201710,COM,4143,34.78807627,0.46198407,1.10836616,$436.79 ,$92.01 ,$142.10 ,$122.19 ,$80.48 ,$0.00 ,7,1,38,57,524,359,2,11,460477,4824.376542,147791,136106,18321,81345,44779,50391,143528,61208,326860,6561,10023,13317,8274,5426
CA,CA10,201710,COM,5,44,0.4,0.8562,$197.02 ,$0.00 ,$157.41 ,$21.36 ,$18.25 ,$0.00 ,0,0,0,0,1,0,0,0,460477,4824.376542,147791,136106,18321,81345,44779,50391,143528,61208,326860,6561,10023,13317,8274,5426
CA,CA11,201710,COM,1112,34.34892086,0.503597122,1.01115018,$548.19 ,$21.86 ,$304.78 ,$150.77 ,$70.78 ,$0.00 ,1,1,9,10,155,89,2,1,150075,1390.308446,45792,42735,4855,24270,10946,14567,40935,13829,101017,2919,1938,3483,2730,14912
CA,CA12,201710,COM,1,42,0,0.33,$0.00 ,$0.00 ,$0.00 ,$0.00 ,$0.00 ,$0.00 ,0,0,0,0,0,0,0,0,978130,5958.095977,328577,304624,41276,147389,92035,114438,279979,108140,686675,23756,12508,28262,25805,16750
CA,CA12,201710,COM,11801,34.80823659,0.505126684,1.05588179,$414.89 ,$66.25 ,$118.29 ,$129.23 ,$101.12 ,$0.00 ,11,0,120,185,1215,1036,11,22,978130,5958.095977,328577,304624,41276,147389,92035,114438,279979,108140,686675,23756,12508,28262,25805,16750
CA,CA13,201710,COM,2555,37.19021526,0.495890411,1.096199609,$411.55 ,$62.74 ,$164.55 ,$102.64 ,$81.62 ,$0.00 ,1,1,40,20,305,235,3,12,342954,21389.49918,163854,119622,10594,41422,24903,67475,74845,21273,143965,5802,14241,5844,5879,17935
CA,CA14,201710,COM,119667,35.59217662,0.515605806,0.811152064,$442.56 ,$58.70 ,$149.31 ,$148.34 ,$86.20 ,$0.00 ,49,26,720,793,8635,8200,133,384,2255381,3124.860076,789873,749021,60919,189668,113096,295103,502048,188257,1461149,154299,25948,59669,38303,48904
CA,CA14,201710,COM,19,35.21052632,0.421052632,0.735684211,"$1,530.07 ",$0.00 ,"$1,344.39 ",$174.59 ,$11.10 ,$0.00 ,0,0,0,0,0,1,0,0,2255381,3124.860076,789873,749021,60919,189668,113096,295103,502048,188257,1461149,154299,25948,59669,38303,48904
CA,CA15,201710,COM,2199,35.02683038,0.49886312,1.026282856,$499.23 ,$171.26 ,$137.71 ,$112.47 ,$77.79 ,$0.00 ,4,0,27,23,240,155,0,8,269075,1935.645521,84795,79606,14912,48433,23145,29320,80062,34066,193067,3236,5216,7611,5801,5926
CA,CA16,201710,COM,48,37.625,0.375,1.729833333,$836.61 ,$0.00 ,$159.15 ,$409.58 ,$267.88 ,$0.00 ,0,0,0,0,4,9,0,0,4673221,2470.336258,1796567,1692047,128698,373438,232541,689629,936866,360315,2804353,396804,19220,110888,205390,80356
CA,CA16,201710,COM,165001,34.08729038,0.502227259,0.912125496,$505.73 ,$88.16 ,$153.26 ,$172.97 ,$91.34 ,$0.00 ,121,37,1295,1679,13042,12774,181,605,4673221,2470.336258,1796567,1692047,128698,373438,232541,689629,936866,360315,2804353,396804,19220,110888,205390,80356
CA,CA17,201710,COM,1,34,1,0.452,$0.00 ,$0.00 ,$0.00 ,$0.00 ,$0.00 ,$0.00 ,0,0,0,0,0,0,0,0,539301,1496.015066,181213,172682,26130,73664,35012,67770,146907,48530,309505,12059,7723,11489,11100,5269
CA,CA17,201710,COM,4881,34.39971317,0.494570785,0.976295226,$559.74 ,$142.13 ,$196.57 ,$138.28 ,$82.76 ,$0.00 ,9,2,56,26,463,298,1,8,539301,1496.015066,181213,172682,26130,73664,35012,67770,146907,48530,309505,12059,7723,11489,11100,5269
CA,CA18,201710,COM,2,47,0.5,0.57,$125.55 ,$0.00 ,$0.00 ,$125.55 ,$0.00 ,$0.00 ,0,0,0,0,0,1,0,0,732212,1392.385418,241055,226727,28989,96905,53972,89461,201506,62038,494325,20238,8143,16525,14450,15994
CA,CA18,201710,COM,9561,34.26398912,0.498797197,0.950587386,$544.08 ,$170.70 ,$151.25 ,$144.53 ,$77.60 ,$0.00 ,18,1,109,66,795,570,4,49,732212,1392.385418,241055,226727,28989,96905,53972,89461,201506,62038,494325,20238,8143,16525,14450,15994
CA,CA19,201710,COM,25,26.08,0.48,0.77688,$227.73 ,$0.00 ,$0.00 ,$221.21 ,$6.52 ,$0.00 ,0,0,0,0,3,2,0,2,2291738,5095.099057,896341,819372,75758,168734,134416,335498,532415,114749,1083594,101802,25772,34828,51388,38576
CA,CA19,201710,COM,33344,35.27471209,0.501409549,0.89893723,$517.40 ,$146.02 ,$151.23 ,$143.75 ,$76.40 ,$0.00 ,39,1,266,269,2430,1951,17,169,2291738,5095.099057,896341,819372,75758,168734,134416,335498,532415,114749,1083594,101802,25772,34828,51388,38576
CA,CA2,201710,COM,8769,43.71456266,0.438590489,0.671895541,$148.80 ,$40.36 ,$47.95 ,$37.09 ,$23.40 ,$0.00 ,4,0,64,5,121,400,1,6,180216,4176.578436,57468,44057,10782,33928,15883,22446,51676,34263,160443,3448,6076,4616,3242,9708
CA,CA2,201710,COM,1,63,1,1.503,$357.13 ,$0.00 ,$61.04 ,$296.09 ,$0.00 ,$0.00 ,0,0,0,0,0,0,0,0,180216,4176.578436,57468,44057,10782,33928,15883,22446,51676,34263,160443,3448,6076,4616,3242,9708
CA,CA20,201710,COM,5068,38.77663773,0.509273875,1.099010458,$628.67 ,$137.76 ,$261.50 ,$156.58 ,$72.83 ,$0.00 ,11,1,52,39,392,332,2,9,438530,821.7515515,156896,149067,15346,36031,23696,64390,98813,20223,269660,13520,4468,7695,7541,10444
CA,CA21,201710,COM,7008,38.92579909,0.49928653,1.013570063,$574.74 ,$193.43 ,$152.54 ,$126.11 ,$102.67 ,$0.00 ,11,1,47,32,442,435,3,20,641847,2324.181643,263188,238371,17271,57501,43401,116457,130712,38050,249451,23427,13544,12933,11677,12597
CA,CA21,201710,COM,8,48,0.5,0.790375,$4.59 ,$0.00 ,$0.00 ,$0.00 ,$4.59 ,$0.00 ,0,0,0,0,0,0,0,0,641847,2324.181643,263188,238371,17271,57501,43401,116457,130712,38050,249451,23427,13544,12933,11677,12597
CA,CA22,201710,COM,1374,36.86972344,0.502183406,1.403972344,"$1,131.08 ",$382.62 ,$389.83 ,$262.85 ,$95.78 ,$0.00 ,6,1,17,24,193,115,0,6,171365,1234.545845,62685,58539,6792,22175,14964,23303,45990,13426,84511,4555,4913,3992,3786,2411
CA,CA23,201710,COM,3,59.66666667,0.333333333,3.028666667,$113.53 ,$0.00 ,$0.00 ,$85.70 ,$27.83 ,$0.00 ,0,0,0,0,1,0,0,0,151906,9005.172163,84579,59685,4117,9269,9764,35175,25619,1701,28770,2723,7154,1011,2769,11716
CA,CA23,201710,COM,1092,37.41666667,0.498168498,1.161498169,$593.64 ,$213.29 ,$127.15 ,$182.17 ,$71.03 ,$0.00 ,3,0,15,15,113,98,0,2,151906,9005.172163,84579,59685,4117,9269,9764,35175,25619,1701,28770,2723,7154,1011,2769,11716
CA,CA24,201710,COM,5341,42.08837296,0.504399925,1.476952631,$646.38 ,$114.35 ,$275.15 ,$148.56 ,$108.32 ,$0.00 ,7,2,84,39,659,491,3,23,428006,8864.022501,193696,163983,16804,39396,35478,79271,91192,17615,138500,10651,26639,6204,11021,9809
CA,CA25,201710,COM,4449,36.26657676,0.494717914,1.093377613,$527.88 ,$118.82 ,$173.24 ,$150.36 ,$85.46 ,$0.00 ,4,2,53,20,507,345,0,18,470990,24672.40534,218386,187277,15591,36021,38019,90963,98766,8104,114440,8163,28551,6986,13481,12724
CA,CA25,201710,COM,3,47.33333333,1,5.847,$472.66 ,$0.00 ,$0.00 ,$464.19 ,$8.47 ,$0.00 ,0,0,0,0,0,0,0,0,470990,24672.40534,218386,187277,15591,36021,38019,90963,98766,8104,114440,8163,28551,6986,13481,12724
CA,CA3,201710,COM,128860,37.07255937,0.500939004,0.80939917,$287.83 ,$80.49 ,$69.47 ,$62.92 ,$74.95 ,$0.00 ,141,19,1135,1589,5624,7241,54,130,4518699,27266.44488,1549773,1348982,180356,553160,432652,561952,1186660,340581,3038969,129608,113905,106066,62893,91930
CA,CA3,201710,COM,31,46.80645161,0.612903226,1.683387097,$556.14 ,$0.00 ,$118.67 ,$140.87 ,$296.60 ,$0.00 ,0,0,0,0,1,4,0,0,4518699,27266.44488,1549773,1348982,180356,553160,432652,561952,1186660,340581,3038969,129608,113905,106066,62893,91930
CA,CA4,201710,COM,494137,36.77452812,0.501259772,0.84589985,$334.50 ,$81.02 ,$77.93 ,$84.66 ,$90.89 ,$0.00 ,546,76,3970,5156,26723,33498,332,1006,13262234,4850.972611,4615697,4338482,441609,1781058,1352330,1739765,2957709,1601964,9307146,1149887,86507,469799,343744,220875
CA,CA4,201710,COM,110,35.71818182,0.463636364,1.9685,$555.86 ,$37.23 ,$102.73 ,$250.65 ,$165.26 ,$0.00 ,1,0,2,0,15,9,1,0,13262234,4850.972611,4615697,4338482,441609,1781058,1352330,1739765,2957709,1601964,9307146,1149887,86507,469799,343744,220875
CA,CA5,201710,COM,25255,35.8418135,0.487071867,0.968772679,$469.37 ,$101.02 ,$120.83 ,$140.48 ,$107.04 ,$0.00 ,30,3,212,271,2034,2088,27,77,848112,1842.466511,287498,271226,25853,88185,78474,123435,199599,77382,459811,31090,10988,17892,11400,12601
CA,CA5,201710,COM,6,35.33333333,0.5,2.273,$454.50 ,$0.00 ,$154.00 ,$153.42 ,$147.09 ,$0.00 ,0,0,0,0,1,2,0,0,848112,1842.466511,287498,271226,25853,88185,78474,123435,199599,77382,459811,31090,10988,17892,11400,12601
CA,CA6,201710,COM,5,53.4,0.4,2.6474,$24.75 ,$0.00 ,$0.00 ,$0.00 ,$24.75 ,$0.00 ,0,0,0,0,0,0,0,0,443738,2735.137621,156210,144962,13861,52042,46478,64775,99117,45552,244382,21169,6950,15410,8052,19863
CA,CA6,201710,COM,13889,37.23983008,0.503491972,1.037349773,$540.17 ,$209.18 ,$126.76 ,$105.06 ,$99.16 ,$0.00 ,19,9,188,183,1146,872,4,8,443738,2735.137621,156210,144962,13861,52042,46478,64775,99117,45552,244382,21169,6950,15410,8052,19863
CA,CA7,201710,COM,7,29.42857143,0.428571429,1.244857143,$499.77 ,$0.00 ,$157.30 ,$149.92 ,$192.54 ,$0.00 ,0,0,1,0,1,1,0,0,883053,8132.256436,295756,267913,39056,139584,77216,92005,257750,84735,576023,15490,21557,24792,18281,31126
CA,CA7,201710,COM,8273,34.55626738,0.48035779,1.096934365,$518.65 ,$167.22 ,$138.46 ,$132.95 ,$80.01 ,$0.00 ,12,3,96,145,833,681,10,39,883053,8132.256436,295756,267913,39056,139584,77216,92005,257750,84735,576023,15490,21557,24792,18281,31126
CA,CA8,201710,COM,3007,40.85034919,0.489857,1.2539714,$554.35 ,$67.30 ,$214.95 ,$127.62 ,$144.49 ,$0.00 ,3,0,44,54,287,312,2,3,281455,3300.636162,121095,105317,6175,17123,20715,52758,50492,9045,86881,7329,9630,3482,4557,16435
CA,CA8,201710,COM,5,38,0.6,3.7178,"$1,023.13 ",$0.00 ,$464.80 ,$506.06 ,$52.27 ,$0.00 ,0,0,0,0,3,2,0,0,281455,3300.636162,121095,105317,6175,17123,20715,52758,50492,9045,86881,7329,9630,3482,4557,16435
CA,CA9,201710,COM,4599,39.11024136,0.500326158,1.230425962,$710.75 ,$213.23 ,$207.50 ,$185.20 ,$104.83 ,$0.00 ,7,0,57,59,538,448,6,9,433212,3281.719108,141155,126052,10475,78816,46650,55515,114125,75432,301974,14534,6567,17221,5984,17741
CA,CA9,201710,COM,7,49.71428571,0.571428571,0.843142857,$80.29 ,$0.00 ,$41.24 ,$20.41 ,$18.63 ,$0.00 ,0,0,0,0,0,1,0,0,433212,3281.719108,141155,126052,10475,78816,46650,55515,114125,75432,301974,14534,6567,17221,5984,17741
CA,CA1,201711,COM,311228,36.81782166,0.517019677,0.941276649,$381.54 ,$79.95 ,$87.68 ,$123.30 ,$90.61 ,$0.00 ,408,78,2296,5455,23847,20700,220,498,3302833,4208.762531,1204884,1118980,106962,286008,279602,439595,726344,216965,1787453,255366,42081,75015,61486,89451
CA,CA1,201711,COM,43,39.34883721,0.604651163,2.172162791,$840.18 ,$0.00 ,$218.87 ,$182.24 ,$439.07 ,$0.00 ,0,0,1,1,2,8,0,0,3302833,4208.762531,1204884,1118980,106962,286008,279602,439595,726344,216965,1787453,255366,42081,75015,61486,89451
CA,CA10,201711,COM,4060,34.86453202,0.462068966,1.115155911,$398.83 ,$79.37 ,$122.22 ,$118.59 ,$78.66 ,$0.00 ,8,3,32,49,500,305,1,9,460477,4824.376542,147791,136106,18321,81345,44779,50391,143528,61208,326860,6561,10023,13317,8274,5426
CA,CA10,201711,COM,5,44.2,0.4,0.8562,$21.36 ,$0.00 ,$0.00 ,$21.36 ,$0.00 ,$0.00 ,0,0,0,0,1,0,0,0,460477,4824.376542,147791,136106,18321,81345,44779,50391,143528,61208,326860,6561,10023,13317,8274,5426
CA,CA11,201711,COM,1096,34.39324818,0.502737226,1.008395073,$283.40 ,$12.77 ,$102.79 ,$118.35 ,$49.49 ,$0.00 ,0,0,15,6,134,85,0,0,150075,1390.308446,45792,42735,4855,24270,10946,14567,40935,13829,101017,2919,1938,3483,2730,14912
CA,CA12,201711,COM,11614,34.92336835,0.505855003,1.055499139,$356.90 ,$43.87 ,$99.50 ,$118.76 ,$94.78 ,$0.00 ,10,0,115,194,1095,923,9,23,978130,5958.095977,328577,304624,41276,147389,92035,114438,279979,108140,686675,23756,12508,28262,25805,16750
CA,CA12,201711,COM,1,42,0,0.33,$0.00 ,$0.00 ,$0.00 ,$0.00 ,$0.00 ,$0.00 ,0,0,0,0,0,0,0,0,978130,5958.095977,328577,304624,41276,147389,92035,114438,279979,108140,686675,23756,12508,28262,25805,16750
CA,CA13,201711,COM,2523,37.16091954,0.495838288,1.098524772,$400.98 ,$59.81 ,$160.52 ,$112.69 ,$67.96 ,$0.00 ,2,0,33,19,225,232,0,13,342954,21389.49918,163854,119622,10594,41422,24903,67475,74845,21273,143965,5802,14241,5844,5879,17935
CA,CA14,201711,COM,117969,35.67445685,0.515805,0.812030881,$408.05 ,$54.77 ,$127.12 ,$142.17 ,$83.99 ,$0.00 ,67,29,652,842,8362,7633,126,391,2255381,3124.860076,789873,749021,60919,189668,113096,295103,502048,188257,1461149,154299,25948,59669,38303,48904
CA,CA14,201711,COM,19,35.31578947,0.421052632,0.735684211,$94.38 ,$0.00 ,$0.00 ,$84.73 ,$9.66 ,$0.00 ,0,0,0,0,0,1,0,0,2255381,3124.860076,789873,749021,60919,189668,113096,295103,502048,188257,1461149,154299,25948,59669,38303,48904
CA,CA15,201711,COM,2153,35.11704598,0.501625639,1.028072922,$486.77 ,$135.15 ,$151.78 ,$115.57 ,$84.28 ,$0.00 ,1,0,26,22,221,150,0,8,269075,1935.645521,84795,79606,14912,48433,23145,29320,80062,34066,193067,3236,5216,7611,5801,5926
CA,CA16,201711,COM,162524,34.15655534,0.502301199,0.913124763,$518.04 ,$101.82 ,$159.01 ,$162.81 ,$94.39 ,$0.00 ,128,39,1194,1710,12547,12203,187,585,4673221,2470.336258,1796567,1692047,128698,373438,232541,689629,936866,360315,2804353,396804,19220,110888,205390,80356
CA,CA16,201711,COM,44,38.59090909,0.363636364,1.857568182,$793.41 ,$0.00 ,$462.13 ,$236.26 ,$95.01 ,$0.00 ,0,0,0,0,4,7,0,0,4673221,2470.336258,1796567,1692047,128698,373438,232541,689629,936866,360315,2804353,396804,19220,110888,205390,80356
CA,CA17,201711,COM,1,34,1,0.452,$0.00 ,$0.00 ,$0.00 ,$0.00 ,$0.00 ,$0.00 ,0,0,0,0,0,0,0,0,539301,1496.015066,181213,172682,26130,73664,35012,67770,146907,48530,309505,12059,7723,11489,11100,5269
CA,CA17,201711,COM,4790,34.55365345,0.495615866,0.985560543,$530.07 ,$149.73 ,$189.91 ,$122.01 ,$68.42 ,$0.00 ,6,1,54,42,455,280,3,8,539301,1496.015066,181213,172682,26130,73664,35012,67770,146907,48530,309505,12059,7723,11489,11100,5269
CA,CA18,201711,COM,1,62,1,1.013,$0.00 ,$0.00 ,$0.00 ,$0.00 ,$0.00 ,$0.00 ,0,0,0,0,0,0,0,0,732212,1392.385418,241055,226727,28989,96905,53972,89461,201506,62038,494325,20238,8143,16525,14450,15994
CA,CA18,201711,COM,9414,34.35649033,0.498937752,0.944118972,$457.61 ,$97.32 ,$160.24 ,$120.84 ,$79.21 ,$0.00 ,13,2,111,70,801,548,4,43,732212,1392.385418,241055,226727,28989,96905,53972,89461,201506,62038,494325,20238,8143,16525,14450,15994
CA,CA19,201711,COM,32744,35.35169802,0.501618617,0.895069631,$464.87 ,$104.36 ,$142.50 ,$139.52 ,$78.49 ,$0.00 ,32,1,226,275,2289,1817,10,160,2291738,5095.099057,896341,819372,75758,168734,134416,335498,532415,114749,1083594,101802,25772,34828,51388,38576
CA,CA19,201711,COM,24,24.58333333,0.458333333,0.782166667,$645.34 ,$503.56 ,$0.00 ,$139.36 ,$2.43 ,$0.00 ,0,0,0,0,1,1,0,2,2291738,5095.099057,896341,819372,75758,168734,134416,335498,532415,114749,1083594,101802,25772,34828,51388,38576
CA,CA2,201711,COM,1,63,1,1.503,$20.65 ,$0.00 ,$0.00 ,$0.00 ,$20.65 ,$0.00 ,0,0,0,0,0,0,0,0,180216,4176.578436,57468,44057,10782,33928,15883,22446,51676,34263,160443,3448,6076,4616,3242,9708
CA,CA2,201711,COM,8688,43.81526243,0.438305709,0.669319291,$124.88 ,$26.20 ,$44.83 ,$33.21 ,$20.64 ,$0.00 ,10,1,50,6,121,381,1,3,180216,4176.578436,57468,44057,10782,33928,15883,22446,51676,34263,160443,3448,6076,4616,3242,9708
CA,CA20,201711,COM,4966,38.93495771,0.509867096,1.076017116,$737.80 ,$167.78 ,$351.30 ,$148.14 ,$70.58 ,$0.00 ,6,1,40,22,404,288,2,11,438530,821.7515515,156896,149067,15346,36031,23696,64390,98813,20223,269660,13520,4468,7695,7541,10444
CA,CA21,201711,COM,8,48.125,0.5,0.790375,$49.17 ,$0.00 ,$0.00 ,$49.17 ,$0.00 ,$0.00 ,0,0,0,0,0,1,0,0,641847,2324.181643,263188,238371,17271,57501,43401,116457,130712,38050,249451,23427,13544,12933,11677,12597
CA,CA21,201711,COM,6922,38.98266397,0.499711066,1.002590725,$476.45 ,$121.78 ,$139.21 ,$123.10 ,$92.37 ,$0.00 ,5,0,60,41,473,477,5,20,641847,2324.181643,263188,238371,17271,57501,43401,116457,130712,38050,249451,23427,13544,12933,11677,12597
CA,CA22,201711,COM,1352,36.8831361,0.50147929,1.395047337,$955.52 ,$267.04 ,$376.73 ,$196.43 ,$115.32 ,$0.00 ,2,0,13,17,196,125,0,5,171365,1234.545845,62685,58539,6792,22175,14964,23303,45990,13426,84511,4555,4913,3992,3786,2411
CA,CA23,201711,COM,3,59.66666667,0.333333333,3.028666667,$79.65 ,$0.00 ,$0.00 ,$66.44 ,$13.21 ,$0.00 ,0,0,0,0,1,0,0,0,151906,9005.172163,84579,59685,4117,9269,9764,35175,25619,1701,28770,2723,7154,1011,2769,11716
CA,CA23,201711,COM,1084,37.48154982,0.495387454,1.164836716,$575.19 ,$166.40 ,$138.92 ,$154.35 ,$115.52 ,$0.00 ,1,0,16,4,109,90,4,2,151906,9005.172163,84579,59685,4117,9269,9764,35175,25619,1701,28770,2723,7154,1011,2769,11716
CA,CA24,201711,COM,5249,42.19603734,0.503714993,1.47920804,$767.72 ,$212.32 ,$266.76 ,$186.19 ,$102.45 ,$0.00 ,15,2,71,43,635,473,4,22,428006,8864.022501,193696,163983,16804,39396,35478,79271,91192,17615,138500,10651,26639,6204,11021,9809
CA,CA25,201711,COM,4380,36.41415525,0.493378995,1.097958448,$528.26 ,$121.61 ,$185.37 ,$119.97 ,$101.31 ,$0.00 ,6,1,61,19,480,335,1,16,470990,24672.40534,218386,187277,15591,36021,38019,90963,98766,8104,114440,8163,28551,6986,13481,12724
CA,CA25,201711,COM,3,47.33333333,1,5.847,$11.71 ,$0.00 ,$0.00 ,$0.00 ,$11.71 ,$0.00 ,0,0,0,0,0,0,0,0,470990,24672.40534,218386,187277,15591,36021,38019,90963,98766,8104,114440,8163,28551,6986,13481,12724
CA,CA3,201711,COM,31,47.06451613,0.612903226,1.683387097,$250.45 ,$0.00 ,$3.39 ,$64.77 ,$182.29 ,$0.00 ,0,0,0,0,3,1,0,0,4518699,27266.44488,1549773,1348982,180356,553160,432652,561952,1186660,340581,3038969,129608,113905,106066,62893,91930
CA,CA3,201711,COM,125748,37.14123485,0.500811146,0.810585202,$259.44 ,$58.47 ,$66.80 ,$58.94 ,$75.23 ,$0.00 ,127,12,1080,1432,5182,6643,37,134,4518699,27266.44488,1549773,1348982,180356,553160,432652,561952,1186660,340581,3038969,129608,113905,106066,62893,91930
CA,CA4,201711,COM,109,35.89908257,0.467889908,1.939623853,$510.42 ,$0.00 ,$228.62 ,$163.34 ,$118.46 ,$0.00 ,0,0,0,0,9,9,0,0,13262234,4850.972611,4615697,4338482,441609,1781058,1352330,1739765,2957709,1601964,9307146,1149887,86507,469799,343744,220875
CA,CA4,201711,COM,484318,36.85195884,0.501618771,0.847052501,$312.88 ,$64.18 ,$76.51 ,$81.62 ,$90.57 ,$0.00 ,468,77,3653,5174,25064,31126,347,952,13262234,4850.972611,4615697,4338482,441609,1781058,1352330,1739765,2957709,1601964,9307146,1149887,86507,469799,343744,220875
CA,CA5,201711,COM,24959,35.891462,0.487880123,0.967136624,$466.64 ,$92.14 ,$140.44 ,$141.09 ,$92.97 ,$0.00 ,19,4,223,232,1912,1943,32,79,848112,1842.466511,287498,271226,25853,88185,78474,123435,199599,77382,459811,31090,10988,17892,11400,12601
CA,CA5,201711,COM,4,37.75,0.5,3.24525,$389.68 ,$0.00 ,$132.00 ,$112.52 ,$145.16 ,$0.00 ,0,0,0,1,1,0,0,0,848112,1842.466511,287498,271226,25853,88185,78474,123435,199599,77382,459811,31090,10988,17892,11400,12601
CA,CA6,201711,COM,13677,37.37749507,0.503546099,1.036500768,$498.14 ,$150.19 ,$139.67 ,$102.62 ,$105.65 ,$0.00 ,17,10,148,137,1089,799,7,7,443738,2735.137621,156210,144962,13861,52042,46478,64775,99117,45552,244382,21169,6950,15410,8052,19863
CA,CA6,201711,COM,3,50.66666667,0.333333333,3.351333333,$46.99 ,$0.00 ,$0.00 ,$23.51 ,$23.48 ,$0.00 ,0,0,0,0,1,0,0,0,443738,2735.137621,156210,144962,13861,52042,46478,64775,99117,45552,244382,21169,6950,15410,8052,19863
CA,CA7,201711,COM,8161,34.61377282,0.480333293,1.099267737,$420.84 ,$96.99 ,$127.95 ,$121.93 ,$73.97 ,$0.00 ,8,0,84,128,847,635,8,39,883053,8132.256436,295756,267913,39056,139584,77216,92005,257750,84735,576023,15490,21557,24792,18281,31126
CA,CA7,201711,COM,7,29.57142857,0.428571429,1.244857143,$288.01 ,$0.00 ,$0.00 ,$114.45 ,$173.56 ,$0.00 ,0,0,0,0,1,0,0,0,883053,8132.256436,295756,267913,39056,139584,77216,92005,257750,84735,576023,15490,21557,24792,18281,31126
CA,CA8,201711,COM,5,38.4,0.6,3.7178,"$1,977.36 ",$0.00 ,$228.66 ,"$1,701.22 ",$47.48 ,$0.00 ,0,0,0,0,1,1,0,0,281455,3300.636162,121095,105317,6175,17123,20715,52758,50492,9045,86881,7329,9630,3482,4557,16435
CA,CA8,201711,COM,2966,40.95178692,0.490896831,1.257819285,$491.36 ,$57.88 ,$167.17 ,$131.06 ,$135.26 ,$0.00 ,4,0,35,44,291,260,2,4,281455,3300.636162,121095,105317,6175,17123,20715,52758,50492,9045,86881,7329,9630,3482,4557,16435
CA,CA9,201711,COM,7,49.71428571,0.571428571,0.843142857,$238.60 ,$0.00 ,$74.14 ,$96.73 ,$67.72 ,$0.00 ,0,0,0,0,1,1,0,0,433212,3281.719108,141155,126052,10475,78816,46650,55515,114125,75432,301974,14534,6567,17221,5984,17741
CA,CA9,201711,COM,4506,39.31557923,0.501331558,1.236350422,$736.80 ,$253.72 ,$222.03 ,$162.80 ,$98.24 ,$0.00 ,13,1,61,77,472,431,6,10,433212,3281.719108,141155,126052,10475,78816,46650,55515,114125,75432,301974,14534,6567,17221,5984,17741
CA,CA1,201712,COM,41,38.58536585,0.585365854,2.244512195,$631.10 ,$0.00 ,$78.31 ,$187.02 ,$365.77 ,$0.00 ,0,0,1,0,4,6,0,0,3302833,4208.762531,1204884,1118980,106962,286008,279602,439595,726344,216965,1787453,255366,42081,75015,61486,89451
CA,CA1,201712,COM,304478,36.91490682,0.517351007,0.941510644,$380.23 ,$77.38 ,$90.42 ,$117.60 ,$94.83 ,$0.00 ,440,66,2425,6819,23297,19019,193,459,3302833,4208.762531,1204884,1118980,106962,286008,279602,439595,726344,216965,1787453,255366,42081,75015,61486,89451
CA,CA10,201712,COM,5,44.2,0.4,0.8562,$40.48 ,$0.00 ,$0.00 ,$15.12 ,$25.35 ,$0.00 ,0,0,0,0,1,0,0,0,460477,4824.376542,147791,136106,18321,81345,44779,50391,143528,61208,326860,6561,10023,13317,8274,5426
CA,CA10,201712,COM,3903,34.97412247,0.46400205,1.122219319,$347.58 ,$58.63 ,$110.62 ,$96.74 ,$81.60 ,$0.00 ,2,0,31,65,506,286,2,10,460477,4824.376542,147791,136106,18321,81345,44779,50391,143528,61208,326860,6561,10023,13317,8274,5426
CA,CA11,201712,COM,1041,34.76368876,0.508165226,1.034048991,$284.89 ,$43.71 ,$87.01 ,$70.38 ,$83.79 ,$0.00 ,2,0,10,9,128,61,0,0,150075,1390.308446,45792,42735,4855,24270,10946,14567,40935,13829,101017,2919,1938,3483,2730,14912
CA,CA12,201712,COM,1,42,0,0.33,$0.00 ,$0.00 ,$0.00 ,$0.00 ,$0.00 ,$0.00 ,0,0,0,0,0,0,0,0,978130,5958.095977,328577,304624,41276,147389,92035,114438,279979,108140,686675,23756,12508,28262,25805,16750
CA,CA12,201712,COM,11152,35.0660868,0.506456241,1.061702565,$397.31 ,$74.70 ,$105.44 ,$116.43 ,$100.73 ,$0.00 ,16,2,119,242,1039,849,7,18,978130,5958.095977,328577,304624,41276,147389,92035,114438,279979,108140,686675,23756,12508,28262,25805,16750
CA,CA13,201712,COM,2440,37.16270492,0.494262295,1.09947418,$448.50 ,$106.75 ,$143.70 ,$108.49 ,$89.56 ,$0.00 ,6,2,30,11,240,193,2,12,342954,21389.49918,163854,119622,10594,41422,24903,67475,74845,21273,143965,5802,14241,5844,5879,17935
CA,CA14,201712,COM,15,38.73333333,0.4,0.8324,$117.19 ,$0.00 ,$0.00 ,$105.43 ,$11.76 ,$0.00 ,0,0,0,0,1,1,0,0,2255381,3124.860076,789873,749021,60919,189668,113096,295103,502048,188257,1461149,154299,25948,59669,38303,48904
CA,CA14,201712,COM,116369,35.74346261,0.516314482,0.813130645,$448.19 ,$78.28 ,$139.20 ,$142.64 ,$88.06 ,$0.00 ,56,29,773,960,8288,6975,103,385,2255381,3124.860076,789873,749021,60919,189668,113096,295103,502048,188257,1461149,154299,25948,59669,38303,48904
CA,CA15,201712,COM,2049,35.02342606,0.504636408,1.019118594,$526.80 ,$191.23 ,$132.30 ,$149.53 ,$53.74 ,$0.00 ,1,0,20,29,193,127,0,7,269075,1935.645521,84795,79606,14912,48433,23145,29320,80062,34066,193067,3236,5216,7611,5801,5926
CA,CA16,201712,COM,44,38.68181818,0.363636364,1.857568182,$210.91 ,$0.00 ,$0.00 ,$120.06 ,$90.85 ,$0.00 ,0,0,0,0,3,4,1,0,4673221,2470.336258,1796567,1692047,128698,373438,232541,689629,936866,360315,2804353,396804,19220,110888,205390,80356
CA,CA16,201712,COM,160032,34.21745026,0.5019996,0.912881655,$477.09 ,$83.23 ,$148.52 ,$152.30 ,$93.04 ,$0.00 ,123,33,1382,2130,12483,11005,173,578,4673221,2470.336258,1796567,1692047,128698,373438,232541,689629,936866,360315,2804353,396804,19220,110888,205390,80356
CA,CA17,201712,COM,1,34,1,0.452,$643.28 ,$0.00 ,$0.00 ,$639.00 ,$4.28 ,$0.00 ,0,0,0,0,0,1,0,0,539301,1496.015066,181213,172682,26130,73664,35012,67770,146907,48530,309505,12059,7723,11489,11100,5269
CA,CA17,201712,COM,4661,34.55782021,0.495387256,0.982653508,$507.56 ,$123.60 ,$169.37 ,$126.04 ,$88.56 ,$0.00 ,7,0,59,36,473,241,3,6,539301,1496.015066,181213,172682,26130,73664,35012,67770,146907,48530,309505,12059,7723,11489,11100,5269
CA,CA18,201712,COM,1,62,1,1.013,$0.00 ,$0.00 ,$0.00 ,$0.00 ,$0.00 ,$0.00 ,0,0,0,0,0,0,0,0,732212,1392.385418,241055,226727,28989,96905,53972,89461,201506,62038,494325,20238,8143,16525,14450,15994
CA,CA18,201712,COM,9247,34.41937926,0.499729642,0.947052341,$435.32 ,$83.13 ,$150.70 ,$117.26 ,$84.23 ,$0.00 ,14,2,97,90,850,529,2,38,732212,1392.385418,241055,226727,28989,96905,53972,89461,201506,62038,494325,20238,8143,16525,14450,15994
CA,CA19,201712,COM,24,24.625,0.458333333,0.782166667,$144.46 ,$0.00 ,$49.98 ,$43.25 ,$51.22 ,$0.00 ,0,0,0,1,2,1,0,2,2291738,5095.099057,896341,819372,75758,168734,134416,335498,532415,114749,1083594,101802,25772,34828,51388,38576
CA,CA19,201712,COM,32324,35.43726024,0.501670585,0.895887854,$465.75 ,$105.88 ,$147.22 ,$135.91 ,$76.74 ,$0.00 ,33,5,236,341,2242,1700,22,157,2291738,5095.099057,896341,819372,75758,168734,134416,335498,532415,114749,1083594,101802,25772,34828,51388,38576
CA,CA2,201712,COM,8515,43.88021139,0.436641221,0.668321668,$121.12 ,$27.50 ,$40.05 ,$29.75 ,$23.82 ,$0.00 ,4,0,66,13,114,350,1,2,180216,4176.578436,57468,44057,10782,33928,15883,22446,51676,34263,160443,3448,6076,4616,3242,9708
CA,CA2,201712,COM,1,63,1,1.503,$0.00 ,$0.00 ,$0.00 ,$0.00 ,$0.00 ,$0.00 ,0,0,0,0,0,0,0,0,180216,4176.578436,57468,44057,10782,33928,15883,22446,51676,34263,160443,3448,6076,4616,3242,9708
CA,CA20,201712,COM,4878,39.09430094,0.510045101,1.071793768,$589.05 ,$152.21 ,$213.85 ,$139.34 ,$83.64 ,$0.00 ,6,1,54,36,370,267,1,10,438530,821.7515515,156896,149067,15346,36031,23696,64390,98813,20223,269660,13520,4468,7695,7541,10444
CA,CA21,201712,COM,6800,39.09558824,0.499558824,1.004570147,$458.75 ,$87.34 ,$136.90 ,$127.35 ,$107.15 ,$0.00 ,7,1,63,55,503,440,2,18,641847,2324.181643,263188,238371,17271,57501,43401,116457,130712,38050,249451,23427,13544,12933,11677,12597
CA,CA21,201712,COM,8,48.125,0.5,0.790375,$72.51 ,$0.00 ,$62.66 ,$9.35 ,$0.50 ,$0.00 ,0,0,0,0,0,0,0,0,641847,2324.181643,263188,238371,17271,57501,43401,116457,130712,38050,249451,23427,13544,12933,11677,12597
CA,CA22,201712,COM,1335,36.80224719,0.501123596,1.395925094,$633.14 ,$85.68 ,$218.04 ,$222.30 ,$107.13 ,$0.00 ,2,1,14,20,200,94,0,3,171365,1234.545845,62685,58539,6792,22175,14964,23303,45990,13426,84511,4555,4913,3992,3786,2411
CA,CA23,201712,COM,1073,37.56477167,0.493942218,1.155504194,$461.85 ,$94.00 ,$130.23 ,$162.01 ,$75.60 ,$0.00 ,2,0,14,16,93,92,1,2,151906,9005.172163,84579,59685,4117,9269,9764,35175,25619,1701,28770,2723,7154,1011,2769,11716
CA,CA23,201712,COM,1,63,0,5.448,"$35,760.67 ","$4,785.00 ","$26,469.53 ","$4,334.91 ",$171.23 ,$0.00 ,0,0,0,0,0,1,0,0,151906,9005.172163,84579,59685,4117,9269,9764,35175,25619,1701,28770,2723,7154,1011,2769,11716
CA,CA24,201712,COM,5137,42.28985789,0.503601324,1.48670839,$875.33 ,$301.52 ,$269.32 ,$195.08 ,$109.41 ,$0.00 ,14,0,86,46,593,489,2,20,428006,8864.022501,193696,163983,16804,39396,35478,79271,91192,17615,138500,10651,26639,6204,11021,9809
CA,CA25,201712,COM,3,47.33333333,1,5.847,$79.05 ,$0.00 ,$0.00 ,$46.31 ,$32.75 ,$0.00 ,0,0,0,1,0,0,0,0,470990,24672.40534,218386,187277,15591,36021,38019,90963,98766,8104,114440,8163,28551,6986,13481,12724
CA,CA25,201712,COM,4320,36.49189815,0.493287037,1.103922454,$476.54 ,$110.17 ,$178.53 ,$115.01 ,$72.82 ,$0.00 ,6,1,52,20,483,303,1,16,470990,24672.40534,218386,187277,15591,36021,38019,90963,98766,8104,114440,8163,28551,6986,13481,12724
CA,CA3,201712,COM,121512,37.22393673,0.501349661,0.816523241,$284.83 ,$83.01 ,$68.18 ,$57.20 ,$76.44 ,$0.00 ,147,18,1113,1915,5115,5950,38,123,4518699,27266.44488,1549773,1348982,180356,553160,432652,561952,1186660,340581,3038969,129608,113905,106066,62893,91930
CA,CA3,201712,COM,25,48.68,0.56,1.89264,$461.45 ,$0.00 ,$140.71 ,$117.15 ,$203.59 ,$0.00 ,0,0,0,0,4,1,0,0,4518699,27266.44488,1549773,1348982,180356,553160,432652,561952,1186660,340581,3038969,129608,113905,106066,62893,91930
CA,CA4,201712,COM,471365,36.91662724,0.501674923,0.8504111,$313.47 ,$65.14 ,$76.37 ,$77.74 ,$94.22 ,$0.00 ,494,67,3784,6303,25180,29075,306,917,13262234,4850.972611,4615697,4338482,441609,1781058,1352330,1739765,2957709,1601964,9307146,1149887,86507,469799,343744,220875
CA,CA4,201712,COM,103,35.90291262,0.485436893,1.999203884,$339.76 ,$41.59 ,$16.69 ,$157.84 ,$123.64 ,$0.00 ,0,0,1,0,10,6,0,0,13262234,4850.972611,4615697,4338482,441609,1781058,1352330,1739765,2957709,1601964,9307146,1149887,86507,469799,343744,220875
CA,CA5,201712,COM,4,37.75,0.5,3.24525,"$1,566.50 ",$0.00 ,"$1,148.65 ",$210.50 ,$207.34 ,$0.00 ,0,0,1,0,1,0,0,0,848112,1842.466511,287498,271226,25853,88185,78474,123435,199599,77382,459811,31090,10988,17892,11400,12601
CA,CA5,201712,COM,24374,35.97932223,0.488225158,0.966194059,$454.67 ,$80.98 ,$134.56 ,$133.33 ,$105.79 ,$0.00 ,28,7,261,280,1856,1829,24,68,848112,1842.466511,287498,271226,25853,88185,78474,123435,199599,77382,459811,31090,10988,17892,11400,12601
CA,CA6,201712,COM,2,44,0.5,3.115,$23.10 ,$0.00 ,$0.00 ,$0.00 ,$23.10 ,$0.00 ,0,0,0,0,0,0,0,0,443738,2735.137621,156210,144962,13861,52042,46478,64775,99117,45552,244382,21169,6950,15410,8052,19863
CA,CA6,201712,COM,13521,37.48857333,0.50380889,1.038156423,$406.18 ,$106.61 ,$103.73 ,$83.88 ,$111.97 ,$0.00 ,19,2,214,139,980,734,2,5,443738,2735.137621,156210,144962,13861,52042,46478,64775,99117,45552,244382,21169,6950,15410,8052,19863
CA,CA7,201712,COM,8015,34.75620711,0.480349345,1.099222333,$463.51 ,$131.74 ,$124.81 ,$120.74 ,$86.22 ,$0.00 ,4,3,99,163,796,593,8,38,883053,8132.256436,295756,267913,39056,139584,77216,92005,257750,84735,576023,15490,21557,24792,18281,31126
CA,CA7,201712,COM,7,29.57142857,0.428571429,1.244857143,$880.11 ,$0.00 ,$204.61 ,$189.18 ,$486.33 ,$0.00 ,0,0,1,0,2,1,0,0,883053,8132.256436,295756,267913,39056,139584,77216,92005,257750,84735,576023,15490,21557,24792,18281,31126
CA,CA8,201712,COM,5,38.4,0.6,3.7178,"$1,992.52 ",$0.00 ,$849.22 ,"$1,030.39 ",$112.91 ,$0.00 ,0,0,0,0,1,1,0,0,281455,3300.636162,121095,105317,6175,17123,20715,52758,50492,9045,86881,7329,9630,3482,4557,16435
CA,CA8,201712,COM,2895,41.27253886,0.489119171,1.266687738,$874.97 ,$411.92 ,$184.82 ,$147.41 ,$130.81 ,$0.00 ,7,0,51,69,220,272,3,4,281455,3300.636162,121095,105317,6175,17123,20715,52758,50492,9045,86881,7329,9630,3482,4557,16435
CA,CA9,201712,COM,7,49.71428571,0.571428571,0.843142857,$75.06 ,$0.00 ,$0.00 ,$63.02 ,$12.04 ,$0.00 ,0,0,0,0,2,0,0,0,433212,3281.719108,141155,126052,10475,78816,46650,55515,114125,75432,301974,14534,6567,17221,5984,17741
CA,CA9,201712,COM,4446,39.41295547,0.502024292,1.241775978,$607.07 ,$68.09 ,$255.59 ,$179.07 ,$104.32 ,$0.00 ,5,1,57,99,517,412,5,7,433212,3281.719108,141155,126052,10475,78816,46650,55515,114125,75432,301974,14534,6567,17221,5984,17741
CA,CA1,201801,COM,320656,35.49995634,0.519525598,0.938548819,$355.95 ,$72.05 ,$79.43 ,$120.54 ,$83.94 ,$0.00 ,432,69,2447,6831,18495,30990,254,511,3302833,4208.762531,1204884,1118980,106962,286008,279602,439595,726344,216965,1787453,255366,42081,75015,61486,89451
CA,CA1,201801,COM,11,51.18181818,0.727272727,1.138545455,$763.65 ,$0.00 ,$302.46 ,$164.83 ,$296.35 ,$0.00 ,0,0,0,0,2,2,0,0,3302833,4208.762531,1204884,1118980,106962,286008,279602,439595,726344,216965,1787453,255366,42081,75015,61486,89451
CA,CA10,201801,COM,3304,34.10895884,0.475181598,1.134043281,$428.48 ,$125.49 ,$101.54 ,$114.04 ,$87.42 ,$0.00 ,0,1,29,67,454,271,0,6,460477,4824.376542,147791,136106,18321,81345,44779,50391,143528,61208,326860,6561,10023,13317,8274,5426
CA,CA11,201801,COM,931,32.433942,0.490870032,0.980480129,$261.30 ,$17.59 ,$93.27 ,$79.32 ,$71.12 ,$0.00 ,0,0,12,10,132,67,0,0,150075,1390.308446,45792,42735,4855,24270,10946,14567,40935,13829,101017,2919,1938,3483,2730,14912
CA,CA12,201801,COM,1,61,1,2.949,$269.58 ,$0.00 ,$0.00 ,$269.58 ,$0.00 ,$0.00 ,0,0,0,0,0,1,0,0,978130,5958.095977,328577,304624,41276,147389,92035,114438,279979,108140,686675,23756,12508,28262,25805,16750
CA,CA12,201801,COM,10365,33.53564882,0.504389773,1.051508345,$433.95 ,$111.48 ,$137.26 ,$99.05 ,$86.15 ,$0.00 ,15,0,106,222,1084,834,8,19,978130,5958.095977,328577,304624,41276,147389,92035,114438,279979,108140,686675,23756,12508,28262,25805,16750
CA,CA13,201801,COM,2234,36.37108326,0.481199642,1.123438675,$479.51 ,$133.23 ,$136.02 ,$131.32 ,$78.95 ,$0.00 ,6,0,33,21,279,202,3,15,342954,21389.49918,163854,119622,10594,41422,24903,67475,74845,21273,143965,5802,14241,5844,5879,17935
CA,CA14,201801,COM,124687,35.01580758,0.515803572,0.972485544,$410.15 ,$57.67 ,$128.35 ,$147.48 ,$76.64 ,$0.00 ,68,30,861,1070,10291,8330,100,374,2255381,3124.860076,789873,749021,60919,189668,113096,295103,502048,188257,1461149,154299,25948,59669,38303,48904
CA,CA14,201801,COM,7,37.42857143,0.428571429,0.640571429,$495.04 ,$0.00 ,$0.00 ,$494.53 ,$0.51 ,$0.00 ,0,0,0,0,0,1,0,0,2255381,3124.860076,789873,749021,60919,189668,113096,295103,502048,188257,1461149,154299,25948,59669,38303,48904
CA,CA15,201801,COM,1637,33.99511301,0.493585828,1.054117288,$591.09 ,$93.32 ,$327.75 ,$97.80 ,$72.22 ,$0.00 ,3,0,29,32,184,112,0,3,269075,1935.645521,84795,79606,14912,48433,23145,29320,80062,34066,193067,3236,5216,7611,5801,5926
CA,CA16,201801,COM,152304,33.41548482,0.501746507,0.935109675,$496.26 ,$97.03 ,$142.19 ,$166.89 ,$90.15 ,$0.00 ,116,28,1250,2161,13920,11831,159,497,4673221,2470.336258,1796567,1692047,128698,373438,232541,689629,936866,360315,2804353,396804,19220,110888,205390,80356
CA,CA16,201801,COM,27,35.85185185,0.444444444,1.190481482,$199.84 ,$0.00 ,$0.00 ,$61.81 ,$138.03 ,$0.00 ,0,0,0,0,1,3,0,0,4673221,2470.336258,1796567,1692047,128698,373438,232541,689629,936866,360315,2804353,396804,19220,110888,205390,80356
CA,CA17,201801,COM,4204,33.50856327,0.494053283,0.930949572,$560.86 ,$187.84 ,$202.32 ,$113.07 ,$57.63 ,$0.00 ,7,3,51,50,432,206,4,2,539301,1496.015066,181213,172682,26130,73664,35012,67770,146907,48530,309505,12059,7723,11489,11100,5269
CA,CA18,201801,COM,8864,33.43874098,0.500112816,0.955961191,$441.93 ,$108.10 ,$144.41 ,$121.54 ,$67.88 ,$0.00 ,14,1,116,99,917,515,4,35,732212,1392.385418,241055,226727,28989,96905,53972,89461,201506,62038,494325,20238,8143,16525,14450,15994
CA,CA19,201801,COM,31380,34.26274697,0.502868069,0.861962173,$375.44 ,$67.20 ,$122.81 ,$121.76 ,$63.66 ,$0.00 ,35,4,257,377,2435,1743,14,128,2291738,5095.099057,896341,819372,75758,168734,134416,335498,532415,114749,1083594,101802,25772,34828,51388,38576
CA,CA19,201801,COM,9,42.11111111,0.444444444,1.16,"$1,330.50 ",$0.00 ,"$1,085.61 ",$232.43 ,$12.47 ,$0.00 ,0,0,1,0,0,2,0,2,2291738,5095.099057,896341,819372,75758,168734,134416,335498,532415,114749,1083594,101802,25772,34828,51388,38576
CA,CA2,201801,COM,8745,43.93756432,0.443682104,0.768201029,$95.18 ,$16.03 ,$29.04 ,$30.37 ,$19.74 ,$0.00 ,4,0,59,8,88,419,1,4,180216,4176.578436,57468,44057,10782,33928,15883,22446,51676,34263,160443,3448,6076,4616,3242,9708
CA,CA20,201801,COM,4316,37.66913809,0.509267841,1.108913114,$525.65 ,$79.44 ,$252.08 ,$139.06 ,$55.08 ,$0.00 ,3,3,61,45,362,274,2,7,438530,821.7515515,156896,149067,15346,36031,23696,64390,98813,20223,269660,13520,4468,7695,7541,10444
CA,CA21,201801,COM,6458,37.88680706,0.508361722,0.936071075,$409.15 ,$81.98 ,$129.54 ,$118.01 ,$79.61 ,$0.00 ,2,0,51,60,453,461,10,19,641847,2324.181643,263188,238371,17271,57501,43401,116457,130712,38050,249451,23427,13544,12933,11677,12597
CA,CA21,201801,COM,2,48.5,0.5,0.3225,$0.00 ,$0.00 ,$0.00 ,$0.00 ,$0.00 ,$0.00 ,0,0,0,0,0,0,0,0,641847,2324.181643,263188,238371,17271,57501,43401,116457,130712,38050,249451,23427,13544,12933,11677,12597
CA,CA22,201801,COM,1402,33.69258203,0.527104137,1.212097718,$460.44 ,$71.43 ,$159.12 ,$153.06 ,$76.84 ,$0.00 ,3,0,17,28,192,89,0,4,171365,1234.545845,62685,58539,6792,22175,14964,23303,45990,13426,84511,4555,4913,3992,3786,2411
CA,CA23,201801,COM,1072,36.07369403,0.493470149,1.204588619,$599.55 ,$216.54 ,$143.56 ,$167.39 ,$72.06 ,$0.00 ,4,1,18,8,122,102,1,2,151906,9005.172163,84579,59685,4117,9269,9764,35175,25619,1701,28770,2723,7154,1011,2769,11716
CA,CA24,201801,COM,2512,35.13375796,0.500796178,1.203305334,$571.41 ,$161.39 ,$203.11 ,$141.50 ,$65.41 ,$0.00 ,2,1,41,10,335,250,4,10,428006,8864.022501,193696,163983,16804,39396,35478,79271,91192,17615,138500,10651,26639,6204,11021,9809
CA,CA25,201801,COM,5963,36.84940466,0.498909945,1.224491531,$448.98 ,$55.56 ,$204.45 ,$114.68 ,$74.29 ,$0.00 ,5,0,78,52,722,471,1,18,470990,24672.40534,218386,187277,15591,36021,38019,90963,98766,8104,114440,8163,28551,6986,13481,12724
CA,CA3,201801,COM,104856,35.67513542,0.49699588,0.863209201,$303.73 ,$76.41 ,$79.63 ,$68.49 ,$79.20 ,$0.00 ,121,14,1076,1815,5759,5425,37,161,4518699,27266.44488,1549773,1348982,180356,553160,432652,561952,1186660,340581,3038969,129608,113905,106066,62893,91930
CA,CA3,201801,COM,10,49.7,0.3,2.6108,$532.77 ,$0.00 ,$0.00 ,$150.94 ,$381.83 ,$0.00 ,0,0,0,0,2,2,0,0,4518699,27266.44488,1549773,1348982,180356,553160,432652,561952,1186660,340581,3038969,129608,113905,106066,62893,91930
CA,CA4,201801,COM,40,33.6,0.4,1.363125,$373.54 ,$0.00 ,$106.69 ,$89.66 ,$177.19 ,$0.00 ,0,0,3,0,1,3,0,0,13262234,4850.972611,4615697,4338482,441609,1781058,1352330,1739765,2957709,1601964,9307146,1149887,86507,469799,343744,220875
CA,CA4,201801,COM,409740,35.35404891,0.498957876,0.896258662,$333.19 ,$71.61 ,$80.48 ,$90.06 ,$91.04 ,$0.00 ,373,60,3545,6499,28663,25756,294,870,13262234,4850.972611,4615697,4338482,441609,1781058,1352330,1739765,2957709,1601964,9307146,1149887,86507,469799,343744,220875
CA,CA5,201801,COM,20755,35.30277042,0.496362322,1.05324794,$439.31 ,$86.09 ,$109.77 ,$144.04 ,$99.42 ,$0.00 ,25,1,185,308,2085,1844,14,80,848112,1842.466511,287498,271226,25853,88185,78474,123435,199599,77382,459811,31090,10988,17892,11400,12601
CA,CA5,201801,COM,3,42.33333333,0.333333333,1.064666667,"$1,815.02 ",$0.00 ,"$1,142.72 ",$541.60 ,$130.70 ,$0.00 ,0,0,0,0,1,0,0,0,848112,1842.466511,287498,271226,25853,88185,78474,123435,199599,77382,459811,31090,10988,17892,11400,12601
CA,CA6,201801,COM,15118,36.75327424,0.497552586,1.094733695,$446.61 ,$150.95 ,$118.24 ,$95.84 ,$81.59 ,$0.00 ,21,7,216,207,1337,982,7,7,443738,2735.137621,156210,144962,13861,52042,46478,64775,99117,45552,244382,21169,6950,15410,8052,19863
CA,CA6,201801,COM,2,33,0.5,0.229,$220.11 ,$0.00 ,$156.61 ,$63.50 ,$0.00 ,$0.00 ,0,0,0,0,0,1,0,0,443738,2735.137621,156210,144962,13861,52042,46478,64775,99117,45552,244382,21169,6950,15410,8052,19863
CA,CA7,201801,COM,8850,32.54,0.471751412,1.032084181,$440.66 ,$94.37 ,$149.54 ,$119.41 ,$77.33 ,$0.00 ,12,3,111,173,914,671,3,39,883053,8132.256436,295756,267913,39056,139584,77216,92005,257750,84735,576023,15490,21557,24792,18281,31126
CA,CA7,201801,COM,6,29.83333333,0.5,3.7605,$121.94 ,$0.00 ,$0.00 ,$106.84 ,$15.10 ,$0.00 ,0,0,0,0,0,1,0,0,883053,8132.256436,295756,267913,39056,139584,77216,92005,257750,84735,576023,15490,21557,24792,18281,31126
CA,CA8,201801,COM,2612,38.97320061,0.489280245,1.256538285,$681.94 ,$207.31 ,$198.23 ,$142.16 ,$134.25 ,$0.00 ,5,0,37,53,297,240,3,3,281455,3300.636162,121095,105317,6175,17123,20715,52758,50492,9045,86881,7329,9630,3482,4557,16435
CA,CA9,201801,COM,7,50.85714286,0.571428571,1.941714286,$301.08 ,$0.00 ,$146.11 ,$137.35 ,$17.62 ,$0.00 ,0,0,0,0,1,1,0,0,433212,3281.719108,141155,126052,10475,78816,46650,55515,114125,75432,301974,14534,6567,17221,5984,17741
CA,CA9,201801,COM,4198,37.48308718,0.498332539,1.191179133,$844.77 ,$429.17 ,$185.24 ,$150.52 ,$79.85 ,$0.00 ,5,0,52,97,500,391,5,7,433212,3281.719108,141155,126052,10475,78816,46650,55515,114125,75432,301974,14534,6567,17221,5984,17741
CA,CA1,201802,COM,11,51.27272727,0.727272727,1.138545455,$336.10 ,$0.00 ,$11.66 ,$51.07 ,$273.37 ,$0.00 ,0,0,0,0,1,0,0,0,3302833,4208.762531,1204884,1118980,106962,286008,279602,439595,726344,216965,1787453,255366,42081,75015,61486,89451
CA,CA1,201802,COM,327872,35.51389567,0.519214816,0.934545786,$336.32 ,$66.72 ,$76.46 ,$111.59 ,$81.55 ,$0.00 ,385,76,2230,6592,17152,29196,223,542,3302833,4208.762531,1204884,1118980,106962,286008,279602,439595,726344,216965,1787453,255366,42081,75015,61486,89451
CA,CA10,201802,COM,3342,34.09964093,0.474266906,1.1305383,$445.89 ,$179.97 ,$77.08 ,$104.90 ,$83.94 ,$0.00 ,4,0,28,44,477,269,1,6,460477,4824.376542,147791,136106,18321,81345,44779,50391,143528,61208,326860,6561,10023,13317,8274,5426
CA,CA11,201802,COM,938,32.52345416,0.492537313,0.987982942,$191.17 ,$1.74 ,$81.22 ,$66.25 ,$41.96 ,$0.00 ,1,0,13,7,116,62,0,0,150075,1390.308446,45792,42735,4855,24270,10946,14567,40935,13829,101017,2919,1938,3483,2730,14912
CA,CA12,201802,COM,10483,33.54364209,0.503863398,1.049028809,$320.79 ,$66.63 ,$78.98 ,$99.75 ,$75.43 ,$0.00 ,10,1,99,260,1003,785,5,21,978130,5958.095977,328577,304624,41276,147389,92035,114438,279979,108140,686675,23756,12508,28262,25805,16750
CA,CA12,201802,COM,1,61,1,2.949,"$1,196.31 ",$0.00 ,"$1,066.49 ",$129.82 ,$0.00 ,$0.00 ,0,0,0,0,0,1,0,0,978130,5958.095977,328577,304624,41276,147389,92035,114438,279979,108140,686675,23756,12508,28262,25805,16750
CA,CA13,201802,COM,2274,36.38918206,0.480211082,1.133937555,$385.32 ,$97.54 ,$132.84 ,$98.51 ,$56.42 ,$0.00 ,4,0,21,13,232,192,1,13,342954,21389.49918,163854,119622,10594,41422,24903,67475,74845,21273,143965,5802,14241,5844,5879,17935
CA,CA14,201802,COM,7,37.42857143,0.428571429,0.640571429,$76.98 ,$0.00 ,$0.00 ,$76.65 ,$0.32 ,$0.00 ,0,0,0,0,1,1,0,0,2255381,3124.860076,789873,749021,60919,189668,113096,295103,502048,188257,1461149,154299,25948,59669,38303,48904
CA,CA14,201802,COM,127332,34.99620677,0.515557755,0.96939302,$401.02 ,$79.96 ,$120.63 ,$130.73 ,$69.69 ,$0.00 ,49,29,791,884,9345,7743,105,391,2255381,3124.860076,789873,749021,60919,189668,113096,295103,502048,188257,1461149,154299,25948,59669,38303,48904
CA,CA15,201802,COM,1655,33.93716012,0.49244713,1.049485801,$346.59 ,$114.80 ,$63.12 ,$108.08 ,$60.60 ,$0.00 ,2,1,15,30,163,98,0,3,269075,1935.645521,84795,79606,14912,48433,23145,29320,80062,34066,193067,3236,5216,7611,5801,5926
CA,CA16,201802,COM,27,35.96296296,0.444444444,1.190481482,$196.25 ,$0.00 ,$38.83 ,$63.07 ,$94.35 ,$0.00 ,0,0,0,0,3,1,0,0,4673221,2470.336258,1796567,1692047,128698,373438,232541,689629,936866,360315,2804353,396804,19220,110888,205390,80356
CA,CA16,201802,COM,155250,33.37257327,0.501636071,0.932582589,$478.08 ,$101.12 ,$137.91 ,$155.43 ,$83.61 ,$0.00 ,103,33,1179,1867,12684,10662,196,504,4673221,2470.336258,1796567,1692047,128698,373438,232541,689629,936866,360315,2804353,396804,19220,110888,205390,80356
CA,CA17,201802,COM,4290,33.43986014,0.495337995,0.92770373,$489.92 ,$80.60 ,$240.43 ,$101.11 ,$67.78 ,$0.00 ,3,2,34,45,438,200,1,2,539301,1496.015066,181213,172682,26130,73664,35012,67770,146907,48530,309505,12059,7723,11489,11100,5269
CA,CA18,201802,COM,9033,33.43152884,0.500166058,0.954003875,$368.42 ,$66.48 ,$126.17 ,$106.21 ,$69.55 ,$0.00 ,3,0,100,93,880,505,7,31,732212,1392.385418,241055,226727,28989,96905,53972,89461,201506,62038,494325,20238,8143,16525,14450,15994
CA,CA19,201802,COM,9,42.11111111,0.444444444,1.16,$983.85 ,$0.00 ,$698.97 ,$281.29 ,$3.59 ,$0.00 ,0,0,1,0,1,1,0,2,2291738,5095.099057,896341,819372,75758,168734,134416,335498,532415,114749,1083594,101802,25772,34828,51388,38576
CA,CA19,201802,COM,31986,34.22794348,0.502751204,0.859366129,$389.13 ,$93.12 ,$120.37 ,$111.94 ,$63.69 ,$0.00 ,38,4,216,331,2270,1627,14,115,2291738,5095.099057,896341,819372,75758,168734,134416,335498,532415,114749,1083594,101802,25772,34828,51388,38576
CA,CA2,201802,COM,9444,43.69864464,0.445362135,0.759984223,$98.92 ,$22.61 ,$27.68 ,$34.21 ,$14.42 ,$0.00 ,2,1,66,10,96,414,4,5,180216,4176.578436,57468,44057,10782,33928,15883,22446,51676,34263,160443,3448,6076,4616,3242,9708
CA,CA20,201802,COM,4370,37.698627,0.509610984,1.111283524,$591.45 ,$150.45 ,$254.78 ,$127.19 ,$59.04 ,$0.00 ,10,2,45,46,376,258,5,7,438530,821.7515515,156896,149067,15346,36031,23696,64390,98813,20223,269660,13520,4468,7695,7541,10444
CA,CA21,201802,COM,6571,37.85542535,0.508446203,0.932019784,$316.02 ,$30.28 ,$111.24 ,$105.13 ,$69.38 ,$0.00 ,9,1,53,65,426,434,8,22,641847,2324.181643,263188,238371,17271,57501,43401,116457,130712,38050,249451,23427,13544,12933,11677,12597
CA,CA21,201802,COM,2,48.5,0.5,0.3225,$0.00 ,$0.00 ,$0.00 ,$0.00 ,$0.00 ,$0.00 ,0,0,0,0,0,0,0,0,641847,2324.181643,263188,238371,17271,57501,43401,116457,130712,38050,249451,23427,13544,12933,11677,12597
CA,CA22,201802,COM,1432,33.7297486,0.526536313,1.203002095,$687.32 ,$259.50 ,$188.95 ,$144.85 ,$94.02 ,$0.00 ,4,1,17,24,191,79,1,3,171365,1234.545845,62685,58539,6792,22175,14964,23303,45990,13426,84511,4555,4913,3992,3786,2411
CA,CA23,201802,COM,1081,36.24884366,0.493987049,1.199562442,$616.56 ,$201.35 ,$114.44 ,$212.55 ,$88.22 ,$0.00 ,4,0,13,4,129,99,1,3,151906,9005.172163,84579,59685,4117,9269,9764,35175,25619,1701,28770,2723,7154,1011,2769,11716
CA,CA24,201802,COM,2546,35.22937942,0.500785546,1.211613119,$520.96 ,$75.99 ,$237.39 ,$120.64 ,$86.94 ,$0.00 ,5,2,34,21,307,240,1,11,428006,8864.022501,193696,163983,16804,39396,35478,79271,91192,17615,138500,10651,26639,6204,11021,9809
CA,CA25,201802,COM,6039,36.87713198,0.498592482,1.223111774,$507.03 ,$141.05 ,$166.43 ,$128.24 ,$71.31 ,$0.00 ,8,0,56,43,653,436,2,19,470990,24672.40534,218386,187277,15591,36021,38019,90963,98766,8104,114440,8163,28551,6986,13481,12724
CA,CA3,201802,COM,106556,35.67170314,0.496555802,0.863205967,$279.98 ,$64.24 ,$77.28 ,$63.48 ,$74.97 ,$0.00 ,113,11,1055,1702,5463,5112,35,153,4518699,27266.44488,1549773,1348982,180356,553160,432652,561952,1186660,340581,3038969,129608,113905,106066,62893,91930
CA,CA3,201802,COM,10,49.7,0.3,2.6108,"$1,172.06 ",$0.00 ,$0.00 ,$41.33 ,"$1,130.73 ",$0.00 ,0,0,0,0,0,1,0,0,4518699,27266.44488,1549773,1348982,180356,553160,432652,561952,1186660,340581,3038969,129608,113905,106066,62893,91930
CA,CA4,201802,COM,40,33.725,0.4,1.363125,$497.53 ,$0.00 ,$89.60 ,$215.35 ,$192.59 ,$0.00 ,0,0,1,1,8,5,0,0,13262234,4850.972611,4615697,4338482,441609,1781058,1352330,1739765,2957709,1601964,9307146,1149887,86507,469799,343744,220875
CA,CA4,201802,COM,415863,35.33174627,0.498666628,0.893585876,$311.67 ,$65.62 ,$75.79 ,$84.44 ,$85.82 ,$0.00 ,409,59,3362,5359,25959,23933,311,850,13262234,4850.972611,4615697,4338482,441609,1781058,1352330,1739765,2957709,1601964,9307146,1149887,86507,469799,343744,220875
CA,CA5,201802,COM,21094,35.26002655,0.495733384,1.048107945,$403.25 ,$75.74 ,$100.14 ,$134.15 ,$93.22 ,$0.00 ,19,4,194,295,2052,1732,15,79,848112,1842.466511,287498,271226,25853,88185,78474,123435,199599,77382,459811,31090,10988,17892,11400,12601
CA,CA5,201802,COM,3,42.33333333,0.333333333,1.064666667,$195.32 ,$0.00 ,$0.00 ,$176.29 ,$19.03 ,$0.00 ,0,0,0,0,1,0,0,0,848112,1842.466511,287498,271226,25853,88185,78474,123435,199599,77382,459811,31090,10988,17892,11400,12601
CA,CA6,201802,COM,2,33,0.5,0.229,$1.17 ,$0.00 ,$0.00 ,$0.00 ,$1.17 ,$0.00 ,0,0,0,0,0,0,0,0,443738,2735.137621,156210,144962,13861,52042,46478,64775,99117,45552,244382,21169,6950,15410,8052,19863
CA,CA6,201802,COM,15262,36.77054121,0.497051501,1.097025488,$403.21 ,$105.02 ,$118.74 ,$89.30 ,$90.16 ,$0.00 ,19,5,204,187,1188,945,4,8,443738,2735.137621,156210,144962,13861,52042,46478,64775,99117,45552,244382,21169,6950,15410,8052,19863
CA,CA7,201802,COM,6,29.83333333,0.5,3.7605,$123.36 ,$0.00 ,$0.00 ,$84.76 ,$38.60 ,$0.00 ,0,0,0,0,1,0,0,0,883053,8132.256436,295756,267913,39056,139584,77216,92005,257750,84735,576023,15490,21557,24792,18281,31126
CA,CA7,201802,COM,8991,32.50116784,0.472250028,1.029696252,$378.94 ,$78.87 ,$123.42 ,$101.21 ,$75.44 ,$0.00 ,12,2,115,176,828,707,4,36,883053,8132.256436,295756,267913,39056,139584,77216,92005,257750,84735,576023,15490,21557,24792,18281,31126
CA,CA8,201802,COM,2665,38.94896811,0.490056285,1.262102064,$444.58 ,$69.39 ,$116.18 ,$133.74 ,$125.27 ,$0.00 ,8,0,33,47,226,231,1,4,281455,3300.636162,121095,105317,6175,17123,20715,52758,50492,9045,86881,7329,9630,3482,4557,16435
CA,CA9,201802,COM,4242,37.46628949,0.498821311,1.186182461,$983.26 ,$541.96 ,$198.05 ,$164.65 ,$78.61 ,$0.00 ,5,1,50,88,438,403,1,6,433212,3281.719108,141155,126052,10475,78816,46650,55515,114125,75432,301974,14534,6567,17221,5984,17741
CA,CA9,201802,COM,7,50.85714286,0.571428571,1.941714286,"$1,230.78 ",$0.00 ,$6.96 ,"$1,083.94 ",$139.88 ,$0.00 ,0,0,0,0,3,3,0,0,433212,3281.719108,141155,126052,10475,78816,46650,55515,114125,75432,301974,14534,6567,17221,5984,17741
CA,CA1,201803,COM,11,51.27272727,0.727272727,1.138545455,$440.25 ,$0.00 ,$33.80 ,$47.30 ,$359.16 ,$0.00 ,0,0,0,0,2,0,0,0,3302833,4208.762531,1204884,1118980,106962,286008,279602,439595,726344,216965,1787453,255366,42081,75015,61486,89451
CA,CA1,201803,COM,335423,35.53644503,0.518873184,0.929400017,$379.44 ,$70.70 ,$91.97 ,$127.14 ,$89.63 ,$0.00 ,433,84,2535,7030,18874,33563,229,568,3302833,4208.762531,1204884,1118980,106962,286008,279602,439595,726344,216965,1787453,255366,42081,75015,61486,89451
CA,CA10,201803,COM,3429,34.05220181,0.474190726,1.121532225,$371.36 ,$67.64 ,$99.00 ,$117.04 ,$87.67 ,$0.00 ,5,0,30,63,437,272,1,7,460477,4824.376542,147791,136106,18321,81345,44779,50391,143528,61208,326860,6561,10023,13317,8274,5426
CA,CA11,201803,COM,952,32.39390756,0.492647059,0.979793067,$229.48 ,$0.00 ,$83.06 ,$92.69 ,$53.72 ,$0.00 ,0,0,13,9,130,69,0,0,150075,1390.308446,45792,42735,4855,24270,10946,14567,40935,13829,101017,2919,1938,3483,2730,14912
CA,CA12,201803,COM,1,61,1,2.949,$529.37 ,$0.00 ,$0.00 ,$527.90 ,$1.47 ,$0.00 ,0,0,0,0,1,1,0,0,978130,5958.095977,328577,304624,41276,147389,92035,114438,279979,108140,686675,23756,12508,28262,25805,16750
CA,CA12,201803,COM,10658,33.46913117,0.502720961,1.041514825,$519.23 ,$169.38 ,$160.53 ,$112.56 ,$76.76 ,$0.00 ,16,0,123,228,1174,838,15,24,978130,5958.095977,328577,304624,41276,147389,92035,114438,279979,108140,686675,23756,12508,28262,25805,16750
CA,CA13,201803,COM,2319,36.19361794,0.479948254,1.12489047,$558.16 ,$157.35 ,$198.23 ,$140.48 ,$62.08 ,$0.00 ,4,0,35,30,240,195,1,13,342954,21389.49918,163854,119622,10594,41422,24903,67475,74845,21273,143965,5802,14241,5844,5879,17935
CA,CA14,201803,COM,7,37.42857143,0.428571429,0.640571429,$56.43 ,$0.00 ,$0.00 ,$55.63 ,$0.80 ,$0.00 ,0,0,0,1,0,0,0,0,2255381,3124.860076,789873,749021,60919,189668,113096,295103,502048,188257,1461149,154299,25948,59669,38303,48904
CA,CA14,201803,COM,129964,34.98097935,0.515004155,0.966022252,$419.55 ,$58.87 ,$136.26 ,$147.84 ,$76.58 ,$0.00 ,54,32,846,950,10054,9400,148,419,2255381,3124.860076,789873,749021,60919,189668,113096,295103,502048,188257,1461149,154299,25948,59669,38303,48904
CA,CA15,201803,COM,1671,33.91741472,0.491322561,1.043424297,$346.97 ,$93.35 ,$94.17 ,$100.16 ,$59.30 ,$0.00 ,0,0,13,19,198,107,2,3,269075,1935.645521,84795,79606,14912,48433,23145,29320,80062,34066,193067,3236,5216,7611,5801,5926
CA,CA16,201803,COM,27,36.11111111,0.444444444,1.190481482,$295.25 ,$0.00 ,$8.05 ,$110.78 ,$176.42 ,$0.00 ,0,0,0,1,3,0,0,0,4673221,2470.336258,1796567,1692047,128698,373438,232541,689629,936866,360315,2804353,396804,19220,110888,205390,80356
CA,CA16,201803,COM,157651,33.33460619,0.501443061,0.931155908,$530.61 ,$109.29 ,$153.50 ,$173.46 ,$94.36 ,$0.00 ,133,33,1262,1908,13871,12341,187,530,4673221,2470.336258,1796567,1692047,128698,373438,232541,689629,936866,360315,2804353,396804,19220,110888,205390,80356
CA,CA17,201803,COM,4361,33.41252006,0.495069938,0.923005045,$532.64 ,$215.76 ,$119.76 ,$124.74 ,$72.39 ,$0.00 ,4,1,58,39,450,218,2,2,539301,1496.015066,181213,172682,26130,73664,35012,67770,146907,48530,309505,12059,7723,11489,11100,5269
CA,CA18,201803,COM,9143,33.41813409,0.50016406,0.949071421,$444.61 ,$85.26 ,$160.61 ,$127.57 ,$71.17 ,$0.00 ,6,7,90,80,851,527,8,38,732212,1392.385418,241055,226727,28989,96905,53972,89461,201506,62038,494325,20238,8143,16525,14450,15994
CA,CA19,201803,COM,9,42.33333333,0.444444444,1.16,"$1,846.38 ",$0.00 ,"$1,168.01 ",$659.41 ,$18.97 ,$0.00 ,0,0,0,0,0,0,0,2,2291738,5095.099057,896341,819372,75758,168734,134416,335498,532415,114749,1083594,101802,25772,34828,51388,38576
CA,CA19,201803,COM,32424,34.19534912,0.502621515,0.856847705,$392.50 ,$62.59 ,$139.21 ,$127.39 ,$63.31 ,$0.00 ,23,7,268,361,2386,1717,24,122,2291738,5095.099057,896341,819372,75758,168734,134416,335498,532415,114749,1083594,101802,25772,34828,51388,38576
CA,CA2,201803,COM,9947,43.64391274,0.445762542,0.755322409,$103.82 ,$24.78 ,$29.74 ,$31.64 ,$17.66 ,$0.00 ,6,1,61,11,107,537,3,5,180216,4176.578436,57468,44057,10782,33928,15883,22446,51676,34263,160443,3448,6076,4616,3242,9708
CA,CA20,201803,COM,4428,37.64159892,0.509033424,1.102038392,$420.72 ,$19.68 ,$203.02 ,$131.13 ,$66.89 ,$0.00 ,1,3,47,44,369,278,2,7,438530,821.7515515,156896,149067,15346,36031,23696,64390,98813,20223,269660,13520,4468,7695,7541,10444
CA,CA21,201803,COM,6661,37.82780363,0.508932593,0.937378772,$510.69 ,$98.27 ,$202.65 ,$130.84 ,$78.93 ,$0.00 ,9,0,54,37,498,445,6,24,641847,2324.181643,263188,238371,17271,57501,43401,116457,130712,38050,249451,23427,13544,12933,11677,12597
CA,CA21,201803,COM,2,48.5,0.5,0.3225,$94.69 ,$0.00 ,$0.00 ,$93.15 ,$1.54 ,$0.00 ,0,0,0,0,1,0,0,0,641847,2324.181643,263188,238371,17271,57501,43401,116457,130712,38050,249451,23427,13544,12933,11677,12597
CA,CA22,201803,COM,1445,33.7266436,0.52733564,1.199620069,$534.86 ,$53.60 ,$208.97 ,$188.37 ,$83.93 ,$0.00 ,0,0,14,26,207,93,0,4,171365,1234.545845,62685,58539,6792,22175,14964,23303,45990,13426,84511,4555,4913,3992,3786,2411
CA,CA23,201803,COM,1084,36.23431734,0.492619926,1.196115314,$615.79 ,$163.84 ,$197.39 ,$185.58 ,$68.98 ,$0.00 ,3,0,21,11,126,113,0,3,151906,9005.172163,84579,59685,4117,9269,9764,35175,25619,1701,28770,2723,7154,1011,2769,11716
CA,CA24,201803,COM,2594,35.1846569,0.501927525,1.208320355,$777.85 ,$220.16 ,$311.06 ,$161.80 ,$84.84 ,$0.00 ,6,1,23,22,347,230,1,11,428006,8864.022501,193696,163983,16804,39396,35478,79271,91192,17615,138500,10651,26639,6204,11021,9809
CA,CA25,201803,COM,6100,36.87229508,0.498852459,1.216942951,$527.25 ,$105.79 ,$207.97 ,$130.34 ,$83.15 ,$0.00 ,10,0,88,42,759,502,4,22,470990,24672.40534,218386,187277,15591,36021,38019,90963,98766,8104,114440,8163,28551,6986,13481,12724
CA,CA3,201803,COM,108801,35.69583919,0.496796904,0.860723137,$299.35 ,$61.24 ,$80.67 ,$70.02 ,$87.42 ,$0.00 ,114,20,1097,1677,5818,5748,37,158,4518699,27266.44488,1549773,1348982,180356,553160,432652,561952,1186660,340581,3038969,129608,113905,106066,62893,91930
CA,CA3,201803,COM,10,49.7,0.3,2.6108,"$1,401.65 ",$0.00 ,$543.39 ,$371.03 ,$487.23 ,$0.00 ,0,0,1,0,1,3,0,0,4518699,27266.44488,1549773,1348982,180356,553160,432652,561952,1186660,340581,3038969,129608,113905,106066,62893,91930
CA,CA4,201803,COM,422882,35.3152889,0.498654471,0.890625801,$353.43 ,$77.10 ,$90.38 ,$91.37 ,$94.58 ,$0.00 ,415,59,3638,5739,27915,26625,316,895,13262234,4850.972611,4615697,4338482,441609,1781058,1352330,1739765,2957709,1601964,9307146,1149887,86507,469799,343744,220875
CA,CA4,201803,COM,40,33.725,0.4,1.363125,$442.52 ,$0.00 ,$69.45 ,$84.99 ,$288.08 ,$0.00 ,0,0,2,0,7,2,0,0,13262234,4850.972611,4615697,4338482,441609,1781058,1352330,1739765,2957709,1601964,9307146,1149887,86507,469799,343744,220875
CA,CA5,201803,COM,3,42.33333333,0.333333333,1.064666667,$291.31 ,$0.00 ,$0.00 ,$271.74 ,$19.57 ,$0.00 ,0,0,0,1,1,0,0,0,848112,1842.466511,287498,271226,25853,88185,78474,123435,199599,77382,459811,31090,10988,17892,11400,12601
CA,CA5,201803,COM,21764,35.21204742,0.495083624,1.039433974,$455.63 ,$103.53 ,$103.36 ,$143.83 ,$104.90 ,$0.00 ,23,5,212,294,2117,1873,24,81,848112,1842.466511,287498,271226,25853,88185,78474,123435,199599,77382,459811,31090,10988,17892,11400,12601
CA,CA6,201803,COM,16359,36.8436946,0.499663794,1.088850419,$474.52 ,$148.98 ,$129.86 ,$96.70 ,$98.98 ,$0.00 ,17,12,193,191,1326,992,11,5,443738,2735.137621,156210,144962,13861,52042,46478,64775,99117,45552,244382,21169,6950,15410,8052,19863
CA,CA6,201803,COM,3,27.66666667,0.333333333,0.251,$136.52 ,$0.00 ,$0.00 ,$0.00 ,$136.52 ,$0.00 ,0,0,0,0,0,0,0,0,443738,2735.137621,156210,144962,13861,52042,46478,64775,99117,45552,244382,21169,6950,15410,8052,19863
CA,CA7,201803,COM,9243,32.52558693,0.47008547,1.020954777,$413.68 ,$81.14 ,$142.47 ,$109.52 ,$80.55 ,$0.00 ,7,3,122,199,979,717,5,40,883053,8132.256436,295756,267913,39056,139584,77216,92005,257750,84735,576023,15490,21557,24792,18281,31126
CA,CA7,201803,COM,6,29.83333333,0.5,3.7605,$153.24 ,$0.00 ,$5.61 ,$100.80 ,$46.83 ,$0.00 ,0,0,0,0,1,0,0,0,883053,8132.256436,295756,267913,39056,139584,77216,92005,257750,84735,576023,15490,21557,24792,18281,31126
CA,CA8,201803,COM,2723,38.91443261,0.489900845,1.269118619,$480.23 ,$68.15 ,$150.95 ,$123.46 ,$137.68 ,$0.00 ,5,1,44,44,262,294,2,4,281455,3300.636162,121095,105317,6175,17123,20715,52758,50492,9045,86881,7329,9630,3482,4557,16435
CA,,201803,COM,4279,37.47394251,0.499182052,1.180139519,"$1,079.39 ",$506.75 ,$298.34 ,$186.12 ,$88.19 ,$0.00 ,7,0,64,82,464,426,3,8,433212,3281.719108,141155,126052,10475,78816,46650,55515,114125,75432,301974,14534,6567,17221,5984,17741
CA,,201803,COM,7,50.85714286,0.571428571,1.941714286,$452.52 ,$0.00 ,$155.88 ,$100.14 ,$196.51 ,$0.00 ,0,0,0,0,3,1,0,0,433212,3281.719108,141155,126052,10475,78816,46650,55515,114125,75432,301974,14534,6567,17221,5984,17741
CA,CA1,201804,COM,335455,35.60448048,0.518877346,0.92938951,$372.20 ,$73.90 ,$85.23 ,$124.74 ,$88.33 ,$0.00 ,455,96,2359,6144,17133,32208,297,550,3302833,4208.762531,1204884,1118980,106962,286008,279602,439595,726344,216965,1787453,255366,42081,75015,61486,89451
CA,CA1,201804,COM,11,51.36363636,0.727272727,1.138545455,$473.87 ,$0.00 ,$9.90 ,$133.43 ,$330.54 ,$0.00 ,0,0,0,0,1,0,0,0,3302833,4208.762531,1204884,1118980,106962,286008,279602,439595,726344,216965,1787453,255366,42081,75015,61486,89451
CA,CA10,201804,COM,3427,34.09716954,0.474467464,1.122129559,$331.98 ,$31.46 ,$112.05 ,$99.23 ,$89.24 ,$0.00 ,5,1,26,34,408,288,4,9,460477,4824.376542,147791,136106,18321,81345,44779,50391,143528,61208,326860,6561,10023,13317,8274,5426
CA,CA11,201804,COM,952,32.45168067,0.492647059,0.979793067,$450.70 ,$201.74 ,$96.79 ,$92.45 ,$59.72 ,$0.00 ,3,0,9,8,105,75,0,0,150075,1390.308446,45792,42735,4855,24270,10946,14567,40935,13829,101017,2919,1938,3483,2730,14912
CA,CA12,201804,COM,10661,33.51908827,0.502860895,1.041636807,$330.54 ,$41.85 ,$107.36 ,$105.50 ,$75.85 ,$0.00 ,15,0,112,174,971,882,9,24,978130,5958.095977,328577,304624,41276,147389,92035,114438,279979,108140,686675,23756,12508,28262,25805,16750
CA,CA12,201804,COM,1,61,1,2.949,$705.62 ,$0.00 ,$0.00 ,$669.07 ,$36.55 ,$0.00 ,0,0,0,0,1,0,0,0,978130,5958.095977,328577,304624,41276,147389,92035,114438,279979,108140,686675,23756,12508,28262,25805,16750
CA,CA13,201804,COM,2319,36.24708926,0.479948254,1.12489047,$771.03 ,$388.14 ,$191.49 ,$120.54 ,$70.86 ,$0.00 ,2,1,26,9,234,213,0,15,342954,21389.49918,163854,119622,10594,41422,24903,67475,74845,21273,143965,5802,14241,5844,5879,17935
CA,CA14,201804,COM,7,37.42857143,0.428571429,0.640571429,$59.12 ,$0.00 ,$0.00 ,$58.76 ,$0.36 ,$0.00 ,0,0,0,0,0,0,0,0,2255381,3124.860076,789873,749021,60919,189668,113096,295103,502048,188257,1461149,154299,25948,59669,38303,48904
CA,CA14,201804,COM,129990,35.03313332,0.515001154,0.965989792,$429.71 ,$83.19 ,$131.87 ,$139.59 ,$75.06 ,$0.00 ,73,26,828,931,8892,8932,135,411,2255381,3124.860076,789873,749021,60919,189668,113096,295103,502048,188257,1461149,154299,25948,59669,38303,48904
CA,CA15,201804,COM,1671,33.97905446,0.491322561,1.043424297,$565.63 ,$89.10 ,$312.41 ,$100.27 ,$63.85 ,$0.00 ,2,2,19,20,145,124,1,3,269075,1935.645521,84795,79606,14912,48433,23145,29320,80062,34066,193067,3236,5216,7611,5801,5926
CA,CA16,201804,COM,157655,33.37938537,0.501430338,0.931105572,$472.20 ,$81.59 ,$141.34 ,$156.92 ,$92.35 ,$0.00 ,113,31,1218,1751,12001,11667,171,517,4673221,2470.336258,1796567,1692047,128698,373438,232541,689629,936866,360315,2804353,396804,19220,110888,205390,80356
CA,CA16,201804,COM,27,36.11111111,0.444444444,1.190481482,$334.23 ,$0.00 ,$134.81 ,$29.48 ,$169.94 ,$0.00 ,0,0,0,0,0,0,0,0,4673221,2470.336258,1796567,1692047,128698,373438,232541,689629,936866,360315,2804353,396804,19220,110888,205390,80356
CA,CA17,201804,COM,4362,33.46469509,0.494956442,0.922854883,$430.01 ,$102.05 ,$136.77 ,$126.35 ,$64.85 ,$0.00 ,9,2,46,41,354,225,3,3,539301,1496.015066,181213,172682,26130,73664,35012,67770,146907,48530,309505,12059,7723,11489,11100,5269
CA,CA18,201804,COM,9145,33.4693275,0.500164024,0.949477638,$379.43 ,$66.22 ,$111.85 ,$132.14 ,$69.23 ,$0.00 ,12,5,95,86,772,586,6,32,732212,1392.385418,241055,226727,28989,96905,53972,89461,201506,62038,494325,20238,8143,16525,14450,15994
CA,CA19,201804,COM,32426,34.25556652,0.502683032,0.857918861,$409.95 ,$93.40 ,$127.37 ,$120.20 ,$68.97 ,$0.00 ,22,7,263,318,2259,1773,28,116,2291738,5095.099057,896341,819372,75758,168734,134416,335498,532415,114749,1083594,101802,25772,34828,51388,38576
CA,CA19,201804,COM,9,42.33333333,0.444444444,1.16,$115.71 ,$0.00 ,$28.16 ,$68.25 ,$19.29 ,$0.00 ,0,0,0,0,1,1,0,2,2291738,5095.099057,896341,819372,75758,168734,134416,335498,532415,114749,1083594,101802,25772,34828,51388,38576
CA,CA2,201804,COM,9955,43.71562029,0.445605224,0.754971673,$113.52 ,$28.24 ,$32.10 ,$33.40 ,$19.78 ,$0.00 ,4,1,65,10,94,502,1,6,180216,4176.578436,57468,44057,10782,33928,15883,22446,51676,34263,160443,3448,6076,4616,3242,9708
CA,CA20,201804,COM,4431,37.68269014,0.508914466,1.101545249,$571.99 ,$95.31 ,$277.95 ,$133.90 ,$64.83 ,$0.00 ,7,0,34,43,367,269,2,8,438530,821.7515515,156896,149067,15346,36031,23696,64390,98813,20223,269660,13520,4468,7695,7541,10444
CA,CA21,201804,COM,2,48.5,0.5,0.3225,$0.00 ,$0.00 ,$0.00 ,$0.00 ,$0.00 ,$0.00 ,0,0,0,0,0,0,0,0,641847,2324.181643,263188,238371,17271,57501,43401,116457,130712,38050,249451,23427,13544,12933,11677,12597
CA,CA21,201804,COM,6663,37.88293562,0.508929912,0.938481315,$490.21 ,$120.41 ,$159.68 ,$129.71 ,$80.41 ,$0.00 ,4,2,56,34,434,429,2,26,641847,2324.181643,263188,238371,17271,57501,43401,116457,130712,38050,249451,23427,13544,12933,11677,12597
CA,CA22,201804,COM,1444,33.76800554,0.52700831,1.199477147,$469.92 ,$78.09 ,$186.07 ,$148.38 ,$57.38 ,$0.00 ,2,0,14,18,191,83,0,5,171365,1234.545845,62685,58539,6792,22175,14964,23303,45990,13426,84511,4555,4913,3992,3786,2411
CA,CA23,201804,COM,1085,36.35115207,0.493087558,1.196245161,$643.22 ,$172.32 ,$248.59 ,$160.80 ,$61.51 ,$0.00 ,2,0,12,4,114,123,2,3,151906,9005.172163,84579,59685,4117,9269,9764,35175,25619,1701,28770,2723,7154,1011,2769,11716
CA,CA24,201804,COM,2594,35.25751735,0.50231303,1.209260601,$639.33 ,$205.27 ,$223.74 ,$122.28 ,$88.05 ,$0.00 ,8,0,34,14,296,223,0,10,428006,8864.022501,193696,163983,16804,39396,35478,79271,91192,17615,138500,10651,26639,6204,11021,9809
CA,CA25,201804,COM,6100,36.93327869,0.499016393,1.21684918,$530.72 ,$101.75 ,$209.98 ,$145.37 ,$73.62 ,$0.00 ,12,1,98,37,672,471,2,23,470990,24672.40534,218386,187277,15591,36021,38019,90963,98766,8104,114440,8163,28551,6986,13481,12724
CA,CA3,201804,COM,108831,35.74757192,0.496788599,0.860677059,$316.12 ,$82.39 ,$82.33 ,$68.34 ,$83.06 ,$0.00 ,133,23,1017,1451,5378,5614,36,158,4518699,27266.44488,1549773,1348982,180356,553160,432652,561952,1186660,340581,3038969,129608,113905,106066,62893,91930
CA,CA3,201804,COM,10,49.9,0.3,2.6108,"$4,023.00 ","$2,206.78 ",$210.31 ,"$1,253.88 ",$352.03 ,$0.00 ,0,0,0,1,0,1,0,0,4518699,27266.44488,1549773,1348982,180356,553160,432652,561952,1186660,340581,3038969,129608,113905,106066,62893,91930
CA,CA4,201804,COM,422903,35.37039227,0.498665179,0.890609308,$330.96 ,$69.30 ,$81.62 ,$87.30 ,$92.75 ,$0.00 ,409,60,3526,4942,25130,25965,304,925,13262234,4850.972611,4615697,4338482,441609,1781058,1352330,1739765,2957709,1601964,9307146,1149887,86507,469799,343744,220875
CA,CA4,201804,COM,40,33.8,0.4,1.363125,$389.80 ,$0.00 ,$21.57 ,$171.85 ,$196.38 ,$0.00 ,0,0,0,1,4,4,1,0,13262234,4850.972611,4615697,4338482,441609,1781058,1352330,1739765,2957709,1601964,9307146,1149887,86507,469799,343744,220875
CA,CA5,201804,COM,3,42.33333333,0.333333333,1.064666667,$19.57 ,$0.00 ,$0.00 ,$0.00 ,$19.57 ,$0.00 ,0,0,0,0,0,0,0,0,848112,1842.466511,287498,271226,25853,88185,78474,123435,199599,77382,459811,31090,10988,17892,11400,12601
CA,CA5,201804,COM,21758,35.26431657,0.495128229,1.039814137,$421.72 ,$80.39 ,$97.91 ,$139.38 ,$104.04 ,$0.00 ,31,4,209,260,1817,1858,18,84,848112,1842.466511,287498,271226,25853,88185,78474,123435,199599,77382,459811,31090,10988,17892,11400,12601
CA,CA6,201804,COM,3,28,0.333333333,0.251,$0.00 ,$0.00 ,$0.00 ,$0.00 ,$0.00 ,$0.00 ,0,0,0,0,0,0,0,0,443738,2735.137621,156210,144962,13861,52042,46478,64775,99117,45552,244382,21169,6950,15410,8052,19863
CA,CA6,201804,COM,16358,36.90769043,0.499633207,1.088905857,$423.93 ,$103.92 ,$132.46 ,$98.65 ,$88.91 ,$0.00 ,13,4,230,170,1260,1019,4,8,443738,2735.137621,156210,144962,13861,52042,46478,64775,99117,45552,244382,21169,6950,15410,8052,19863
CA,CA7,201804,COM,6,29.83333333,0.5,3.7605,$928.26 ,$0.00 ,$387.12 ,$281.56 ,$259.58 ,$0.00 ,0,0,1,0,1,1,0,0,883053,8132.256436,295756,267913,39056,139584,77216,92005,257750,84735,576023,15490,21557,24792,18281,31126
CA,CA7,201804,COM,9246,32.5874973,0.470041099,1.020745403,$403.13 ,$90.75 ,$128.72 ,$113.32 ,$70.33 ,$0.00 ,7,5,109,167,871,715,5,41,883053,8132.256436,295756,267913,39056,139584,77216,92005,257750,84735,576023,15490,21557,24792,18281,31126
CA,CA8,201804,COM,2723,38.97245685,0.489900845,1.269118619,$550.44 ,$77.70 ,$220.11 ,$127.91 ,$124.72 ,$0.00 ,2,0,34,50,257,258,0,4,281455,3300.636162,121095,105317,6175,17123,20715,52758,50492,9045,86881,7329,9630,3482,4557,16435
CA,CA9,201804,COM,7,51.28571429,0.571428571,1.941714286,"$9,001.89 ","$8,116.25 ",$133.32 ,$683.42 ,$68.90 ,$0.00 ,0,0,0,0,2,0,0,0,433212,3281.719108,141155,126052,10475,78816,46650,55515,114125,75432,301974,14534,6567,17221,5984,17741
CA,CA9,201804,COM,4278,37.53015428,0.499298738,1.180384058,$625.57 ,$190.03 ,$183.52 ,$168.08 ,$83.93 ,$0.00 ,5,0,49,96,477,395,2,8,433212,3281.719108,141155,126052,10475,78816,46650,55515,114125,75432,301974,14534,6567,17221,5984,17741
CA,CA1,201805,COM,335447,35.67850659,0.518886739,0.929440922,$386.69 ,$71.40 ,$91.81 ,$132.64 ,$90.84 ,$0.00 ,458,80,2323,6132,17538,33631,291,565,3302833,4208.762531,1204884,1118980,106962,286008,279602,439595,726344,216965,1787453,255366,42081,75015,61486,89451
CA,CA1,201805,COM,11,51.54545455,0.727272727,1.138545455,$466.68 ,$0.00 ,$0.00 ,$0.00 ,$466.68 ,$0.00 ,0,0,0,0,0,0,0,0,3302833,4208.762531,1204884,1118980,106962,286008,279602,439595,726344,216965,1787453,255366,42081,75015,61486,89451
CA,CA10,201805,COM,3429,34.13969087,0.474190726,1.121532225,$298.11 ,$26.61 ,$72.95 ,$106.72 ,$91.83 ,$0.00 ,2,0,26,22,398,298,1,9,460477,4824.376542,147791,136106,18321,81345,44779,50391,143528,61208,326860,6561,10023,13317,8274,5426
CA,CA11,201805,COM,952,32.50105042,0.492647059,0.979793067,$238.62 ,$9.53 ,$94.83 ,$75.74 ,$58.52 ,$0.00 ,0,0,11,4,106,87,2,0,150075,1390.308446,45792,42735,4855,24270,10946,14567,40935,13829,101017,2919,1938,3483,2730,14912
CA,CA12,201805,COM,10652,33.58552385,0.502910252,1.042008168,$381.85 ,$97.00 ,$95.36 ,$110.75 ,$78.74 ,$0.00 ,13,0,119,199,1040,847,4,25,978130,5958.095977,328577,304624,41276,147389,92035,114438,279979,108140,686675,23756,12508,28262,25805,16750
CA,CA12,201805,COM,1,61,1,2.949,$833.75 ,$0.00 ,$0.00 ,$462.25 ,$371.50 ,$0.00 ,0,0,0,1,1,0,0,0,978130,5958.095977,328577,304624,41276,147389,92035,114438,279979,108140,686675,23756,12508,28262,25805,16750
CA,CA13,201805,COM,2318,36.30198447,0.480155306,1.125244607,$717.47 ,$328.61 ,$135.49 ,$178.18 ,$75.18 ,$0.00 ,5,0,27,16,220,201,2,13,342954,21389.49918,163854,119622,10594,41422,24903,67475,74845,21273,143965,5802,14241,5844,5879,17935
CA,CA14,201805,COM,129985,35.08436358,0.51508251,0.96588361,$494.26 ,$98.36 ,$157.33 ,$155.01 ,$83.55 ,$0.00 ,101,31,894,898,9546,10335,118,446,2255381,3124.860076,789873,749021,60919,189668,113096,295103,502048,188257,1461149,154299,25948,59669,38303,48904
CA,CA14,201805,COM,7,37.42857143,0.428571429,0.640571429,$234.43 ,$0.00 ,$42.21 ,$190.90 ,$1.32 ,$0.00 ,0,0,0,1,0,1,0,0,2255381,3124.860076,789873,749021,60919,189668,113096,295103,502048,188257,1461149,154299,25948,59669,38303,48904
CA,CA15,201805,COM,1671,34.03710353,0.491322561,1.043424297,$292.36 ,$51.82 ,$63.01 ,$93.45 ,$84.08 ,$0.00 ,4,1,12,14,164,106,0,3,269075,1935.645521,84795,79606,14912,48433,23145,29320,80062,34066,193067,3236,5216,7611,5801,5926
CA,CA16,201805,COM,157658,33.42438696,0.501408111,0.931079412,$528.34 ,$108.92 ,$149.80 ,$173.49 ,$96.13 ,$0.00 ,104,31,1207,1701,12725,12542,230,552,4673221,2470.336258,1796567,1692047,128698,373438,232541,689629,936866,360315,2804353,396804,19220,110888,205390,80356
CA,CA16,201805,COM,27,36.18518519,0.444444444,1.190481482,$901.81 ,$0.00 ,$245.67 ,$318.43 ,$337.71 ,$0.00 ,0,0,1,0,4,3,0,0,4673221,2470.336258,1796567,1692047,128698,373438,232541,689629,936866,360315,2804353,396804,19220,110888,205390,80356
CA,CA17,201805,COM,4364,33.52818515,0.494958753,0.922648717,$517.87 ,$163.06 ,$146.65 ,$127.94 ,$80.23 ,$0.00 ,7,2,40,30,434,242,4,2,539301,1496.015066,181213,172682,26130,73664,35012,67770,146907,48530,309505,12059,7723,11489,11100,5269
CA,CA18,201805,COM,9145,33.52553308,0.500164024,0.949477638,$416.80 ,$95.82 ,$131.99 ,$121.12 ,$67.87 ,$0.00 ,8,1,79,85,790,577,10,37,732212,1392.385418,241055,226727,28989,96905,53972,89461,201506,62038,494325,20238,8143,16525,14450,15994
CA,CA19,201805,COM,9,42.55555556,0.444444444,1.16,$984.42 ,$0.00 ,$40.86 ,$905.44 ,$38.13 ,$0.00 ,0,0,0,0,2,1,0,2,2291738,5095.099057,896341,819372,75758,168734,134416,335498,532415,114749,1083594,101802,25772,34828,51388,38576
CA,CA19,201805,COM,32425,34.31447957,0.502667695,0.857874264,$389.36 ,$60.61 ,$140.22 ,$120.43 ,$68.09 ,$0.00 ,15,4,256,309,2203,1802,30,119,2291738,5095.099057,896341,819372,75758,168734,134416,335498,532415,114749,1083594,101802,25772,34828,51388,38576
CA,CA2,201805,COM,9954,43.79676512,0.445549528,0.754484227,$117.31 ,$30.66 ,$26.06 ,$40.16 ,$20.43 ,$0.00 ,8,2,63,14,89,484,3,6,180216,4176.578436,57468,44057,10782,33928,15883,22446,51676,34263,160443,3448,6076,4616,3242,9708
CA,CA20,201805,COM,4431,37.73843376,0.508914466,1.101545249,$686.78 ,$175.96 ,$280.35 ,$157.83 ,$72.64 ,$0.00 ,11,1,51,32,377,255,4,8,438530,821.7515515,156896,149067,15346,36031,23696,64390,98813,20223,269660,13520,4468,7695,7541,10444
CA,CA21,201805,COM,6664,37.94462785,0.509003601,0.938431122,$447.14 ,$107.96 ,$136.86 ,$125.82 ,$76.50 ,$0.00 ,5,1,45,46,459,471,6,24,641847,2324.181643,263188,238371,17271,57501,43401,116457,130712,38050,249451,23427,13544,12933,11677,12597
CA,CA21,201805,COM,2,48.5,0.5,0.3225,$0.00 ,$0.00 ,$0.00 ,$0.00 ,$0.00 ,$0.00 ,0,0,0,0,0,0,0,0,641847,2324.181643,263188,238371,17271,57501,43401,116457,130712,38050,249451,23427,13544,12933,11677,12597
CA,CA22,201805,COM,1448,33.8301105,0.528314917,1.197851519,$627.32 ,$188.63 ,$197.21 ,$162.98 ,$78.51 ,$0.00 ,2,0,15,19,164,108,0,4,171365,1234.545845,62685,58539,6792,22175,14964,23303,45990,13426,84511,4555,4913,3992,3786,2411
CA,CA23,201805,COM,1084,36.43726937,0.493542435,1.197259225,$490.45 ,$111.24 ,$181.37 ,$136.91 ,$60.93 ,$0.00 ,3,0,18,7,118,101,2,2,151906,9005.172163,84579,59685,4117,9269,9764,35175,25619,1701,28770,2723,7154,1011,2769,11716
CA,CA24,201805,COM,2594,35.32536623,0.50231303,1.209260601,$577.59 ,$98.76 ,$264.22 ,$147.62 ,$66.98 ,$0.00 ,4,1,37,19,308,245,1,10,428006,8864.022501,193696,163983,16804,39396,35478,79271,91192,17615,138500,10651,26639,6204,11021,9809
CA,CA25,201805,COM,6107,36.99607008,0.498771901,1.216512854,$581.59 ,$138.14 ,$220.19 ,$141.13 ,$82.14 ,$0.00 ,6,4,84,41,634,509,3,22,470990,24672.40534,218386,187277,15591,36021,38019,90963,98766,8104,114440,8163,28551,6986,13481,12724
CA,CA3,201805,COM,108831,35.80165578,0.496816165,0.860654905,$338.73 ,$91.87 ,$84.17 ,$72.44 ,$90.25 ,$0.00 ,110,31,1021,1424,5509,5774,53,162,4518699,27266.44488,1549773,1348982,180356,553160,432652,561952,1186660,340581,3038969,129608,113905,106066,62893,91930
CA,CA3,201805,COM,10,50,0.3,2.6108,"$4,076.28 ",$0.00 ,"$2,743.31 ",$962.30 ,$370.67 ,$0.00 ,0,0,0,1,1,4,0,0,4518699,27266.44488,1549773,1348982,180356,553160,432652,561952,1186660,340581,3038969,129608,113905,106066,62893,91930
CA,CA4,201805,COM,422886,35.42603444,0.498621378,0.890683837,$345.44 ,$67.46 ,$85.66 ,$93.84 ,$98.47 ,$0.00 ,476,65,3532,4499,25569,27410,343,943,13262234,4850.972611,4615697,4338482,441609,1781058,1352330,1739765,2957709,1601964,9307146,1149887,86507,469799,343744,220875
CA,CA4,201805,COM,40,33.875,0.4,1.363125,"$1,040.22 ",$775.49 ,$10.97 ,$155.23 ,$98.53 ,$0.00 ,1,0,0,2,3,5,1,0,13262234,4850.972611,4615697,4338482,441609,1781058,1352330,1739765,2957709,1601964,9307146,1149887,86507,469799,343744,220875
CA,CA5,201805,COM,21764,35.32222937,0.495083624,1.039774398,$447.02 ,$78.23 ,$108.79 ,$146.62 ,$113.38 ,$0.00 ,24,3,214,233,1941,1964,23,90,848112,1842.466511,287498,271226,25853,88185,78474,123435,199599,77382,459811,31090,10988,17892,11400,12601
CA,CA5,201805,COM,3,42.33333333,0.333333333,1.064666667,$20.90 ,$0.00 ,$0.00 ,$0.00 ,$20.90 ,$0.00 ,0,0,0,0,0,0,0,0,848112,1842.466511,287498,271226,25853,88185,78474,123435,199599,77382,459811,31090,10988,17892,11400,12601
CA,CA6,201805,COM,16358,36.96857807,0.499572075,1.088753576,$462.76 ,$108.09 ,$153.46 ,$104.99 ,$96.23 ,$0.00 ,15,5,187,151,1278,1089,5,10,443738,2735.137621,156210,144962,13861,52042,46478,64775,99117,45552,244382,21169,6950,15410,8052,19863
CA,CA6,201805,COM,3,28.33333333,0.333333333,0.251,$60.50 ,$0.00 ,$0.00 ,$60.50 ,$0.00 ,$0.00 ,0,0,0,0,0,0,0,0,443738,2735.137621,156210,144962,13861,52042,46478,64775,99117,45552,244382,21169,6950,15410,8052,19863
CA,CA7,201805,COM,9243,32.64838256,0.46997728,1.020768365,$486.05 ,$169.68 ,$114.06 ,$116.70 ,$85.61 ,$0.00 ,8,1,103,169,863,737,7,39,883053,8132.256436,295756,267913,39056,139584,77216,92005,257750,84735,576023,15490,21557,24792,18281,31126
CA,CA7,201805,COM,6,29.83333333,0.5,3.7605,$516.57 ,$0.00 ,$0.00 ,$274.88 ,$241.68 ,$0.00 ,0,0,0,0,2,1,0,0,883053,8132.256436,295756,267913,39056,139584,77216,92005,257750,84735,576023,15490,21557,24792,18281,31126
CA,CA8,201805,COM,2723,39.03452075,0.489900845,1.269118619,$470.66 ,$68.74 ,$148.15 ,$122.15 ,$131.62 ,$0.00 ,4,0,33,46,251,275,3,4,281455,3300.636162,121095,105317,6175,17123,20715,52758,50492,9045,86881,7329,9630,3482,4557,16435
CA,CA9,201805,COM,7,51.42857143,0.571428571,1.941714286,"$4,013.10 ",$0.00 ,"$3,098.08 ",$865.52 ,$49.49 ,$0.00 ,0,0,1,0,3,0,0,0,433212,3281.719108,141155,126052,10475,78816,46650,55515,114125,75432,301974,14534,6567,17221,5984,17741
CA,CA9,201805,COM,4277,37.60556465,0.499181669,1.180665186,$734.26 ,$240.27 ,$225.86 ,$171.67 ,$96.46 ,$0.00 ,4,0,47,58,457,409,4,7,433212,3281.719108,141155,126052,10475,78816,46650,55515,114125,75432,301974,14534,6567,17221,5984,17741
CA,CA1,201806,COM,11,51.54545455,0.727272727,1.138545455,$387.64 ,$0.00 ,$0.00 ,$94.40 ,$293.24 ,$0.00 ,0,0,0,0,1,1,0,0,3302833,4208.762531,1204884,1118980,106962,286008,279602,439595,726344,216965,1787453,255366,42081,75015,61486,89451
CA,CA1,201806,COM,335444,35.75049487,0.518849644,0.929377076,$377.20 ,$76.77 ,$88.12 ,$124.84 ,$87.47 ,$0.00 ,439,108,2251,5775,15865,31686,271,548,3302833,4208.762531,1204884,1118980,106962,286008,279602,439595,726344,216965,1787453,255366,42081,75015,61486,89451
CA,CA10,201806,COM,3429,34.18839312,0.474190726,1.121532225,$293.24 ,$22.69 ,$73.69 ,$103.55 ,$93.30 ,$0.00 ,4,1,23,26,383,283,2,7,460477,4824.376542,147791,136106,18321,81345,44779,50391,143528,61208,326860,6561,10023,13317,8274,5426
CA,CA11,201806,COM,952,32.54516807,0.492647059,0.979793067,$275.86 ,$10.17 ,$109.22 ,$92.11 ,$64.36 ,$0.00 ,0,0,12,8,118,73,2,0,150075,1390.308446,45792,42735,4855,24270,10946,14567,40935,13829,101017,2919,1938,3483,2730,14912
CA,CA12,201806,COM,10654,33.62971654,0.502909705,1.041414962,$483.28 ,$128.89 ,$163.74 ,$111.71 ,$78.95 ,$0.00 ,13,0,101,185,911,785,4,25,978130,5958.095977,328577,304624,41276,147389,92035,114438,279979,108140,686675,23756,12508,28262,25805,16750
CA,CA12,201806,COM,1,61,1,2.949,$21.39 ,$0.00 ,$0.00 ,$0.00 ,$21.39 ,$0.00 ,0,0,0,0,0,0,0,0,978130,5958.095977,328577,304624,41276,147389,92035,114438,279979,108140,686675,23756,12508,28262,25805,16750
CA,CA13,201806,COM,2319,36.36050022,0.479948254,1.12489047,$425.38 ,$51.15 ,$185.86 ,$114.56 ,$73.82 ,$0.00 ,2,0,37,11,214,210,2,15,342954,21389.49918,163854,119622,10594,41422,24903,67475,74845,21273,143965,5802,14241,5844,5879,17935
CA,CA14,201806,COM,129971,35.135184,0.515053358,0.965892722,$506.97 ,$104.72 ,$162.74 ,$159.28 ,$80.23 ,$0.00 ,98,24,933,874,8873,10993,138,445,2255381,3124.860076,789873,749021,60919,189668,113096,295103,502048,188257,1461149,154299,25948,59669,38303,48904
CA,CA14,201806,COM,7,37.57142857,0.428571429,0.640571429,$9.54 ,$0.00 ,$0.00 ,$8.76 ,$0.78 ,$0.00 ,0,0,0,0,0,1,0,0,2255381,3124.860076,789873,749021,60919,189668,113096,295103,502048,188257,1461149,154299,25948,59669,38303,48904
CA,CA15,201806,COM,1671,34.09634949,0.491322561,1.043424297,$494.39 ,$91.33 ,$197.56 ,$137.71 ,$67.79 ,$0.00 ,1,1,20,9,136,111,2,2,269075,1935.645521,84795,79606,14912,48433,23145,29320,80062,34066,193067,3236,5216,7611,5801,5926
CA,CA16,201806,COM,27,36.22222222,0.444444444,1.190481482,$307.78 ,$0.00 ,$39.02 ,$84.95 ,$183.81 ,$0.00 ,0,0,0,1,2,4,0,0,4673221,2470.336258,1796567,1692047,128698,373438,232541,689629,936866,360315,2804353,396804,19220,110888,205390,80356
CA,CA16,201806,COM,157652,33.47267399,0.501420851,0.931098273,$495.31 ,$87.08 ,$154.91 ,$158.98 ,$94.34 ,$0.00 ,117,33,1224,1578,11435,11633,200,546,4673221,2470.336258,1796567,1692047,128698,373438,232541,689629,936866,360315,2804353,396804,19220,110888,205390,80356
CA,CA17,201806,COM,4363,33.57322943,0.495072198,0.922173046,$330.73 ,$42.58 ,$110.47 ,$107.96 ,$69.72 ,$0.00 ,5,0,52,45,350,239,2,3,539301,1496.015066,181213,172682,26130,73664,35012,67770,146907,48530,309505,12059,7723,11489,11100,5269
CA,CA18,201806,COM,9148,33.58220376,0.500218627,0.949248251,$444.82 ,$111.30 ,$145.03 ,$122.53 ,$65.96 ,$0.00 ,10,2,101,65,693,558,7,46,732212,1392.385418,241055,226727,28989,96905,53972,89461,201506,62038,494325,20238,8143,16525,14450,15994
CA,CA19,201806,COM,32432,34.37786754,0.502651702,0.857975549,$415.66 ,$81.14 ,$146.96 ,$122.43 ,$65.13 ,$0.00 ,20,1,258,290,2064,1679,20,114,2291738,5095.099057,896341,819372,75758,168734,134416,335498,532415,114749,1083594,101802,25772,34828,51388,38576
CA,CA19,201806,COM,9,42.66666667,0.444444444,1.16,$81.04 ,$0.00 ,$0.00 ,$62.47 ,$18.57 ,$0.00 ,0,0,0,0,1,1,0,2,2291738,5095.099057,896341,819372,75758,168734,134416,335498,532415,114749,1083594,101802,25772,34828,51388,38576
CA,CA2,201806,COM,9953,43.87240028,0.445594293,0.755075957,$117.83 ,$39.36 ,$25.43 ,$33.39 ,$19.65 ,$0.00 ,7,1,62,12,79,557,2,8,180216,4176.578436,57468,44057,10782,33928,15883,22446,51676,34263,160443,3448,6076,4616,3242,9708
CA,CA20,201806,COM,4430,37.79503386,0.508577878,1.101789391,$745.14 ,$191.64 ,$345.59 ,$134.45 ,$73.46 ,$0.00 ,2,1,53,32,363,261,0,8,438530,821.7515515,156896,149067,15346,36031,23696,64390,98813,20223,269660,13520,4468,7695,7541,10444
CA,CA21,201806,COM,6664,38.00015006,0.509003601,0.938431122,$521.50 ,$132.49 ,$195.18 ,$124.40 ,$69.43 ,$0.00 ,5,1,63,45,393,435,9,22,641847,2324.181643,263188,238371,17271,57501,43401,116457,130712,38050,249451,23427,13544,12933,11677,12597
CA,CA21,201806,COM,2,48.5,0.5,0.3225,$0.00 ,$0.00 ,$0.00 ,$0.00 ,$0.00 ,$0.00 ,0,0,0,0,0,0,0,0,641847,2324.181643,263188,238371,17271,57501,43401,116457,130712,38050,249451,23427,13544,12933,11677,12597
CA,CA22,201806,COM,1448,33.88328729,0.528314917,1.197851519,$456.81 ,$93.64 ,$159.59 ,$145.20 ,$58.39 ,$0.00 ,1,0,11,18,155,105,2,5,171365,1234.545845,62685,58539,6792,22175,14964,23303,45990,13426,84511,4555,4913,3992,3786,2411
CA,CA23,201806,COM,1084,36.52398524,0.493542435,1.197259225,$528.38 ,$58.07 ,$238.85 ,$137.17 ,$94.29 ,$0.00 ,1,0,15,8,115,93,0,4,151906,9005.172163,84579,59685,4117,9269,9764,35175,25619,1701,28770,2723,7154,1011,2769,11716
CA,CA24,201806,COM,2595,35.39229287,0.502119461,1.208843931,$589.80 ,$179.79 ,$205.66 ,$116.42 ,$87.93 ,$0.00 ,6,1,24,20,272,212,3,10,428006,8864.022501,193696,163983,16804,39396,35478,79271,91192,17615,138500,10651,26639,6204,11021,9809
CA,CA25,201806,COM,6098,37.0764185,0.499016071,1.218125943,$500.49 ,$100.59 ,$193.64 ,$134.51 ,$71.75 ,$0.00 ,6,4,75,47,566,481,2,19,470990,24672.40534,218386,187277,15591,36021,38019,90963,98766,8104,114440,8163,28551,6986,13481,12724
CA,CA3,201806,COM,108834,35.85478803,0.49680247,0.860596101,$306.29 ,$63.75 ,$91.70 ,$65.94 ,$84.90 ,$0.00 ,110,27,1038,1319,5135,5552,52,161,4518699,27266.44488,1549773,1348982,180356,553160,432652,561952,1186660,340581,3038969,129608,113905,106066,62893,91930
CA,CA3,201806,COM,10,50.1,0.3,2.6108,"$2,040.89 ","$1,118.97 ",$175.48 ,$285.04 ,$461.40 ,$0.00 ,0,0,0,0,0,0,0,0,4518699,27266.44488,1549773,1348982,180356,553160,432652,561952,1186660,340581,3038969,129608,113905,106066,62893,91930
CA,CA4,201806,COM,422850,35.48203145,0.498621261,0.890682282,$340.24 ,$72.37 ,$82.35 ,$88.75 ,$96.77 ,$0.00 ,420,53,3290,4388,24365,26572,327,941,13262234,4850.972611,4615697,4338482,441609,1781058,1352330,1739765,2957709,1601964,9307146,1149887,86507,469799,343744,220875
CA,CA4,201806,COM,40,33.9,0.4,1.363125,$451.20 ,$0.00 ,$173.20 ,$184.68 ,$93.32 ,$0.00 ,0,0,0,0,6,2,0,0,13262234,4850.972611,4615697,4338482,441609,1781058,1352330,1739765,2957709,1601964,9307146,1149887,86507,469799,343744,220875
CA,CA5,201806,COM,21766,35.37829643,0.495084076,1.039724019,$430.91 ,$69.50 ,$119.14 ,$144.23 ,$98.04 ,$0.00 ,15,4,219,248,1773,1889,28,76,848112,1842.466511,287498,271226,25853,88185,78474,123435,199599,77382,459811,31090,10988,17892,11400,12601
CA,CA5,201806,COM,3,42.66666667,0.333333333,1.064666667,$204.86 ,$0.00 ,$0.00 ,$183.96 ,$20.90 ,$0.00 ,0,0,0,0,0,1,0,0,848112,1842.466511,287498,271226,25853,88185,78474,123435,199599,77382,459811,31090,10988,17892,11400,12601
CA,CA6,201806,COM,3,28.33333333,0.333333333,0.251,$0.00 ,$0.00 ,$0.00 ,$0.00 ,$0.00 ,$0.00 ,0,0,0,0,0,0,0,0,443738,2735.137621,156210,144962,13861,52042,46478,64775,99117,45552,244382,21169,6950,15410,8052,19863
CA,CA6,201806,COM,16358,37.0334393,0.499572075,1.088928292,$579.83 ,$212.62 ,$167.49 ,$103.78 ,$95.94 ,$0.00 ,10,9,212,131,1211,1011,7,8,443738,2735.137621,156210,144962,13861,52042,46478,64775,99117,45552,244382,21169,6950,15410,8052,19863
CA,CA7,201806,COM,9246,32.70798183,0.470041099,1.020745403,$373.75 ,$51.45 ,$121.02 ,$123.53 ,$77.75 ,$0.00 ,8,1,116,143,801,697,7,41,883053,8132.256436,295756,267913,39056,139584,77216,92005,257750,84735,576023,15490,21557,24792,18281,31126
CA,CA7,201806,COM,6,30.16666667,0.5,3.7605,$380.83 ,$0.00 ,$0.00 ,$342.28 ,$38.55 ,$0.00 ,0,0,0,0,1,1,0,0,883053,8132.256436,295756,267913,39056,139584,77216,92005,257750,84735,576023,15490,21557,24792,18281,31126
CA,CA8,201806,COM,2723,39.09144326,0.489900845,1.269118619,$411.65 ,$21.57 ,$145.16 ,$107.95 ,$136.97 ,$0.00 ,1,1,42,50,233,236,1,4,281455,3300.636162,121095,105317,6175,17123,20715,52758,50492,9045,86881,7329,9630,3482,4557,16435
CA,CA9,201806,COM,4280,37.64135514,0.499065421,1.180016355,$657.11 ,$106.45 ,$306.99 ,$152.50 ,$91.17 ,$0.00 ,3,0,55,62,404,380,3,8,433212,3281.719108,141155,126052,10475,78816,46650,55515,114125,75432,301974,14534,6567,17221,5984,17741
CA,CA9,201806,COM,7,51.57142857,0.571428571,1.941714286,$852.61 ,$0.00 ,$646.82 ,$125.98 ,$79.81 ,$0.00 ,0,0,0,0,1,1,0,0,433212,3281.719108,141155,126052,10475,78816,46650,55515,114125,75432,301974,14534,6567,17221,5984,17741
CA,CA1,201807,COM,335381,35.92970085,0.518860639,0.92944199,$390.23 ,$80.83 ,$88.00 ,$123.68 ,$97.71 ,$0.00 ,449,83,2430,5874,15363,31227,256,558,3302833,4208.762531,1204884,1118980,106962,286008,279602,439595,726344,216965,1787453,255366,42081,75015,61486,89451
CA,CA1,201807,COM,11,51.63636364,0.727272727,1.138545455,$962.93 ,$0.00 ,$355.06 ,$261.80 ,$346.07 ,$0.00 ,0,0,1,0,3,2,0,0,3302833,4208.762531,1204884,1118980,106962,286008,279602,439595,726344,216965,1787453,255366,42081,75015,61486,89451
CA,CA10,201807,COM,3429,34.67920677,0.474190726,1.121532225,$330.95 ,$40.77 ,$93.18 ,$96.89 ,$100.10 ,$0.00 ,4,2,29,19,364,258,0,6,460477,4824.376542,147791,136106,18321,81345,44779,50391,143528,61208,326860,6561,10023,13317,8274,5426
CA,CA11,201807,COM,952,32.98529412,0.492647059,0.979793067,$317.69 ,$54.07 ,$95.52 ,$109.06 ,$59.04 ,$0.00 ,2,0,10,7,104,84,1,0,150075,1390.308446,45792,42735,4855,24270,10946,14567,40935,13829,101017,2919,1938,3483,2730,14912
CA,CA12,201807,COM,10660,34.02317073,0.502908068,1.041709099,$380.66 ,$100.97 ,$103.79 ,$98.46 ,$77.44 ,$0.00 ,15,0,102,171,881,806,8,28,978130,5958.095977,328577,304624,41276,147389,92035,114438,279979,108140,686675,23756,12508,28262,25805,16750
CA,CA12,201807,COM,1,61,1,2.949,$0.00 ,$0.00 ,$0.00 ,$0.00 ,$0.00 ,$0.00 ,0,0,0,0,0,0,0,0,978130,5958.095977,328577,304624,41276,147389,92035,114438,279979,108140,686675,23756,12508,28262,25805,16750
CA,CA13,201807,COM,2313,36.74967575,0.4794639,1.126938608,$573.27 ,$140.92 ,$198.30 ,$146.15 ,$87.91 ,$0.00 ,2,1,35,22,209,179,1,16,342954,21389.49918,163854,119622,10594,41422,24903,67475,74845,21273,143965,5802,14241,5844,5879,17935
CA,CA14,201807,COM,129975,35.53847278,0.515045201,0.965961531,$519.69 ,$101.22 ,$170.32 ,$165.95 ,$82.20 ,$0.00 ,101,39,1058,834,8795,12842,175,460,2255381,3124.860076,789873,749021,60919,189668,113096,295103,502048,188257,1461149,154299,25948,59669,38303,48904
CA,CA14,201807,COM,7,37.57142857,0.428571429,0.640571429,$2.88 ,$0.00 ,$0.00 ,$0.00 ,$2.88 ,$0.00 ,0,0,0,0,0,0,0,0,2255381,3124.860076,789873,749021,60919,189668,113096,295103,502048,188257,1461149,154299,25948,59669,38303,48904
CA,CA15,201807,COM,1672,34.45992823,0.491626794,1.044324761,$340.26 ,$52.19 ,$107.00 ,$105.87 ,$75.19 ,$0.00 ,1,0,23,15,166,112,2,3,269075,1935.645521,84795,79606,14912,48433,23145,29320,80062,34066,193067,3236,5216,7611,5801,5926
CA,CA16,201807,COM,157639,33.95622276,0.501379735,0.931029181,$493.40 ,$86.60 ,$152.77 ,$161.69 ,$92.34 ,$0.00 ,99,38,1177,1584,11032,11824,208,560,4673221,2470.336258,1796567,1692047,128698,373438,232541,689629,936866,360315,2804353,396804,19220,110888,205390,80356
CA,CA16,201807,COM,27,36.37037037,0.444444444,1.190481482,$228.61 ,$0.00 ,$7.00 ,$45.06 ,$176.56 ,$0.00 ,0,0,0,0,2,1,0,0,4673221,2470.336258,1796567,1692047,128698,373438,232541,689629,936866,360315,2804353,396804,19220,110888,205390,80356
CA,CA17,201807,COM,4362,34.00206327,0.494956442,0.922933288,$471.01 ,$84.42 ,$168.38 ,$135.08 ,$83.12 ,$0.00 ,6,1,35,29,357,245,5,2,539301,1496.015066,181213,172682,26130,73664,35012,67770,146907,48530,309505,12059,7723,11489,11100,5269
CA,CA18,201807,COM,9148,33.96512899,0.500218627,0.949248251,$454.60 ,$98.03 ,$159.73 ,$120.28 ,$76.56 ,$0.00 ,13,2,89,70,644,582,15,44,732212,1392.385418,241055,226727,28989,96905,53972,89461,201506,62038,494325,20238,8143,16525,14450,15994
CA,CA19,201807,COM,32428,34.71398174,0.502621192,0.858034353,$465.85 ,$132.58 ,$137.55 ,$123.00 ,$72.72 ,$0.00 ,26,2,296,281,1963,1675,18,118,2291738,5095.099057,896341,819372,75758,168734,134416,335498,532415,114749,1083594,101802,25772,34828,51388,38576
CA,CA19,201807,COM,9,42.88888889,0.444444444,1.16,$249.17 ,$0.00 ,$0.00 ,$218.34 ,$30.83 ,$0.00 ,0,0,0,0,2,0,0,2,2291738,5095.099057,896341,819372,75758,168734,134416,335498,532415,114749,1083594,101802,25772,34828,51388,38576
CA,CA2,201807,COM,9946,43.95545948,0.445606274,0.755047456,$103.80 ,$27.81 ,$26.51 ,$29.32 ,$20.17 ,$0.00 ,3,5,70,9,63,471,0,7,180216,4176.578436,57468,44057,10782,33928,15883,22446,51676,34263,160443,3448,6076,4616,3242,9708
CA,CA20,201807,COM,4430,38.12302483,0.508803612,1.101843792,$587.15 ,$116.33 ,$262.92 ,$125.38 ,$82.52 ,$0.00 ,3,0,44,33,334,262,3,8,438530,821.7515515,156896,149067,15346,36031,23696,64390,98813,20223,269660,13520,4468,7695,7541,10444
CA,CA21,201807,COM,6659,38.31641388,0.509235621,0.938540922,$342.87 ,$39.17 ,$117.57 ,$106.92 ,$79.21 ,$0.00 ,4,1,54,39,400,418,6,25,641847,2324.181643,263188,238371,17271,57501,43401,116457,130712,38050,249451,23427,13544,12933,11677,12597
CA,CA21,201807,COM,2,48.5,0.5,0.3225,$0.00 ,$0.00 ,$0.00 ,$0.00 ,$0.00 ,$0.00 ,0,0,0,0,0,0,0,0,641847,2324.181643,263188,238371,17271,57501,43401,116457,130712,38050,249451,23427,13544,12933,11677,12597
CA,CA22,201807,COM,1448,34.27486188,0.528314917,1.197851519,$464.73 ,$35.70 ,$225.54 ,$144.23 ,$59.27 ,$0.00 ,1,0,18,18,159,97,0,6,171365,1234.545845,62685,58539,6792,22175,14964,23303,45990,13426,84511,4555,4913,3992,3786,2411
CA,CA23,201807,COM,1084,36.60332103,0.493542435,1.197259225,$558.95 ,$131.65 ,$178.52 ,$180.53 ,$68.25 ,$0.00 ,1,0,18,7,108,88,0,3,151906,9005.172163,84579,59685,4117,9269,9764,35175,25619,1701,28770,2723,7154,1011,2769,11716
CA,CA24,201807,COM,2592,35.62731482,0.502700617,1.209761574,$416.49 ,$31.92 ,$204.85 ,$111.17 ,$68.54 ,$0.00 ,4,2,29,12,269,237,1,12,428006,8864.022501,193696,163983,16804,39396,35478,79271,91192,17615,138500,10651,26639,6204,11021,9809
CA,CA25,201807,COM,6103,37.41258398,0.49893495,1.217281009,$524.84 ,$100.43 ,$223.42 ,$127.84 ,$73.15 ,$0.00 ,6,1,88,27,566,490,1,21,470990,24672.40534,218386,187277,15591,36021,38019,90963,98766,8104,114440,8163,28551,6986,13481,12724
CA,CA3,201807,COM,108809,36.23852806,0.496760378,0.860575513,$334.74 ,$88.77 ,$85.65 ,$69.78 ,$90.54 ,$0.00 ,132,29,1009,1314,5077,5628,61,153,4518699,27266.44488,1549773,1348982,180356,553160,432652,561952,1186660,340581,3038969,129608,113905,106066,62893,91930
CA,CA3,201807,COM,10,50.1,0.3,2.6108,$718.23 ,$0.00 ,$337.49 ,$21.09 ,$359.65 ,$0.00 ,0,0,0,0,0,0,0,0,4518699,27266.44488,1549773,1348982,180356,553160,432652,561952,1186660,340581,3038969,129608,113905,106066,62893,91930
CA,CA4,201807,COM,422787,35.85688065,0.498634064,0.890739741,$342.77 ,$67.23 ,$87.34 ,$90.63 ,$97.57 ,$0.00 ,400,74,3529,4602,23480,26311,340,914,13262234,4850.972611,4615697,4338482,441609,1781058,1352330,1739765,2957709,1601964,9307146,1149887,86507,469799,343744,220875
CA,CA4,201807,COM,40,34,0.4,1.363125,$278.56 ,$0.00 ,$0.00 ,$90.53 ,$188.02 ,$0.00 ,0,0,0,1,3,6,0,0,13262234,4850.972611,4615697,4338482,441609,1781058,1352330,1739765,2957709,1601964,9307146,1149887,86507,469799,343744,220875
CA,CA5,201807,COM,21759,35.74764465,0.495013558,1.039523737,$425.35 ,$65.69 ,$113.87 ,$138.03 ,$107.76 ,$0.00 ,18,4,211,240,1705,1872,28,91,848112,1842.466511,287498,271226,25853,88185,78474,123435,199599,77382,459811,31090,10988,17892,11400,12601
CA,CA5,201807,COM,3,43,0.333333333,1.064666667,$298.71 ,$0.00 ,$0.00 ,$275.93 ,$22.79 ,$0.00 ,0,0,0,0,1,1,1,0,848112,1842.466511,287498,271226,25853,88185,78474,123435,199599,77382,459811,31090,10988,17892,11400,12601
CA,CA6,201807,COM,16351,37.32921534,0.499541313,1.089142071,$481.05 ,$136.01 ,$160.14 ,$100.87 ,$84.03 ,$0.00 ,19,8,207,159,1175,975,9,11,443738,2735.137621,156210,144962,13861,52042,46478,64775,99117,45552,244382,21169,6950,15410,8052,19863
CA,CA6,201807,COM,3,28.33333333,0.333333333,0.251,$0.00 ,$0.00 ,$0.00 ,$0.00 ,$0.00 ,$0.00 ,0,0,0,0,0,0,0,0,443738,2735.137621,156210,144962,13861,52042,46478,64775,99117,45552,244382,21169,6950,15410,8052,19863
CA,CA7,201807,COM,9245,33.04607896,0.469983775,1.020830179,$420.59 ,$103.36 ,$130.19 ,$105.82 ,$81.23 ,$0.00 ,9,3,104,138,769,682,8,42,883053,8132.256436,295756,267913,39056,139584,77216,92005,257750,84735,576023,15490,21557,24792,18281,31126
CA,CA7,201807,COM,6,30.33333333,0.5,3.7605,$738.21 ,$0.00 ,$0.00 ,$438.85 ,$299.36 ,$0.00 ,0,0,0,0,2,1,0,0,883053,8132.256436,295756,267913,39056,139584,77216,92005,257750,84735,576023,15490,21557,24792,18281,31126
CA,CA8,201807,COM,2723,39.43150937,0.489900845,1.269118619,$576.76 ,$137.31 ,$175.82 ,$121.37 ,$142.25 ,$0.00 ,5,0,40,47,243,235,1,4,281455,3300.636162,121095,105317,6175,17123,20715,52758,50492,9045,86881,7329,9630,3482,4557,16435
CA,CA9,201807,COM,7,51.57142857,0.571428571,1.941714286,"$1,683.17 ",$0.00 ,"$1,429.62 ",$160.96 ,$92.60 ,$0.00 ,0,0,0,0,1,1,0,0,433212,3281.719108,141155,126052,10475,78816,46650,55515,114125,75432,301974,14534,6567,17221,5984,17741
CA,CA9,201807,COM,4280,37.99462617,0.499065421,1.180016355,$596.03 ,$114.10 ,$241.40 ,$151.98 ,$88.55 ,$0.00 ,14,1,45,73,404,399,4,9,433212,3281.719108,141155,126052,10475,78816,46650,55515,114125,75432,301974,14534,6567,17221,5984,17741
CA,CA1,201808,COM,335407,36.00273101,0.51884427,0.929483055,$402.52 ,$78.19 ,$93.03 ,$135.83 ,$95.46 ,$0.00 ,472,93,2517,5788,16888,33747,292,571,3302833,4208.762531,1204884,1118980,106962,286008,279602,439595,726344,216965,1787453,255366,42081,75015,61486,89451
CA,CA1,201808,COM,11,51.72727273,0.727272727,1.138545455,"$1,210.68 ",$0.00 ,$743.07 ,$220.52 ,$247.08 ,$0.00 ,0,0,1,0,2,2,0,0,3302833,4208.762531,1204884,1118980,106962,286008,279602,439595,726344,216965,1787453,255366,42081,75015,61486,89451
CA,CA10,201808,COM,3428,34.72549592,0.47403734,1.121318845,$366.42 ,$53.17 ,$78.33 ,$122.41 ,$112.51 ,$0.00 ,9,0,31,24,381,334,3,7,460477,4824.376542,147791,136106,18321,81345,44779,50391,143528,61208,326860,6561,10023,13317,8274,5426
CA,CA11,201808,COM,951,33.02523659,0.493165089,0.979940063,$393.11 ,$98.64 ,$127.17 ,$106.02 ,$61.28 ,$0.00 ,2,1,14,8,102,81,1,0,150075,1390.308446,45792,42735,4855,24270,10946,14567,40935,13829,101017,2919,1938,3483,2730,14912
CA,CA12,201808,COM,1,61,1,2.949,$487.58 ,$0.00 ,$0.00 ,$365.95 ,$121.63 ,$0.00 ,0,0,0,0,1,0,0,0,978130,5958.095977,328577,304624,41276,147389,92035,114438,279979,108140,686675,23756,12508,28262,25805,16750
CA,CA12,201808,COM,10662,34.07878447,0.502813731,1.041544363,$388.94 ,$67.16 ,$118.53 ,$113.12 ,$90.13 ,$0.00 ,8,0,101,161,996,850,5,28,978130,5958.095977,328577,304624,41276,147389,92035,114438,279979,108140,686675,23756,12508,28262,25805,16750
CA,CA13,201808,COM,2312,36.81055363,0.47967128,1.126922578,$623.28 ,$196.54 ,$210.33 ,$123.91 ,$92.50 ,$0.00 ,2,0,35,24,213,196,0,15,342954,21389.49918,163854,119622,10594,41422,24903,67475,74845,21273,143965,5802,14241,5844,5879,17935
CA,CA14,201808,COM,129985,35.59601493,0.51503635,0.965958226,$574.08 ,$102.53 ,$192.00 ,$190.67 ,$88.87 ,$0.00 ,127,53,1005,880,9706,13946,206,506,2255381,3124.860076,789873,749021,60919,189668,113096,295103,502048,188257,1461149,154299,25948,59669,38303,48904
CA,CA14,201808,COM,7,37.57142857,0.428571429,0.640571429,$44.89 ,$0.00 ,$0.00 ,$44.24 ,$0.65 ,$0.00 ,0,0,0,0,0,0,0,0,2255381,3124.860076,789873,749021,60919,189668,113096,295103,502048,188257,1461149,154299,25948,59669,38303,48904
CA,CA15,201808,COM,1672,34.5215311,0.491626794,1.044324761,$753.35 ,$347.97 ,$152.19 ,$167.49 ,$85.70 ,$0.00 ,6,1,21,14,157,141,0,2,269075,1935.645521,84795,79606,14912,48433,23145,29320,80062,34066,193067,3236,5216,7611,5801,5926
CA,CA16,201808,COM,157651,34.00369804,0.501392316,0.93097516,$568.02 ,$115.42 ,$173.93 ,$178.88 ,$99.80 ,$0.00 ,109,31,1147,1446,11635,12894,221,576,4673221,2470.336258,1796567,1692047,128698,373438,232541,689629,936866,360315,2804353,396804,19220,110888,205390,80356
CA,CA16,201808,COM,27,36.51851852,0.444444444,1.190481482,$780.01 ,$0.00 ,$372.23 ,$180.87 ,$226.91 ,$0.00 ,0,0,2,0,1,3,0,0,4673221,2470.336258,1796567,1692047,128698,373438,232541,689629,936866,360315,2804353,396804,19220,110888,205390,80356
CA,CA17,201808,COM,4362,34.05868868,0.494956442,0.922933288,$584.64 ,$185.37 ,$161.90 ,$145.77 ,$91.60 ,$0.00 ,6,0,52,52,397,291,5,4,539301,1496.015066,181213,172682,26130,73664,35012,67770,146907,48530,309505,12059,7723,11489,11100,5269
CA,CA18,201808,COM,9148,34.02525142,0.500218627,0.949248251,$499.95 ,$141.38 ,$158.18 ,$127.85 ,$72.54 ,$0.00 ,9,4,103,57,713,584,7,43,732212,1392.385418,241055,226727,28989,96905,53972,89461,201506,62038,494325,20238,8143,16525,14450,15994
CA,CA19,201808,COM,32418,34.77382935,0.502745388,0.857551484,$413.93 ,$74.51 ,$136.94 ,$127.65 ,$74.82 ,$0.00 ,33,1,240,259,2201,1812,24,120,2291738,5095.099057,896341,819372,75758,168734,134416,335498,532415,114749,1083594,101802,25772,34828,51388,38576
CA,CA19,201808,COM,9,42.88888889,0.444444444,1.16,$945.97 ,$0.00 ,$104.55 ,$821.39 ,$20.02 ,$0.00 ,0,0,0,0,2,0,0,2,2291738,5095.099057,896341,819372,75758,168734,134416,335498,532415,114749,1083594,101802,25772,34828,51388,38576
CA,CA2,201808,COM,9953,44.03325631,0.445594293,0.754933387,$135.86 ,$49.62 ,$36.77 ,$30.43 ,$19.05 ,$0.00 ,9,1,76,19,89,526,2,11,180216,4176.578436,57468,44057,10782,33928,15883,22446,51676,34263,160443,3448,6076,4616,3242,9708
CA,CA20,201808,COM,4430,38.18532731,0.508803612,1.101860271,$930.64 ,$186.94 ,$494.28 ,$168.32 ,$81.10 ,$0.00 ,4,1,46,30,340,287,5,9,438530,821.7515515,156896,149067,15346,36031,23696,64390,98813,20223,269660,13520,4468,7695,7541,10444
CA,CA21,201808,COM,6656,38.38401442,0.509314904,0.938809195,$405.84 ,$47.42 ,$151.27 ,$127.30 ,$79.86 ,$0.00 ,4,0,55,36,405,476,2,23,641847,2324.181643,263188,238371,17271,57501,43401,116457,130712,38050,249451,23427,13544,12933,11677,12597
CA,CA21,201808,COM,2,49,0.5,0.3225,$0.00 ,$0.00 ,$0.00 ,$0.00 ,$0.00 ,$0.00 ,0,0,0,0,0,0,0,0,641847,2324.181643,263188,238371,17271,57501,43401,116457,130712,38050,249451,23427,13544,12933,11677,12597
CA,CA22,201808,COM,1448,34.33218232,0.528314917,1.197851519,$604.01 ,$175.72 ,$189.71 ,$173.50 ,$65.08 ,$0.00 ,4,1,11,21,157,110,0,4,171365,1234.545845,62685,58539,6792,22175,14964,23303,45990,13426,84511,4555,4913,3992,3786,2411
CA,CA23,201808,COM,1084,36.69372694,0.493542435,1.197259225,$610.68 ,$230.43 ,$119.11 ,$192.32 ,$68.82 ,$0.00 ,2,0,10,6,113,85,0,3,151906,9005.172163,84579,59685,4117,9269,9764,35175,25619,1701,28770,2723,7154,1011,2769,11716
CA,CA24,201808,COM,2594,35.6842714,0.50231303,1.209075945,$621.38 ,$119.48 ,$261.06 ,$156.07 ,$84.76 ,$0.00 ,4,1,36,13,293,267,3,11,428006,8864.022501,193696,163983,16804,39396,35478,79271,91192,17615,138500,10651,26639,6204,11021,9809
CA,CA25,201808,COM,6106,37.45512611,0.498853587,1.216753685,$601.24 ,$168.86 ,$210.90 ,$139.43 ,$82.05 ,$0.00 ,12,2,94,36,610,530,1,19,470990,24672.40534,218386,187277,15591,36021,38019,90963,98766,8104,114440,8163,28551,6986,13481,12724
CA,CA3,201808,COM,108804,36.29748906,0.496783207,0.860694855,$350.39 ,$82.49 ,$97.22 ,$75.30 ,$95.39 ,$0.00 ,136,23,1050,1264,5455,6049,57,164,4518699,27266.44488,1549773,1348982,180356,553160,432652,561952,1186660,340581,3038969,129608,113905,106066,62893,91930
CA,CA3,201808,COM,10,50.1,0.3,2.6108,"$2,913.79 ","$2,106.00 ",$301.60 ,$103.84 ,$402.35 ,$0.00 ,0,0,0,0,0,2,0,0,4518699,27266.44488,1549773,1348982,180356,553160,432652,561952,1186660,340581,3038969,129608,113905,106066,62893,91930
CA,CA4,201808,COM,422856,35.91458558,0.498637834,0.890572105,$376.08 ,$75.64 ,$94.08 ,$100.93 ,$105.43 ,$0.00 ,442,69,3615,4587,25627,28637,410,964,13262234,4850.972611,4615697,4338482,441609,1781058,1352330,1739765,2957709,1601964,9307146,1149887,86507,469799,343744,220875
CA,CA4,201808,COM,40,34.15,0.4,1.363125,$678.83 ,$0.00 ,$156.46 ,$202.41 ,$319.97 ,$0.00 ,0,0,2,0,2,4,0,0,13262234,4850.972611,4615697,4338482,441609,1781058,1352330,1739765,2957709,1601964,9307146,1149887,86507,469799,343744,220875
CA,CA5,201808,COM,21754,35.81474671,0.494989427,1.039806656,$437.11 ,$66.41 ,$100.44 ,$160.41 ,$109.85 ,$0.00 ,18,2,174,224,1794,2006,29,96,848112,1842.466511,287498,271226,25853,88185,78474,123435,199599,77382,459811,31090,10988,17892,11400,12601
CA,CA5,201808,COM,3,43,0.333333333,1.064666667,$819.77 ,$0.00 ,$0.00 ,$783.48 ,$36.29 ,$0.00 ,0,0,0,0,0,0,0,1,848112,1842.466511,287498,271226,25853,88185,78474,123435,199599,77382,459811,31090,10988,17892,11400,12601
CA,CA6,201808,COM,16352,37.39065558,0.499633072,1.089129831,$551.19 ,$177.99 ,$167.81 ,$103.21 ,$102.18 ,$0.00 ,15,10,226,146,1225,1128,9,10,443738,2735.137621,156210,144962,13861,52042,46478,64775,99117,45552,244382,21169,6950,15410,8052,19863
CA,CA6,201808,COM,3,28.66666667,0.333333333,0.251,$0.00 ,$0.00 ,$0.00 ,$0.00 ,$0.00 ,$0.00 ,0,0,0,0,0,0,0,0,443738,2735.137621,156210,144962,13861,52042,46478,64775,99117,45552,244382,21169,6950,15410,8052,19863
CA,CA7,201808,COM,6,30.33333333,0.5,3.7605,$412.82 ,$0.00 ,$0.00 ,$224.03 ,$188.79 ,$0.00 ,0,0,0,0,2,2,0,0,883053,8132.256436,295756,267913,39056,139584,77216,92005,257750,84735,576023,15490,21557,24792,18281,31126
CA,CA7,201808,COM,9242,33.11328717,0.469919931,1.021003571,$440.99 ,$82.60 ,$157.05 ,$117.95 ,$83.38 ,$0.00 ,7,2,111,165,870,782,6,40,883053,8132.256436,295756,267913,39056,139584,77216,92005,257750,84735,576023,15490,21557,24792,18281,31126
CA,CA8,201808,COM,2723,39.48733015,0.489900845,1.269118619,$473.48 ,$53.57 ,$145.00 ,$126.40 ,$148.51 ,$0.00 ,3,1,42,45,229,274,4,5,281455,3300.636162,121095,105317,6175,17123,20715,52758,50492,9045,86881,7329,9630,3482,4557,16435
CA,CA9,201808,COM,4279,38.05772377,0.498948352,1.180213134,$683.89 ,$111.45 ,$301.12 ,$166.03 ,$105.28 ,$0.00 ,5,1,63,58,435,414,4,8,433212,3281.719108,141155,126052,10475,78816,46650,55515,114125,75432,301974,14534,6567,17221,5984,17741
CA,CA9,201808,COM,7,51.57142857,0.571428571,1.941714286,$865.31 ,$0.00 ,$576.75 ,$186.00 ,$102.56 ,$0.00 ,0,0,1,0,0,3,0,0,433212,3281.719108,141155,126052,10475,78816,46650,55515,114125,75432,301974,14534,6567,17221,5984,17741
CA,CA1,201809,COM,335392,36.08002278,0.518846603,0.929425693,$364.94 ,$76.74 ,$86.92 ,$119.46 ,$81.83 ,$0.00 ,429,85,2407,5784,15212,30182,237,543,3302833,4208.762531,1204884,1118980,106962,286008,279602,439595,726344,216965,1787453,255366,42081,75015,61486,89451
CA,CA1,201809,COM,11,51.81818182,0.727272727,1.138545455,$481.12 ,$0.00 ,$0.00 ,$81.86 ,$399.26 ,$0.00 ,0,0,0,0,2,0,0,0,3302833,4208.762531,1204884,1118980,106962,286008,279602,439595,726344,216965,1787453,255366,42081,75015,61486,89451
CA,CA10,201809,COM,3427,34.77618909,0.474175664,1.121227604,$346.42 ,$72.82 ,$67.99 ,$113.42 ,$92.19 ,$0.00 ,3,2,27,23,375,302,2,6,460477,4824.376542,147791,136106,18321,81345,44779,50391,143528,61208,326860,6561,10023,13317,8274,5426
CA,CA11,201809,COM,952,33.06512605,0.493697479,0.979146008,$329.58 ,$40.21 ,$137.44 ,$84.29 ,$67.64 ,$0.00 ,0,0,10,5,109,61,0,0,150075,1390.308446,45792,42735,4855,24270,10946,14567,40935,13829,101017,2919,1938,3483,2730,14912
CA,CA12,201809,COM,1,61,1,2.949,$0.00 ,$0.00 ,$0.00 ,$0.00 ,$0.00 ,$0.00 ,0,0,0,0,0,0,0,0,978130,5958.095977,328577,304624,41276,147389,92035,114438,279979,108140,686675,23756,12508,28262,25805,16750
CA,CA12,201809,COM,10663,34.1415174,0.502766576,1.041535684,$332.81 ,$62.42 ,$96.13 ,$100.15 ,$74.11 ,$0.00 ,8,1,114,176,909,817,9,27,978130,5958.095977,328577,304624,41276,147389,92035,114438,279979,108140,686675,23756,12508,28262,25805,16750
CA,CA13,201809,COM,2318,36.82096635,0.480155306,1.124873598,$618.34 ,$103.34 ,$275.53 ,$153.23 ,$86.24 ,$0.00 ,7,0,29,17,200,208,3,16,342954,21389.49918,163854,119622,10594,41422,24903,67475,74845,21273,143965,5802,14241,5844,5879,17935
CA,CA14,201809,COM,7,37.85714286,0.428571429,0.640571429,$23.39 ,$0.00 ,$0.00 ,$17.54 ,$5.86 ,$0.00 ,0,0,0,0,0,1,0,0,2255381,3124.860076,789873,749021,60919,189668,113096,295103,502048,188257,1461149,154299,25948,59669,38303,48904
CA,CA14,201809,COM,129999,35.65247425,0.515050116,0.965953684,$585.84 ,$166.44 ,$166.64 ,$170.96 ,$81.79 ,$0.00 ,120,28,1065,897,8913,12482,179,476,2255381,3124.860076,789873,749021,60919,189668,113096,295103,502048,188257,1461149,154299,25948,59669,38303,48904
CA,CA15,201809,COM,1672,34.57894737,0.491626794,1.044324761,$662.68 ,$167.58 ,$256.09 ,$167.92 ,$71.10 ,$0.00 ,6,1,19,18,170,110,3,2,269075,1935.645521,84795,79606,14912,48433,23145,29320,80062,34066,193067,3236,5216,7611,5801,5926
CA,CA16,201809,COM,27,36.55555556,0.444444444,1.190481482,$311.15 ,$0.00 ,$0.00 ,$86.96 ,$224.18 ,$0.00 ,0,0,0,0,1,1,0,0,4673221,2470.336258,1796567,1692047,128698,373438,232541,689629,936866,360315,2804353,396804,19220,110888,205390,80356
CA,CA16,201809,COM,157650,34.05304155,0.50140184,0.930990149,$487.81 ,$87.36 ,$149.13 ,$158.88 ,$92.44 ,$0.00 ,113,37,1184,1514,10521,11483,185,559,4673221,2470.336258,1796567,1692047,128698,373438,232541,689629,936866,360315,2804353,396804,19220,110888,205390,80356
CA,CA17,201809,COM,4360,34.12614679,0.494954128,0.923291055,$449.86 ,$90.57 ,$179.87 ,$111.19 ,$68.23 ,$0.00 ,6,1,54,30,353,210,1,3,539301,1496.015066,181213,172682,26130,73664,35012,67770,146907,48530,309505,12059,7723,11489,11100,5269
CA,CA18,201809,COM,9144,34.082021,0.500218723,0.948430009,$502.54 ,$178.22 ,$132.34 ,$122.93 ,$69.06 ,$0.00 ,11,3,87,58,628,549,2,39,732212,1392.385418,241055,226727,28989,96905,53972,89461,201506,62038,494325,20238,8143,16525,14450,15994
CA,CA19,201809,COM,32425,34.83407864,0.502791056,0.857263285,$488.54 ,$129.79 ,$170.69 ,$122.76 ,$65.31 ,$0.00 ,31,3,267,277,1865,1588,21,106,2291738,5095.099057,896341,819372,75758,168734,134416,335498,532415,114749,1083594,101802,25772,34828,51388,38576
CA,CA19,201809,COM,9,43,0.444444444,1.16,$283.78 ,$0.00 ,$0.00 ,$266.64 ,$17.14 ,$0.00 ,0,0,0,0,0,0,0,2,2291738,5095.099057,896341,819372,75758,168734,134416,335498,532415,114749,1083594,101802,25772,34828,51388,38576
CA,CA2,201809,COM,9954,44.12165963,0.445549528,0.754819972,$122.40 ,$43.15 ,$30.10 ,$29.32 ,$19.82 ,$0.00 ,8,3,71,14,93,495,1,11,180216,4176.578436,57468,44057,10782,33928,15883,22446,51676,34263,160443,3448,6076,4616,3242,9708
CA,CA20,201809,COM,4431,38.24102911,0.508688784,1.101694651,$870.52 ,$346.19 ,$286.34 ,$142.37 ,$95.62 ,$0.00 ,4,2,51,37,314,274,3,10,438530,821.7515515,156896,149067,15346,36031,23696,64390,98813,20223,269660,13520,4468,7695,7541,10444
CA,CA21,201809,COM,6665,38.43090773,0.509077269,0.938331733,$354.20 ,$47.90 ,$121.14 ,$110.27 ,$74.90 ,$0.00 ,5,0,51,33,386,410,3,23,641847,2324.181643,263188,238371,17271,57501,43401,116457,130712,38050,249451,23427,13544,12933,11677,12597
CA,CA21,201809,COM,2,49,0.5,0.3225,$0.00 ,$0.00 ,$0.00 ,$0.00 ,$0.00 ,$0.00 ,0,0,0,0,0,0,0,0,641847,2324.181643,263188,238371,17271,57501,43401,116457,130712,38050,249451,23427,13544,12933,11677,12597
CA,CA22,201809,COM,1448,34.39226519,0.528314917,1.197851519,$665.80 ,$153.42 ,$253.63 ,$199.11 ,$59.65 ,$0.00 ,2,2,18,19,152,107,1,1,171365,1234.545845,62685,58539,6792,22175,14964,23303,45990,13426,84511,4555,4913,3992,3786,2411
CA,CA23,201809,COM,1084,36.78321033,0.493542435,1.197259225,$592.10 ,$197.70 ,$93.65 ,$210.45 ,$90.31 ,$0.00 ,2,0,14,6,94,87,0,3,151906,9005.172163,84579,59685,4117,9269,9764,35175,25619,1701,28770,2723,7154,1011,2769,11716
CA,CA24,201809,COM,2594,35.7767926,0.50231303,1.208774094,$611.51 ,$154.52 ,$246.82 ,$123.87 ,$86.31 ,$0.00 ,6,3,29,12,298,223,7,12,428006,8864.022501,193696,163983,16804,39396,35478,79271,91192,17615,138500,10651,26639,6204,11021,9809
CA,CA25,201809,COM,6103,37.52613469,0.498607242,1.216854334,$554.11 ,$140.15 ,$198.90 ,$147.19 ,$67.86 ,$0.00 ,12,0,83,59,544,461,2,20,470990,24672.40534,218386,187277,15591,36021,38019,90963,98766,8104,114440,8163,28551,6986,13481,12724
CA,CA3,201809,COM,108812,36.35531927,0.496847774,0.860674586,$304.01 ,$65.10 ,$85.62 ,$65.91 ,$87.39 ,$0.00 ,116,31,1043,1357,5041,5361,35,161,4518699,27266.44488,1549773,1348982,180356,553160,432652,561952,1186660,340581,3038969,129608,113905,106066,62893,91930
CA,CA3,201809,COM,10,50.3,0.3,2.6108,$954.37 ,$0.00 ,$461.56 ,$90.51 ,$402.30 ,$0.00 ,0,0,0,0,1,3,0,0,4518699,27266.44488,1549773,1348982,180356,553160,432652,561952,1186660,340581,3038969,129608,113905,106066,62893,91930
CA,CA4,201809,COM,422904,35.97331309,0.49862853,0.890583343,$331.05 ,$67.52 ,$82.02 ,$85.55 ,$95.95 ,$0.00 ,366,92,3485,4726,23744,25106,294,914,13262234,4850.972611,4615697,4338482,441609,1781058,1352330,1739765,2957709,1601964,9307146,1149887,86507,469799,343744,220875
CA,CA4,201809,COM,40,34.325,0.4,1.363125,$474.66 ,$0.00 ,$157.78 ,$102.43 ,$214.44 ,$0.00 ,0,0,2,1,2,2,1,0,13262234,4850.972611,4615697,4338482,441609,1781058,1352330,1739765,2957709,1601964,9307146,1149887,86507,469799,343744,220875
CA,CA5,201809,COM,21764,35.87015255,0.495037677,1.039895516,$422.78 ,$77.14 ,$98.57 ,$149.31 ,$97.75 ,$0.00 ,17,3,205,256,1672,1825,19,90,848112,1842.466511,287498,271226,25853,88185,78474,123435,199599,77382,459811,31090,10988,17892,11400,12601
CA,CA5,201809,COM,3,43,0.333333333,1.064666667,$42.54 ,$0.00 ,$0.00 ,$0.00 ,$42.54 ,$0.00 ,0,0,0,0,0,0,0,0,848112,1842.466511,287498,271226,25853,88185,78474,123435,199599,77382,459811,31090,10988,17892,11400,12601
CA,CA6,201809,COM,16354,37.46435123,0.49957197,1.089123578,$423.58 ,$102.42 ,$134.82 ,$96.86 ,$89.48 ,$0.00 ,24,7,235,152,1187,1026,6,10,443738,2735.137621,156210,144962,13861,52042,46478,64775,99117,45552,244382,21169,6950,15410,8052,19863
CA,CA6,201809,COM,3,28.66666667,0.333333333,0.251,$0.00 ,$0.00 ,$0.00 ,$0.00 ,$0.00 ,$0.00 ,0,0,0,0,0,0,0,0,443738,2735.137621,156210,144962,13861,52042,46478,64775,99117,45552,244382,21169,6950,15410,8052,19863
CA,CA7,201809,COM,9239,33.18595086,0.469964282,1.021278385,$377.43 ,$85.60 ,$122.25 ,$98.05 ,$71.53 ,$0.00 ,7,3,101,143,716,714,4,38,883053,8132.256436,295756,267913,39056,139584,77216,92005,257750,84735,576023,15490,21557,24792,18281,31126
CA,CA7,201809,COM,6,30.5,0.5,3.7605,$410.54 ,$0.00 ,$0.00 ,$368.63 ,$41.90 ,$0.00 ,0,0,0,0,0,1,0,0,883053,8132.256436,295756,267913,39056,139584,77216,92005,257750,84735,576023,15490,21557,24792,18281,31126
CA,CA8,201809,COM,2723,39.55673889,0.489900845,1.269118619,$425.25 ,$64.23 ,$99.25 ,$109.06 ,$152.70 ,$0.00 ,4,0,26,37,231,224,4,5,281455,3300.636162,121095,105317,6175,17123,20715,52758,50492,9045,86881,7329,9630,3482,4557,16435
CA,CA9,201809,COM,4279,38.12456181,0.498948352,1.180213134,$686.13 ,$189.19 ,$246.12 ,$155.67 ,$95.15 ,$0.00 ,8,1,51,65,419,358,4,8,433212,3281.719108,141155,126052,10475,78816,46650,55515,114125,75432,301974,14534,6567,17221,5984,17741
CA,CA9,201809,COM,7,51.57142857,0.571428571,1.941714286,$157.82 ,$0.00 ,$9.50 ,$39.35 ,$108.97 ,$0.00 ,0,0,0,0,1,2,0,0,433212,3281.719108,141155,126052,10475,78816,46650,55515,114125,75432,301974,14534,6567,17221,5984,17741
CA,CA1,201810,COM,11,51.81818182,0.727272727,1.138545455,$530.29 ,$0.00 ,$7.42 ,$130.43 ,$392.44 ,$0.00 ,0,0,0,0,1,1,0,0,3302833,4208.762531,1204884,1118980,106962,286008,279602,439595,726344,216965,1787453,255366,42081,75015,61486,89451
CA,CA1,201810,COM,335424,36.16041786,0.518856731,0.929375844,$409.87 ,$74.07 ,$99.03 ,$141.33 ,$95.44 ,$0.00 ,445,98,2365,5690,17669,35156,314,562,3302833,4208.762531,1204884,1118980,106962,286008,279602,439595,726344,216965,1787453,255366,42081,75015,61486,89451
CA,CA10,201810,COM,3427,34.81733294,0.474175664,1.121227604,$471.48 ,$156.62 ,$67.92 ,$137.82 ,$109.12 ,$0.00 ,4,0,31,26,429,331,0,8,460477,4824.376542,147791,136106,18321,81345,44779,50391,143528,61208,326860,6561,10023,13317,8274,5426
CA,CA11,201810,COM,953,33.12381952,0.493179433,0.979,$321.89 ,$62.38 ,$95.27 ,$99.49 ,$64.75 ,$0.00 ,1,0,11,5,123,86,1,0,150075,1390.308446,45792,42735,4855,24270,10946,14567,40935,13829,101017,2919,1938,3483,2730,14912
CA,CA12,201810,COM,10663,34.19975617,0.502766576,1.041535684,$659.97 ,$340.39 ,$108.62 ,$121.34 ,$89.62 ,$0.00 ,13,0,123,189,1106,894,9,29,978130,5958.095977,328577,304624,41276,147389,92035,114438,279979,108140,686675,23756,12508,28262,25805,16750
CA,CA12,201810,COM,1,61,1,2.949,$713.84 ,$0.00 ,$0.00 ,$713.84 ,$0.00 ,$0.00 ,0,0,0,0,0,1,0,0,978130,5958.095977,328577,304624,41276,147389,92035,114438,279979,108140,686675,23756,12508,28262,25805,16750
CA,CA13,201810,COM,2318,36.8852459,0.4797239,1.124682485,$773.60 ,$342.36 ,$234.31 ,$118.03 ,$78.90 ,$0.00 ,2,0,30,12,218,229,5,16,342954,21389.49918,163854,119622,10594,41422,24903,67475,74845,21273,143965,5802,14241,5844,5879,17935
CA,CA14,201810,COM,129994,35.70761728,0.515008385,0.965848201,$588.51 ,$98.75 ,$199.70 ,$199.98 ,$90.08 ,$0.00 ,92,30,1030,856,10355,14272,196,500,2255381,3124.860076,789873,749021,60919,189668,113096,295103,502048,188257,1461149,154299,25948,59669,38303,48904
CA,CA14,201810,COM,7,38,0.428571429,0.640571429,$41.08 ,$0.00 ,$0.00 ,$36.57 ,$4.51 ,$0.00 ,0,0,0,0,0,1,0,0,2255381,3124.860076,789873,749021,60919,189668,113096,295103,502048,188257,1461149,154299,25948,59669,38303,48904
CA,CA15,201810,COM,1672,34.63755981,0.491626794,1.044324761,$921.46 ,$393.78 ,$250.96 ,$187.55 ,$89.17 ,$0.00 ,8,0,28,22,157,146,0,1,269075,1935.645521,84795,79606,14912,48433,23145,29320,80062,34066,193067,3236,5216,7611,5801,5926
CA,CA16,201810,COM,27,36.62962963,0.444444444,1.190481482,$643.51 ,$0.00 ,$0.00 ,$408.82 ,$234.69 ,$0.00 ,0,0,0,0,1,5,0,0,4673221,2470.336258,1796567,1692047,128698,373438,232541,689629,936866,360315,2804353,396804,19220,110888,205390,80356
CA,CA16,201810,COM,157663,34.10015666,0.501417581,0.931069566,$561.22 ,$97.88 ,$172.35 ,$183.48 ,$107.51 ,$0.00 ,102,36,1171,1545,12475,13044,252,571,4673221,2470.336258,1796567,1692047,128698,373438,232541,689629,936866,360315,2804353,396804,19220,110888,205390,80356
CA,CA17,201810,COM,4361,34.18482,0.494840633,0.923111672,$510.51 ,$87.01 ,$210.99 ,$130.01 ,$82.50 ,$0.00 ,4,2,40,36,410,279,3,2,539301,1496.015066,181213,172682,26130,73664,35012,67770,146907,48530,309505,12059,7723,11489,11100,5269
CA,CA18,201810,COM,9148,34.13871885,0.500109314,0.949320726,$521.66 ,$122.44 ,$176.91 ,$149.10 ,$73.21 ,$0.00 ,7,2,88,71,819,616,3,43,732212,1392.385418,241055,226727,28989,96905,53972,89461,201506,62038,494325,20238,8143,16525,14450,15994
CA,CA19,201810,COM,32434,34.90062897,0.502713202,0.857921256,$432.16 ,$92.32 ,$125.01 ,$136.07 ,$78.77 ,$0.00 ,33,2,253,262,2242,1892,19,114,2291738,5095.099057,896341,819372,75758,168734,134416,335498,532415,114749,1083594,101802,25772,34828,51388,38576
CA,CA19,201810,COM,9,43,0.444444444,1.16,$99.38 ,$0.00 ,$0.00 ,$78.51 ,$20.87 ,$0.00 ,0,0,0,1,0,1,0,2,2291738,5095.099057,896341,819372,75758,168734,134416,335498,532415,114749,1083594,101802,25772,34828,51388,38576
CA,CA2,201810,COM,9954,44.21227647,0.445549528,0.754711473,$161.58 ,$64.38 ,$38.15 ,$37.76 ,$21.30 ,$0.00 ,6,3,65,15,89,584,1,13,180216,4176.578436,57468,44057,10782,33928,15883,22446,51676,34263,160443,3448,6076,4616,3242,9708
CA,CA20,201810,COM,4432,38.31520758,0.508799639,1.101517148,$643.43 ,$137.47 ,$253.39 ,$154.30 ,$98.28 ,$0.00 ,5,0,52,40,389,313,4,11,438530,821.7515515,156896,149067,15346,36031,23696,64390,98813,20223,269660,13520,4468,7695,7541,10444
CA,CA21,201810,COM,6665,38.50127532,0.509077269,0.938331733,$377.67 ,$33.30 ,$141.76 ,$123.88 ,$78.72 ,$0.00 ,3,2,61,47,460,455,9,22,641847,2324.181643,263188,238371,17271,57501,43401,116457,130712,38050,249451,23427,13544,12933,11677,12597
CA,CA21,201810,COM,2,49,0.5,0.3225,$16.00 ,$0.00 ,$0.00 ,$0.00 ,$16.00 ,$0.00 ,0,0,0,0,0,0,0,0,641847,2324.181643,263188,238371,17271,57501,43401,116457,130712,38050,249451,23427,13544,12933,11677,12597
CA,CA22,201810,COM,1448,34.45027624,0.528314917,1.197851519,$464.90 ,$68.78 ,$164.63 ,$169.77 ,$61.72 ,$0.00 ,0,0,21,19,169,132,0,0,171365,1234.545845,62685,58539,6792,22175,14964,23303,45990,13426,84511,4555,4913,3992,3786,2411
CA,CA23,201810,COM,1084,36.88284133,0.493542435,1.197259225,$670.59 ,$98.65 ,$228.12 ,$275.83 ,$67.98 ,$0.00 ,2,0,27,9,105,94,0,4,151906,9005.172163,84579,59685,4117,9269,9764,35175,25619,1701,28770,2723,7154,1011,2769,11716
CA,CA24,201810,COM,2594,35.8538936,0.50231303,1.208774094,$686.52 ,$160.42 ,$293.86 ,$143.75 ,$88.50 ,$0.00 ,7,5,38,21,306,267,5,11,428006,8864.022501,193696,163983,16804,39396,35478,79271,91192,17615,138500,10651,26639,6204,11021,9809
CA,CA25,201810,COM,6106,37.57713724,0.49901736,1.216676711,$657.43 ,$215.87 ,$192.46 ,$164.94 ,$84.16 ,$0.00 ,13,2,86,37,621,556,3,18,470990,24672.40534,218386,187277,15591,36021,38019,90963,98766,8104,114440,8163,28551,6986,13481,12724
CA,CA3,201810,COM,108812,36.41359409,0.496829394,0.860745331,$354.54 ,$85.96 ,$93.60 ,$76.98 ,$97.99 ,$0.00 ,132,26,1026,1294,5862,6006,56,155,4518699,27266.44488,1549773,1348982,180356,553160,432652,561952,1186660,340581,3038969,129608,113905,106066,62893,91930
CA,CA3,201810,COM,10,50.4,0.3,2.6108,"$2,290.05 ",$0.00 ,"$1,458.11 ",$98.51 ,$733.44 ,$0.00 ,0,0,0,0,1,1,0,0,4518699,27266.44488,1549773,1348982,180356,553160,432652,561952,1186660,340581,3038969,129608,113905,106066,62893,91930
CA,CA4,201810,COM,422885,36.03461698,0.498624922,0.890676572,$367.66 ,$70.45 ,$89.17 ,$99.39 ,$108.65 ,$0.00 ,424,78,3442,4845,27912,28925,383,947,13262234,4850.972611,4615697,4338482,441609,1781058,1352330,1739765,2957709,1601964,9307146,1149887,86507,469799,343744,220875
CA,CA4,201810,COM,40,34.375,0.4,1.363125,"$1,724.35 ",$236.20 ,$846.80 ,$358.06 ,$283.29 ,$0.00 ,0,0,2,0,7,5,1,0,13262234,4850.972611,4615697,4338482,441609,1781058,1352330,1739765,2957709,1601964,9307146,1149887,86507,469799,343744,220875
CA,CA5,201810,COM,21765,35.92901447,0.495060878,1.039469929,$476.10 ,$74.08 ,$118.14 ,$163.72 ,$120.15 ,$0.00 ,16,5,197,284,1967,2076,29,90,848112,1842.466511,287498,271226,25853,88185,78474,123435,199599,77382,459811,31090,10988,17892,11400,12601
CA,CA5,201810,COM,3,43.33333333,0.333333333,1.064666667,$24.94 ,$0.00 ,$0.00 ,$0.00 ,$24.94 ,$0.00 ,0,0,0,0,0,0,0,0,848112,1842.466511,287498,271226,25853,88185,78474,123435,199599,77382,459811,31090,10988,17892,11400,12601
CA,CA6,201810,COM,16353,37.52571394,0.499602519,1.088843576,$500.74 ,$99.30 ,$177.53 ,$118.31 ,$105.59 ,$0.00 ,15,10,204,133,1378,1161,8,10,443738,2735.137621,156210,144962,13861,52042,46478,64775,99117,45552,244382,21169,6950,15410,8052,19863
CA,CA6,201810,COM,3,28.66666667,0.333333333,0.251,$0.00 ,$0.00 ,$0.00 ,$0.00 ,$0.00 ,$0.00 ,0,0,0,0,0,0,0,0,443738,2735.137621,156210,144962,13861,52042,46478,64775,99117,45552,244382,21169,6950,15410,8052,19863
CA,CA7,201810,COM,9240,33.25162338,0.46991342,1.021178355,$394.07 ,$59.27 ,$135.67 ,$107.31 ,$91.82 ,$0.00 ,8,3,89,133,838,793,5,40,883053,8132.256436,295756,267913,39056,139584,77216,92005,257750,84735,576023,15490,21557,24792,18281,31126
CA,CA7,201810,COM,6,30.5,0.5,3.7605,$293.16 ,$0.00 ,$21.17 ,$219.17 ,$52.82 ,$0.00 ,0,0,0,0,0,1,0,0,883053,8132.256436,295756,267913,39056,139584,77216,92005,257750,84735,576023,15490,21557,24792,18281,31126
CA,CA8,201810,COM,2723,39.62210797,0.489900845,1.269118619,$708.26 ,$246.97 ,$194.60 ,$143.66 ,$123.03 ,$0.00 ,9,0,38,48,256,243,1,5,281455,3300.636162,121095,105317,6175,17123,20715,52758,50492,9045,86881,7329,9630,3482,4557,16435
CA,CA9,201810,COM,4280,38.18200935,0.499065421,1.180016355,$710.82 ,$210.96 ,$225.33 ,$174.63 ,$99.91 ,$0.00 ,6,0,52,63,479,422,2,8,433212,3281.719108,141155,126052,10475,78816,46650,55515,114125,75432,301974,14534,6567,17221,5984,17741
CA,CA9,201810,COM,7,51.71428571,0.571428571,1.941714286,$197.89 ,$0.00 ,$0.00 ,$127.74 ,$70.15 ,$0.00 ,0,0,0,0,0,2,0,0,433212,3281.719108,141155,126052,10475,78816,46650,55515,114125,75432,301974,14534,6567,17221,5984,17741
CA,CA1,201811,COM,11,52,0.727272727,1.138545455,$496.12 ,$0.00 ,$11.20 ,$36.24 ,$448.68 ,$0.00 ,0,0,0,1,0,1,0,0,3302833,4208.762531,1204884,1118980,106962,286008,279602,439595,726344,216965,1787453,255366,42081,75015,61486,89451
CA,CA1,201811,COM,329769,36.26304777,0.519026955,0.930638884,$390.81 ,$79.89 ,$93.02 ,$127.01 ,$90.89 ,$0.00 ,474,86,2338,5485,16187,30917,244,537,3302833,4208.762531,1204884,1118980,106962,286008,279602,439595,726344,216965,1787453,255366,42081,75015,61486,89451
CA,CA10,201811,COM,3329,34.99429258,0.477020126,1.132153199,$443.91 ,$106.96 ,$96.15 ,$119.03 ,$121.77 ,$0.00 ,9,0,25,33,416,294,2,8,460477,4824.376542,147791,136106,18321,81345,44779,50391,143528,61208,326860,6561,10023,13317,8274,5426
CA,CA11,201811,COM,944,33.08792373,0.493644068,0.951067797,$328.71 ,$0.00 ,$111.99 ,$165.32 ,$51.41 ,$0.00 ,0,0,11,5,102,75,0,0,150075,1390.308446,45792,42735,4855,24270,10946,14567,40935,13829,101017,2919,1938,3483,2730,14912
CA,CA12,201811,COM,1,61,1,2.949,$107.26 ,$0.00 ,$0.00 ,$0.00 ,$107.26 ,$0.00 ,0,0,0,0,0,0,0,0,978130,5958.095977,328577,304624,41276,147389,92035,114438,279979,108140,686675,23756,12508,28262,25805,16750
CA,CA12,201811,COM,10499,34.21906848,0.502619297,1.044179827,$367.09 ,$57.34 ,$116.17 ,$103.12 ,$90.45 ,$0.00 ,6,1,113,174,966,805,5,29,978130,5958.095977,328577,304624,41276,147389,92035,114438,279979,108140,686675,23756,12508,28262,25805,16750
CA,CA13,201811,COM,2261,36.92481203,0.478991597,1.136677134,$461.79 ,$78.16 ,$193.07 ,$113.64 ,$76.92 ,$0.00 ,1,1,34,20,213,187,3,11,342954,21389.49918,163854,119622,10594,41422,24903,67475,74845,21273,143965,5802,14241,5844,5879,17935
CA,CA14,201811,COM,7,38.28571429,0.428571429,0.640571429,$315.05 ,$0.00 ,$246.83 ,$67.63 ,$0.59 ,$0.00 ,0,0,1,0,1,0,0,0,2255381,3124.860076,789873,749021,60919,189668,113096,295103,502048,188257,1461149,154299,25948,59669,38303,48904
CA,CA14,201811,COM,128243,35.77430347,0.515154823,0.967808465,$552.26 ,$106.25 ,$179.55 ,$180.67 ,$85.79 ,$0.00 ,96,34,989,939,9741,12867,183,493,2255381,3124.860076,789873,749021,60919,189668,113096,295103,502048,188257,1461149,154299,25948,59669,38303,48904
CA,CA15,201811,COM,1645,34.73069909,0.494832827,1.033032827,$547.26 ,$157.88 ,$171.22 ,$138.73 ,$79.42 ,$0.00 ,4,1,12,19,144,138,1,2,269075,1935.645521,84795,79606,14912,48433,23145,29320,80062,34066,193067,3236,5216,7611,5801,5926
CA,CA16,201811,COM,155015,34.17440893,0.50140309,0.931496733,$528.09 ,$91.50 ,$168.69 ,$167.32 ,$100.58 ,$0.00 ,116,45,1171,1638,11505,11948,211,542,4673221,2470.336258,1796567,1692047,128698,373438,232541,689629,936866,360315,2804353,396804,19220,110888,205390,80356
CA,CA16,201811,COM,25,34.84,0.48,1.19004,$193.23 ,$0.00 ,$23.50 ,$104.86 ,$64.87 ,$0.00 ,0,0,0,0,1,1,0,0,4673221,2470.336258,1796567,1692047,128698,373438,232541,689629,936866,360315,2804353,396804,19220,110888,205390,80356
CA,CA17,201811,COM,4280,34.29369159,0.493925234,0.909564019,$437.97 ,$55.75 ,$174.90 ,$118.57 ,$88.75 ,$0.00 ,5,0,56,41,379,232,1,1,539301,1496.015066,181213,172682,26130,73664,35012,67770,146907,48530,309505,12059,7723,11489,11100,5269
CA,CA18,201811,COM,9036,34.18426295,0.500885348,0.948303453,$510.22 ,$142.54 ,$141.45 ,$147.33 ,$78.89 ,$0.00 ,9,0,94,81,734,540,10,41,732212,1392.385418,241055,226727,28989,96905,53972,89461,201506,62038,494325,20238,8143,16525,14450,15994
CA,CA19,201811,COM,31734,34.98109283,0.503182706,0.856875685,$387.00 ,$61.36 ,$130.46 ,$125.44 ,$69.74 ,$0.00 ,19,3,234,256,2016,1730,26,110,2291738,5095.099057,896341,819372,75758,168734,134416,335498,532415,114749,1083594,101802,25772,34828,51388,38576
CA,CA19,201811,COM,7,40.14285714,0.428571429,1.078142857,$24.03 ,$0.00 ,$0.00 ,$0.00 ,$24.03 ,$0.00 ,0,0,0,0,0,0,0,0,2291738,5095.099057,896341,819372,75758,168734,134416,335498,532415,114749,1083594,101802,25772,34828,51388,38576
CA,CA2,201811,COM,9803,44.28287259,0.444863817,0.756068653,$106.85 ,$17.61 ,$31.11 ,$36.49 ,$21.63 ,$0.00 ,9,1,68,20,93,554,1,1,180216,4176.578436,57468,44057,10782,33928,15883,22446,51676,34263,160443,3448,6076,4616,3242,9708
CA,CA20,201811,COM,4351,38.48701448,0.508618708,1.09905516,$876.10 ,$187.33 ,$468.27 ,$142.46 ,$78.04 ,$0.00 ,5,0,43,32,361,272,4,11,438530,821.7515515,156896,149067,15346,36031,23696,64390,98813,20223,269660,13520,4468,7695,7541,10444
CA,CA21,201811,COM,6525,38.60659004,0.507586207,0.937124291,$501.94 ,$156.14 ,$131.60 ,$126.24 ,$87.96 ,$0.00 ,4,1,49,27,431,446,5,21,641847,2324.181643,263188,238371,17271,57501,43401,116457,130712,38050,249451,23427,13544,12933,11677,12597
CA,CA21,201811,COM,2,49,0.5,0.3225,$0.00 ,$0.00 ,$0.00 ,$0.00 ,$0.00 ,$0.00 ,0,0,0,0,0,0,0,0,641847,2324.181643,263188,238371,17271,57501,43401,116457,130712,38050,249451,23427,13544,12933,11677,12597
CA,CA22,201811,COM,1418,34.5796897,0.528913963,1.196300423,$483.90 ,$67.07 ,$180.37 ,$171.35 ,$65.12 ,$0.00 ,4,0,17,22,171,100,3,0,171365,1234.545845,62685,58539,6792,22175,14964,23303,45990,13426,84511,4555,4913,3992,3786,2411
CA,CA23,201811,COM,1069,36.93358279,0.494855005,1.177575304,$532.82 ,$68.79 ,$216.29 ,$187.43 ,$60.32 ,$0.00 ,0,1,16,12,99,88,0,4,151906,9005.172163,84579,59685,4117,9269,9764,35175,25619,1701,28770,2723,7154,1011,2769,11716
CA,CA24,201811,COM,2567,35.87417219,0.50019478,1.210813401,$743.10 ,$328.15 ,$196.47 ,$130.11 ,$88.37 ,$0.00 ,5,3,30,12,246,193,4,12,428006,8864.022501,193696,163983,16804,39396,35478,79271,91192,17615,138500,10651,26639,6204,11021,9809
CA,CA25,201811,COM,5983,37.76851078,0.499247869,1.221840214,$571.50 ,$91.82 ,$255.48 ,$133.37 ,$90.83 ,$0.00 ,7,1,70,40,627,452,3,19,470990,24672.40534,218386,187277,15591,36021,38019,90963,98766,8104,114440,8163,28551,6986,13481,12724
CA,CA3,201811,COM,106657,36.49738883,0.497388826,0.86115007,$322.66 ,$83.34 ,$80.98 ,$66.12 ,$92.22 ,$0.00 ,136,15,853,1264,5176,5404,50,151,4518699,27266.44488,1549773,1348982,180356,553160,432652,561952,1186660,340581,3038969,129608,113905,106066,62893,91930
CA,CA3,201811,COM,10,50.5,0.3,2.6108,$620.94 ,$0.00 ,$80.00 ,$182.86 ,$358.08 ,$0.00 ,0,0,0,0,0,0,0,0,4518699,27266.44488,1549773,1348982,180356,553160,432652,561952,1186660,340581,3038969,129608,113905,106066,62893,91930
CA,CA4,201811,COM,414890,36.13248813,0.499076864,0.893052848,$353.37 ,$69.50 ,$88.65 ,$91.52 ,$103.72 ,$0.00 ,391,70,3322,4761,24863,26402,335,882,13262234,4850.972611,4615697,4338482,441609,1781058,1352330,1739765,2957709,1601964,9307146,1149887,86507,469799,343744,220875
CA,CA4,201811,COM,39,34.66666667,0.384615385,1.375769231,$610.97 ,$0.00 ,$371.84 ,$143.41 ,$95.72 ,$0.00 ,0,0,0,0,2,1,0,0,13262234,4850.972611,4615697,4338482,441609,1781058,1352330,1739765,2957709,1601964,9307146,1149887,86507,469799,343744,220875
CA,CA5,201811,COM,21406,35.9932262,0.495141549,1.043928338,$426.02 ,$50.34 ,$116.64 ,$148.13 ,$110.91 ,$0.00 ,18,8,179,292,1832,1794,21,93,848112,1842.466511,287498,271226,25853,88185,78474,123435,199599,77382,459811,31090,10988,17892,11400,12601
CA,CA5,201811,COM,3,43.33333333,0.333333333,1.064666667,$655.01 ,$0.00 ,$0.00 ,$581.84 ,$73.17 ,$0.00 ,0,0,0,1,0,1,0,0,848112,1842.466511,287498,271226,25853,88185,78474,123435,199599,77382,459811,31090,10988,17892,11400,12601
CA,CA6,201811,COM,15966,37.64543405,0.50263059,1.09406113,$503.75 ,$149.62 ,$140.81 ,$111.75 ,$101.57 ,$0.00 ,17,4,206,172,1208,984,9,9,443738,2735.137621,156210,144962,13861,52042,46478,64775,99117,45552,244382,21169,6950,15410,8052,19863
CA,CA6,201811,COM,3,28.66666667,0.333333333,0.251,$1.16 ,$0.00 ,$0.00 ,$0.00 ,$1.16 ,$0.00 ,0,0,0,0,0,0,0,0,443738,2735.137621,156210,144962,13861,52042,46478,64775,99117,45552,244382,21169,6950,15410,8052,19863
CA,CA7,201811,COM,9068,33.43747243,0.46901191,1.030912109,$544.26 ,$196.68 ,$146.02 ,$123.97 ,$77.59 ,$0.00 ,10,4,85,154,760,696,7,40,883053,8132.256436,295756,267913,39056,139584,77216,92005,257750,84735,576023,15490,21557,24792,18281,31126
CA,CA7,201811,COM,6,30.66666667,0.5,3.7605,$274.82 ,$0.00 ,$80.68 ,$108.48 ,$85.66 ,$0.00 ,0,0,1,0,2,0,0,0,883053,8132.256436,295756,267913,39056,139584,77216,92005,257750,84735,576023,15490,21557,24792,18281,31126
CA,CA8,201811,COM,2643,39.70488082,0.493757094,1.276968218,$804.88 ,$414.83 ,$120.16 ,$142.54 ,$127.35 ,$0.00 ,7,0,29,48,228,234,2,5,281455,3300.636162,121095,105317,6175,17123,20715,52758,50492,9045,86881,7329,9630,3482,4557,16435
CA,CA9,201811,COM,7,51.71428571,0.571428571,1.941714286,$80.09 ,$0.00 ,$0.00 ,$12.18 ,$67.91 ,$0.00 ,0,0,0,0,1,0,0,0,433212,3281.719108,141155,126052,10475,78816,46650,55515,114125,75432,301974,14534,6567,17221,5984,17741
CA,CA9,201811,COM,4221,38.24946695,0.501066098,1.174843402,$524.03 ,$96.42 ,$188.41 ,$141.82 ,$97.38 ,$0.00 ,2,1,36,70,450,392,0,7,433212,3281.719108,141155,126052,10475,78816,46650,55515,114125,75432,301974,14534,6567,17221,5984,17741
CA,CA1,201812,COM,9,50.66666667,0.666666667,1.096555556,$526.85 ,$0.00 ,$20.11 ,$58.74 ,$448.01 ,$0.00 ,0,0,0,0,2,0,0,0,3302833,4208.762531,1204884,1118980,106962,286008,279602,439595,726344,216965,1787453,255366,42081,75015,61486,89451
CA,CA1,201812,COM,322732,36.35258667,0.519461968,0.932967738,$379.11 ,$82.38 ,$90.02 ,$120.21 ,$86.49 ,$0.00 ,468,83,2341,6299,15323,28320,241,533,3302833,4208.762531,1204884,1118980,106962,286008,279602,439595,726344,216965,1787453,255366,42081,75015,61486,89451
CA,CA10,201812,COM,3199,35.0409503,0.477336668,1.13690247,$375.37 ,$67.52 ,$74.18 ,$126.79 ,$106.88 ,$0.00 ,3,2,23,24,375,247,2,7,460477,4824.376542,147791,136106,18321,81345,44779,50391,143528,61208,326860,6561,10023,13317,8274,5426
CA,CA11,201812,COM,921,33.18892508,0.490770901,0.956705755,$377.63 ,$43.24 ,$97.22 ,$158.54 ,$78.63 ,$0.00 ,1,0,10,5,100,53,0,0,150075,1390.308446,45792,42735,4855,24270,10946,14567,40935,13829,101017,2919,1938,3483,2730,14912
CA,CA12,201812,COM,1,61,1,2.949,"$2,203.83 ",$0.00 ,"$1,792.26 ",$406.83 ,$4.74 ,$0.00 ,0,0,0,0,1,0,0,0,978130,5958.095977,328577,304624,41276,147389,92035,114438,279979,108140,686675,23756,12508,28262,25805,16750
CA,CA12,201812,COM,10281,34.31465811,0.501896703,1.042936874,$365.96 ,$64.75 ,$114.03 ,$92.90 ,$94.27 ,$0.00 ,7,0,94,196,848,702,7,26,978130,5958.095977,328577,304624,41276,147389,92035,114438,279979,108140,686675,23756,12508,28262,25805,16750
CA,CA13,201812,COM,2205,37.14829932,0.47845805,1.146709297,$402.43 ,$65.33 ,$151.73 ,$101.25 ,$84.12 ,$0.00 ,1,1,27,20,237,189,1,10,342954,21389.49918,163854,119622,10594,41422,24903,67475,74845,21273,143965,5802,14241,5844,5879,17935
CA,CA14,201812,COM,126410,35.84062179,0.515283601,0.968433542,$567.14 ,$136.21 ,$178.41 ,$167.53 ,$84.99 ,$0.00 ,121,48,1108,1752,8524,11633,131,468,2255381,3124.860076,789873,749021,60919,189668,113096,295103,502048,188257,1461149,154299,25948,59669,38303,48904
CA,CA14,201812,COM,7,38.42857143,0.428571429,0.640571429,$87.62 ,$0.00 ,$0.00 ,$85.07 ,$2.55 ,$0.00 ,0,0,0,0,0,0,0,0,2255381,3124.860076,789873,749021,60919,189668,113096,295103,502048,188257,1461149,154299,25948,59669,38303,48904
CA,CA15,201812,COM,1612,34.91873449,0.495657568,1.047121588,$731.21 ,$307.39 ,$204.49 ,$142.33 ,$77.00 ,$0.00 ,4,0,22,18,163,105,1,2,269075,1935.645521,84795,79606,14912,48433,23145,29320,80062,34066,193067,3236,5216,7611,5801,5926
CA,CA16,201812,COM,152616,34.22215233,0.501336688,0.932603987,$495.09 ,$81.96 ,$160.46 ,$153.00 ,$99.67 ,$0.00 ,107,44,1200,2255,10496,10724,181,513,4673221,2470.336258,1796567,1692047,128698,373438,232541,689629,936866,360315,2804353,396804,19220,110888,205390,80356
CA,CA16,201812,COM,25,34.88,0.48,1.19004,$469.77 ,$0.00 ,$4.52 ,$64.26 ,$400.98 ,$0.00 ,0,0,0,0,1,1,0,0,4673221,2470.336258,1796567,1692047,128698,373438,232541,689629,936866,360315,2804353,396804,19220,110888,205390,80356
CA,CA17,201812,COM,4209,34.38108814,0.493703968,0.900100499,$419.15 ,$44.89 ,$177.46 ,$115.06 ,$81.73 ,$0.00 ,3,1,48,69,316,217,1,2,539301,1496.015066,181213,172682,26130,73664,35012,67770,146907,48530,309505,12059,7723,11489,11100,5269
CA,CA18,201812,COM,8927,34.25809342,0.500504089,0.948955864,$443.53 ,$92.50 ,$148.98 ,$125.58 ,$76.46 ,$0.00 ,7,3,87,144,672,499,6,39,732212,1392.385418,241055,226727,28989,96905,53972,89461,201506,62038,494325,20238,8143,16525,14450,15994
CA,CA19,201812,COM,31245,35.01849896,0.503920627,0.851534934,$418.74 ,$74.30 ,$138.07 ,$129.56 ,$76.80 ,$0.00 ,19,6,241,414,1891,1521,14,106,2291738,5095.099057,896341,819372,75758,168734,134416,335498,532415,114749,1083594,101802,25772,34828,51388,38576
CA,CA19,201812,COM,7,40.14285714,0.428571429,1.078142857,$478.97 ,$0.00 ,$291.24 ,$140.80 ,$46.94 ,$0.00 ,0,0,0,1,0,0,0,0,2291738,5095.099057,896341,819372,75758,168734,134416,335498,532415,114749,1083594,101802,25772,34828,51388,38576
CA,CA2,201812,COM,9570,44.35705329,0.443364681,0.756747544,$158.03 ,$66.88 ,$33.90 ,$35.18 ,$22.07 ,$0.00 ,11,2,78,20,91,495,1,4,180216,4176.578436,57468,44057,10782,33928,15883,22446,51676,34263,160443,3448,6076,4616,3242,9708
CA,CA20,201812,COM,4275,38.62549708,0.509473684,1.103063392,$568.96 ,$63.77 ,$269.18 ,$138.01 ,$97.99 ,$0.00 ,7,3,46,59,314,250,2,9,438530,821.7515515,156896,149067,15346,36031,23696,64390,98813,20223,269660,13520,4468,7695,7541,10444
CA,CA21,201812,COM,6412,38.72988147,0.507330006,0.93507252,$428.50 ,$77.24 ,$157.15 ,$117.51 ,$76.61 ,$0.00 ,3,1,66,31,414,383,5,19,641847,2324.181643,263188,238371,17271,57501,43401,116457,130712,38050,249451,23427,13544,12933,11677,12597
CA,CA21,201812,COM,2,49,0.5,0.3225,$0.00 ,$0.00 ,$0.00 ,$0.00 ,$0.00 ,$0.00 ,0,0,0,0,0,0,0,0,641847,2324.181643,263188,238371,17271,57501,43401,116457,130712,38050,249451,23427,13544,12933,11677,12597
CA,CA22,201812,COM,1392,34.59195402,0.530890805,1.202851293,$755.20 ,$351.07 ,$155.97 ,$181.96 ,$66.20 ,$0.00 ,6,1,14,55,138,87,0,0,171365,1234.545845,62685,58539,6792,22175,14964,23303,45990,13426,84511,4555,4913,3992,3786,2411
CA,CA23,201812,COM,1056,36.99905303,0.496212121,1.177096591,"$1,030.59 ",$569.66 ,$167.40 ,$195.22 ,$98.31 ,$0.00 ,3,0,11,9,91,84,0,4,151906,9005.172163,84579,59685,4117,9269,9764,35175,25619,1701,28770,2723,7154,1011,2769,11716
CA,CA24,201812,COM,2524,36.0792393,0.50118859,1.219108558,$542.14 ,$168.60 ,$179.56 ,$107.63 ,$86.35 ,$0.00 ,6,2,30,15,293,183,0,11,428006,8864.022501,193696,163983,16804,39396,35478,79271,91192,17615,138500,10651,26639,6204,11021,9809
CA,CA25,201812,COM,5917,37.84874092,0.498225452,1.200580531,$522.83 ,$109.62 ,$203.19 ,$128.89 ,$81.14 ,$0.00 ,13,1,85,61,517,415,1,18,470990,24672.40534,218386,187277,15591,36021,38019,90963,98766,8104,114440,8163,28551,6986,13481,12724
CA,CA3,201812,COM,102314,36.60796177,0.497703149,0.87464908,$325.12 ,$83.66 ,$82.14 ,$67.14 ,$92.18 ,$0.00 ,133,30,927,1419,4896,4874,30,150,4518699,27266.44488,1549773,1348982,180356,553160,432652,561952,1186660,340581,3038969,129608,113905,106066,62893,91930
CA,CA3,201812,COM,9,52.11111111,0.333333333,2.886,$413.05 ,$0.00 ,$200.00 ,$142.71 ,$70.33 ,$0.00 ,0,0,0,1,0,1,0,0,4518699,27266.44488,1549773,1348982,180356,553160,432652,561952,1186660,340581,3038969,129608,113905,106066,62893,91930
CA,CA4,201812,COM,406575,36.20959971,0.499450286,0.895542921,$356.40 ,$74.45 ,$87.58 ,$88.01 ,$106.34 ,$0.00 ,386,85,3340,5388,23483,23998,312,867,13262234,4850.972611,4615697,4338482,441609,1781058,1352330,1739765,2957709,1601964,9307146,1149887,86507,469799,343744,220875
CA,CA4,201812,COM,37,33.78378378,0.378378378,1.284540541,$329.84 ,$0.00 ,$166.31 ,$141.20 ,$22.34 ,$0.00 ,0,0,3,0,2,1,0,0,13262234,4850.972611,4615697,4338482,441609,1781058,1352330,1739765,2957709,1601964,9307146,1149887,86507,469799,343744,220875
CA,CA5,201812,COM,21066,36.11017754,0.494446027,1.045891247,$496.86 ,$106.77 ,$130.52 ,$147.99 ,$111.58 ,$0.00 ,20,9,214,330,1619,1712,21,86,848112,1842.466511,287498,271226,25853,88185,78474,123435,199599,77382,459811,31090,10988,17892,11400,12601
CA,CA5,201812,COM,3,43.33333333,0.333333333,1.064666667,$404.71 ,$0.00 ,$70.94 ,$255.02 ,$78.75 ,$0.00 ,0,0,0,0,1,1,0,0,848112,1842.466511,287498,271226,25853,88185,78474,123435,199599,77382,459811,31090,10988,17892,11400,12601
CA,CA6,201812,COM,15814,37.70121411,0.50271911,1.090000822,$455.18 ,$122.61 ,$132.33 ,$92.78 ,$107.46 ,$0.00 ,25,5,177,192,1063,919,3,9,443738,2735.137621,156210,144962,13861,52042,46478,64775,99117,45552,244382,21169,6950,15410,8052,19863
CA,CA6,201812,COM,3,28.66666667,0.333333333,0.251,$0.00 ,$0.00 ,$0.00 ,$0.00 ,$0.00 ,$0.00 ,0,0,0,0,0,0,0,0,443738,2735.137621,156210,144962,13861,52042,46478,64775,99117,45552,244382,21169,6950,15410,8052,19863
CA,CA7,201812,COM,8952,33.58534406,0.469615728,1.03599084,$436.81 ,$93.65 ,$138.79 ,$116.86 ,$87.51 ,$0.00 ,11,3,104,160,765,610,5,42,883053,8132.256436,295756,267913,39056,139584,77216,92005,257750,84735,576023,15490,21557,24792,18281,31126
CA,CA7,201812,COM,6,30.66666667,0.5,3.7605,$448.47 ,$0.00 ,$24.06 ,$266.61 ,$157.81 ,$0.00 ,0,0,0,0,3,1,0,0,883053,8132.256436,295756,267913,39056,139584,77216,92005,257750,84735,576023,15490,21557,24792,18281,31126
CA,CA8,201812,COM,2601,39.83506344,0.495963091,1.268009227,$564.99 ,$140.39 ,$122.22 ,$125.18 ,$177.20 ,$0.00 ,4,0,46,57,229,208,3,3,281455,3300.636162,121095,105317,6175,17123,20715,52758,50492,9045,86881,7329,9630,3482,4557,16435
CA,CA9,201812,COM,4119,38.38795824,0.500364166,1.175363438,$563.20 ,$132.38 ,$198.68 ,$150.13 ,$82.01 ,$0.00 ,6,1,51,75,385,335,1,8,433212,3281.719108,141155,126052,10475,78816,46650,55515,114125,75432,301974,14534,6567,17221,5984,17741
CA,CA9,201812,COM,6,51.5,0.5,2.213166667,$152.62 ,$0.00 ,$11.09 ,$50.19 ,$91.35 ,$0.00 ,0,0,0,0,1,2,0,0,433212,3281.719108,141155,126052,10475,78816,46650,55515,114125,75432,301974,14534,6567,17221,5984,17741
CA,CA1,201901,COM,16,39.3125,0.6875,1.0526875,$281.91 ,$0.00 ,$20.73 ,$82.06 ,$179.12 ,$0.00 ,0,0,0,0,1,2,0,0,3302833,4208.762531,1204884,1118980,106962,286008,279602,439595,726344,216965,1787453,255366,42081,75015,61486,89451
CA,CA1,201901,COM,337043,35.57252339,0.522942177,0.964082363,$391.84 ,$78.69 ,$87.25 ,$125.65 ,$100.26 ,$0.00 ,476,77,2580,6951,19434,34156,273,576,3302833,4208.762531,1204884,1118980,106962,286008,279602,439595,726344,216965,1787453,255366,42081,75015,61486,89451
CA,CA10,201901,COM,3046,34.59947472,0.453381484,1.192623769,$451.76 ,$115.32 ,$114.99 ,$117.85 ,$103.60 ,$0.00 ,6,0,32,23,369,261,4,3,460477,4824.376542,147791,136106,18321,81345,44779,50391,143528,61208,326860,6561,10023,13317,8274,5426
CA,CA11,201901,COM,832,33.359375,0.492788462,1.069763221,$379.64 ,$57.68 ,$75.50 ,$147.11 ,$99.35 ,$0.00 ,1,0,5,9,116,68,0,0,150075,1390.308446,45792,42735,4855,24270,10946,14567,40935,13829,101017,2919,1938,3483,2730,14912
CA,CA12,201901,COM,1,62,1,4.565,$112.78 ,$0.00 ,$0.00 ,$112.78 ,$0.00 ,$0.00 ,0,0,0,0,0,1,0,0,978130,5958.095977,328577,304624,41276,147389,92035,114438,279979,108140,686675,23756,12508,28262,25805,16750
CA,CA12,201901,COM,10352,33.7800425,0.49690881,1.05472131,$350.20 ,$58.96 ,$106.11 ,$102.82 ,$82.30 ,$0.00 ,12,2,91,204,1067,836,7,30,978130,5958.095977,328577,304624,41276,147389,92035,114438,279979,108140,686675,23756,12508,28262,25805,16750
CA,CA13,201901,COM,2204,36.74863884,0.482758621,1.120970508,$503.63 ,$147.00 ,$164.11 ,$114.27 ,$78.25 ,$0.00 ,1,1,26,18,232,187,2,13,342954,21389.49918,163854,119622,10594,41422,24903,67475,74845,21273,143965,5802,14241,5844,5879,17935
CA,CA13,201901,COM,1,56,0,1.395,$55.99 ,$0.00 ,$0.00 ,$0.00 ,$55.99 ,$0.00 ,0,0,0,0,0,0,0,0,342954,21389.49918,163854,119622,10594,41422,24903,67475,74845,21273,143965,5802,14241,5844,5879,17935
CA,CA14,201901,COM,6,30.5,0.333333333,0.622666667,$36.41 ,$0.00 ,$0.00 ,$33.48 ,$2.93 ,$0.00 ,0,0,0,0,0,1,0,0,2255381,3124.860076,789873,749021,60919,189668,113096,295103,502048,188257,1461149,154299,25948,59669,38303,48904
CA,CA14,201901,COM,122630,35.97768083,0.521112289,0.997150241,$428.75 ,$84.85 ,$135.77 ,$126.57 ,$81.57 ,$0.00 ,60,35,850,1342,7918,7233,113,329,2255381,3124.860076,789873,749021,60919,189668,113096,295103,502048,188257,1461149,154299,25948,59669,38303,48904
CA,CA15,201901,COM,1593,33.868801,0.494036409,0.941659762,$297.52 ,$75.15 ,$66.38 ,$88.83 ,$67.17 ,$0.00 ,3,0,12,18,140,80,1,2,269075,1935.645521,84795,79606,14912,48433,23145,29320,80062,34066,193067,3236,5216,7611,5801,5926
CA,CA16,201901,COM,136870,34.04103894,0.504873237,0.961569672,$562.05 ,$139.51 ,$156.83 ,$170.51 ,$95.20 ,$0.00 ,107,30,1081,2019,10920,10407,163,439,4673221,2470.336258,1796567,1692047,128698,373438,232541,689629,936866,360315,2804353,396804,19220,110888,205390,80356
CA,CA16,201901,COM,15,42.53333333,0.333333333,1.3182,$234.38 ,$0.00 ,$3.77 ,$19.36 ,$211.25 ,$0.00 ,0,0,0,0,1,1,0,0,4673221,2470.336258,1796567,1692047,128698,373438,232541,689629,936866,360315,2804353,396804,19220,110888,205390,80356
CA,CA17,201901,COM,4272,33.90683521,0.48923221,0.970842229,$413.80 ,$73.91 ,$148.87 ,$108.73 ,$82.29 ,$0.00 ,4,1,63,63,397,207,1,3,539301,1496.015066,181213,172682,26130,73664,35012,67770,146907,48530,309505,12059,7723,11489,11100,5269
CA,CA18,201901,COM,8938,33.5727232,0.498433654,0.957755874,$423.61 ,$103.34 ,$128.82 ,$118.25 ,$73.20 ,$0.00 ,8,3,86,145,808,491,3,30,732212,1392.385418,241055,226727,28989,96905,53972,89461,201506,62038,494325,20238,8143,16525,14450,15994
CA,CA19,201901,COM,9,29.66666667,0.222222222,1.497,"$4,565.49 ","$4,084.18 ",$30.25 ,$398.74 ,$52.33 ,$0.00 ,0,0,0,0,4,1,0,0,2291738,5095.099057,896341,819372,75758,168734,134416,335498,532415,114749,1083594,101802,25772,34828,51388,38576
CA,CA19,201901,COM,28494,34.56085492,0.503684986,0.867498807,$479.20 ,$131.15 ,$137.46 ,$143.54 ,$67.05 ,$0.00 ,26,1,236,451,1920,1597,11,102,2291738,5095.099057,896341,819372,75758,168734,134416,335498,532415,114749,1083594,101802,25772,34828,51388,38576
CA,CA2,201901,COM,9061,43.8651363,0.459772652,0.899460545,$116.89 ,$24.60 ,$34.44 ,$31.38 ,$26.47 ,$0.00 ,6,0,83,16,79,579,2,11,180216,4176.578436,57468,44057,10782,33928,15883,22446,51676,34263,160443,3448,6076,4616,3242,9708
CA,CA20,201901,COM,4130,37.67288136,0.503874092,1.130774092,$560.91 ,$179.70 ,$178.02 ,$136.75 ,$66.45 ,$0.00 ,4,0,43,58,340,268,5,10,438530,821.7515515,156896,149067,15346,36031,23696,64390,98813,20223,269660,13520,4468,7695,7541,10444
CA,CA21,201901,COM,6166,37.94080441,0.503405774,0.929764191,$457.89 ,$54.25 ,$216.03 ,$120.21 ,$67.40 ,$0.00 ,5,2,64,51,432,441,9,19,641847,2324.181643,263188,238371,17271,57501,43401,116457,130712,38050,249451,23427,13544,12933,11677,12597
CA,CA21,201901,COM,1,34,0,0.148,$0.00 ,$0.00 ,$0.00 ,$0.00 ,$0.00 ,$0.00 ,0,0,0,0,0,0,0,0,641847,2324.181643,263188,238371,17271,57501,43401,116457,130712,38050,249451,23427,13544,12933,11677,12597
CA,CA22,201901,COM,1161,34.11111111,0.483204134,1.223710594,$669.92 ,$166.84 ,$255.84 ,$181.48 ,$65.76 ,$0.00 ,3,1,9,43,143,81,0,0,171365,1234.545845,62685,58539,6792,22175,14964,23303,45990,13426,84511,4555,4913,3992,3786,2411
CA,CA23,201901,COM,1100,37.38272727,0.501818182,1.161577273,$429.32 ,$70.77 ,$145.91 ,$141.21 ,$71.44 ,$0.00 ,1,0,12,4,120,82,0,0,151906,9005.172163,84579,59685,4117,9269,9764,35175,25619,1701,28770,2723,7154,1011,2769,11716
CA,CA23,201901,COM,4,41,0.5,0.46575,$125.43 ,$0.00 ,$0.00 ,$119.84 ,$5.59 ,$0.00 ,0,0,0,0,0,1,0,0,151906,9005.172163,84579,59685,4117,9269,9764,35175,25619,1701,28770,2723,7154,1011,2769,11716
CA,CA24,201901,COM,2753,35.84308028,0.522339266,1.163413731,$598.65 ,$198.71 ,$198.33 ,$139.98 ,$61.64 ,$0.00 ,2,3,28,18,349,251,2,9,428006,8864.022501,193696,163983,16804,39396,35478,79271,91192,17615,138500,10651,26639,6204,11021,9809
CA,CA25,201901,COM,5263,36.16929508,0.495534866,1.150731142,$551.44 ,$94.06 ,$209.45 ,$164.50 ,$83.44 ,$0.00 ,7,0,72,37,552,437,4,16,470990,24672.40534,218386,187277,15591,36021,38019,90963,98766,8104,114440,8163,28551,6986,13481,12724
CA,CA25,201901,COM,1,35,0,0.134,$0.00 ,$0.00 ,$0.00 ,$0.00 ,$0.00 ,$0.00 ,0,0,0,0,0,0,0,0,470990,24672.40534,218386,187277,15591,36021,38019,90963,98766,8104,114440,8163,28551,6986,13481,12724
CA,CA3,201901,COM,99060,35.70862104,0.498243489,0.88298724,$337.05 ,$96.94 ,$82.19 ,$66.80 ,$91.12 ,$0.00 ,124,16,964,1570,5341,5005,39,122,4518699,27266.44488,1549773,1348982,180356,553160,432652,561952,1186660,340581,3038969,129608,113905,106066,62893,91930
CA,CA3,201901,COM,9,40.88888889,0.333333333,0.887444444,$84.19 ,$0.00 ,$0.00 ,$62.80 ,$21.39 ,$0.00 ,0,0,0,0,0,1,0,0,4518699,27266.44488,1549773,1348982,180356,553160,432652,561952,1186660,340581,3038969,129608,113905,106066,62893,91930
CA,CA4,201901,COM,388633,35.40334969,0.501282701,0.93226719,$370.18 ,$89.40 ,$89.23 ,$92.20 ,$99.36 ,$0.00 ,383,55,3298,5820,27228,24955,328,822,13262234,4850.972611,4615697,4338482,441609,1781058,1352330,1739765,2957709,1601964,9307146,1149887,86507,469799,343744,220875
CA,CA4,201901,COM,48,28.70833333,0.416666667,1.190625,$652.99 ,$115.96 ,$114.90 ,$254.71 ,$167.43 ,$0.00 ,1,0,1,1,6,6,0,0,13262234,4850.972611,4615697,4338482,441609,1781058,1352330,1739765,2957709,1601964,9307146,1149887,86507,469799,343744,220875
CA,CA5,201901,COM,18700,35.41636364,0.494545455,1.129205615,$523.01 ,$131.37 ,$129.32 ,$157.30 ,$105.02 ,$0.00 ,30,4,153,332,1730,1693,15,73,848112,1842.466511,287498,271226,25853,88185,78474,123435,199599,77382,459811,31090,10988,17892,11400,12601
CA,CA5,201901,COM,4,39.5,0.25,1.82225,$236.11 ,$0.00 ,$113.59 ,$30.23 ,$92.30 ,$0.00 ,0,0,0,0,0,0,0,0,848112,1842.466511,287498,271226,25853,88185,78474,123435,199599,77382,459811,31090,10988,17892,11400,12601
CA,,201901,COM,15815,37.09800822,0.502181473,1.134929434,$609.44 ,$259.07 ,$145.60 ,$97.34 ,$107.42 ,$0.00 ,22,4,204,201,1274,937,3,10,443738,2735.137621,156210,144962,13861,52042,46478,64775,99117,45552,244382,21169,6950,15410,8052,19863
CA,,201901,COM,6,27.83333333,0.666666667,0.307833333,$0.00 ,$0.00 ,$0.00 ,$0.00 ,$0.00 ,$0.00 ,0,0,0,0,0,0,0,0,443738,2735.137621,156210,144962,13861,52042,46478,64775,99117,45552,244382,21169,6950,15410,8052,19863
CA,CA7,201901,COM,8743,33.01772847,0.461168935,0.972854741,$452.27 ,$116.37 ,$136.14 ,$124.03 ,$75.73 ,$0.00 ,7,4,121,147,768,609,6,32,883053,8132.256436,295756,267913,39056,139584,77216,92005,257750,84735,576023,15490,21557,24792,18281,31126
CA,CA7,201901,COM,6,30.83333333,0.5,4.015833333,$172.70 ,$0.00 ,$0.00 ,$107.09 ,$65.61 ,$0.00 ,0,0,0,0,2,1,0,0,883053,8132.256436,295756,267913,39056,139584,77216,92005,257750,84735,576023,15490,21557,24792,18281,31126
CA,CA8,201901,COM,2492,38.35834671,0.513242376,1.25829053,$519.17 ,$133.05 ,$126.76 ,$122.26 ,$137.09 ,$0.00 ,4,1,40,46,263,221,1,4,281455,3300.636162,121095,105317,6175,17123,20715,52758,50492,9045,86881,7329,9630,3482,4557,16435
CA,CA9,201901,COM,4035,37.15786865,0.501363073,1.207278067,$832.02 ,$275.22 ,$298.19 ,$166.55 ,$92.06 ,$0.00 ,8,1,50,97,442,357,0,4,433212,3281.719108,141155,126052,10475,78816,46650,55515,114125,75432,301974,14534,6567,17221,5984,17741
CA,CA9,201901,COM,5,41,0.4,1.2682,$230.25 ,$0.00 ,$0.00 ,$95.89 ,$134.36 ,$0.00 ,0,0,0,0,1,1,0,0,433212,3281.719108,141155,126052,10475,78816,46650,55515,114125,75432,301974,14534,6567,17221,5984,17741
CA,CA1,201902,COM,344696,35.59188096,0.522872328,0.961792406,$357.85 ,$73.12 ,$76.59 ,$112.79 ,$95.34 ,$0.00 ,516,77,2463,6782,18563,31638,244,556,3302833,4208.762531,1204884,1118980,106962,286008,279602,439595,726344,216965,1787453,255366,42081,75015,61486,89451
CA,CA1,201902,COM,16,39.4375,0.6875,1.0526875,$213.79 ,$0.00 ,$10.63 ,$31.91 ,$171.26 ,$0.00 ,0,0,0,0,0,1,0,0,3302833,4208.762531,1204884,1118980,106962,286008,279602,439595,726344,216965,1787453,255366,42081,75015,61486,89451
CA,CA10,201902,COM,3088,34.55310881,0.452072539,1.186197215,$430.75 ,$122.81 ,$87.21 ,$127.94 ,$92.78 ,$0.00 ,2,2,25,20,399,253,1,5,460477,4824.376542,147791,136106,18321,81345,44779,50391,143528,61208,326860,6561,10023,13317,8274,5426
CA,CA11,201902,COM,842,33.37885986,0.494061758,1.069356295,$363.60 ,$25.33 ,$147.74 ,$146.93 ,$43.60 ,$0.00 ,0,0,14,6,118,63,0,0,150075,1390.308446,45792,42735,4855,24270,10946,14567,40935,13829,101017,2919,1938,3483,2730,14912
CA,CA12,201902,COM,10443,33.78550225,0.496409078,1.054699607,$386.15 ,$113.84 ,$92.98 ,$105.52 ,$73.81 ,$0.00 ,12,0,108,197,1000,789,9,29,978130,5958.095977,328577,304624,41276,147389,92035,114438,279979,108140,686675,23756,12508,28262,25805,16750
CA,CA12,201902,COM,1,62,1,4.565,$323.06 ,$0.00 ,$0.00 ,$239.94 ,$83.12 ,$0.00 ,0,0,0,0,0,1,0,0,978130,5958.095977,328577,304624,41276,147389,92035,114438,279979,108140,686675,23756,12508,28262,25805,16750
CA,CA13,201902,COM,2214,36.86946703,0.482384824,1.121161698,$358.40 ,$40.43 ,$132.06 ,$111.86 ,$74.05 ,$0.00 ,3,0,26,22,218,189,0,8,342954,21389.49918,163854,119622,10594,41422,24903,67475,74845,21273,143965,5802,14241,5844,5879,17935
CA,CA13,201902,COM,1,56,0,1.395,$279.14 ,$0.00 ,$0.00 ,$0.00 ,$279.14 ,$0.00 ,0,0,0,0,0,0,0,0,342954,21389.49918,163854,119622,10594,41422,24903,67475,74845,21273,143965,5802,14241,5844,5879,17935
CA,,201902,COM,6,30.5,0.333333333,0.622666667,$119.16 ,$0.00 ,$56.60 ,$62.56 ,$0.00 ,$0.00 ,0,0,0,0,0,0,0,0,2255381,3124.860076,789873,749021,60919,189668,113096,295103,502048,188257,1461149,154299,25948,59669,38303,48904
CA,,201902,COM,125372,35.99002967,0.520913761,0.993164295,$380.77 ,$61.61 ,$133.18 ,$112.45 ,$73.54 ,$0.00 ,52,39,822,1217,7348,6700,105,326,2255381,3124.860076,789873,749021,60919,189668,113096,295103,502048,188257,1461149,154299,25948,59669,38303,48904
CA,CA15,201902,COM,1621,33.88834053,0.49413942,0.939399136,$258.37 ,$57.27 ,$75.17 ,$72.88 ,$53.05 ,$0.00 ,0,0,14,21,142,84,0,2,269075,1935.645521,84795,79606,14912,48433,23145,29320,80062,34066,193067,3236,5216,7611,5801,5926
CA,,201902,COM,139135,33.99645668,0.50484781,0.959791002,$468.90 ,$87.53 ,$142.75 ,$148.12 ,$90.49 ,$0.00 ,97,25,1010,1907,10496,9524,172,427,4673221,2470.336258,1796567,1692047,128698,373438,232541,689629,936866,360315,2804353,396804,19220,110888,205390,80356
CA,,201902,COM,15,42.73333333,0.333333333,1.3182,$427.17 ,$0.00 ,$97.65 ,$98.80 ,$230.72 ,$0.00 ,0,0,0,1,2,2,0,0,4673221,2470.336258,1796567,1692047,128698,373438,232541,689629,936866,360315,2804353,396804,19220,110888,205390,80356
CA,CA17,201902,COM,4333,33.91783983,0.489960766,0.966127856,$363.72 ,$65.64 ,$125.66 ,$93.56 ,$78.86 ,$0.00 ,7,2,46,71,351,199,0,4,539301,1496.015066,181213,172682,26130,73664,35012,67770,146907,48530,309505,12059,7723,11489,11100,5269
CA,CA18,201902,COM,9058,33.58820932,0.498896004,0.956821153,$391.29 ,$74.94 ,$131.45 ,$114.93 ,$69.97 ,$0.00 ,7,1,103,163,723,455,5,31,732212,1392.385418,241055,226727,28989,96905,53972,89461,201506,62038,494325,20238,8143,16525,14450,15994
CA,CA19,201902,COM,29007,34.53345744,0.503706002,0.866705588,$410.16 ,$99.70 ,$120.52 ,$127.42 ,$62.52 ,$0.00 ,20,6,190,391,1986,1365,7,99,2291738,5095.099057,896341,819372,75758,168734,134416,335498,532415,114749,1083594,101802,25772,34828,51388,38576
CA,CA19,201902,COM,9,29.66666667,0.222222222,1.497,$369.73 ,$0.00 ,$190.88 ,$99.74 ,$79.11 ,$0.00 ,0,0,1,0,2,1,0,0,2291738,5095.099057,896341,819372,75758,168734,134416,335498,532415,114749,1083594,101802,25772,34828,51388,38576
CA,CA2,201902,COM,9575,43.71509138,0.462036554,0.896188094,$107.70 ,$16.76 ,$31.85 ,$30.10 ,$28.99 ,$0.00 ,7,3,74,15,87,640,1,8,180216,4176.578436,57468,44057,10782,33928,15883,22446,51676,34263,160443,3448,6076,4616,3242,9708
CA,,201902,COM,4275,37.77684211,0.50619883,1.123314152,$476.37 ,$69.41 ,$215.95 ,$123.05 ,$67.97 ,$0.00 ,3,2,35,57,373,260,3,7,438530,821.7515515,156896,149067,15346,36031,23696,64390,98813,20223,269660,13520,4468,7695,7541,10444
CA,CA21,201902,COM,6270,37.99553429,0.504625199,0.930288517,$405.17 ,$47.74 ,$152.47 ,$136.43 ,$68.53 ,$0.00 ,5,0,43,39,393,358,6,14,641847,2324.181643,263188,238371,17271,57501,43401,116457,130712,38050,249451,23427,13544,12933,11677,12597
CA,CA21,201902,COM,1,34,0,0.148,$0.00 ,$0.00 ,$0.00 ,$0.00 ,$0.00 ,$0.00 ,0,0,0,0,0,0,0,0,641847,2324.181643,263188,238371,17271,57501,43401,116457,130712,38050,249451,23427,13544,12933,11677,12597
CA,CA22,201902,COM,1176,34.13180272,0.484693878,1.219616497,$569.60 ,$114.69 ,$223.98 ,$159.17 ,$71.76 ,$0.00 ,0,0,9,49,111,81,1,0,171365,1234.545845,62685,58539,6792,22175,14964,23303,45990,13426,84511,4555,4913,3992,3786,2411
CA,CA23,201902,COM,1116,37.36111111,0.501792115,1.156741936,$421.60 ,$48.02 ,$170.07 ,$133.23 ,$70.28 ,$0.00 ,1,1,12,14,119,78,1,0,151906,9005.172163,84579,59685,4117,9269,9764,35175,25619,1701,28770,2723,7154,1011,2769,11716
CA,CA23,201902,COM,4,41,0.5,0.46575,"$1,945.84 ",$0.00 ,"$1,355.20 ",$552.08 ,$38.56 ,$0.00 ,0,0,0,0,1,1,0,0,151906,9005.172163,84579,59685,4117,9269,9764,35175,25619,1701,28770,2723,7154,1011,2769,11716
CA,CA24,201902,COM,2794,35.87652112,0.524337867,1.158281675,$640.04 ,$258.90 ,$196.04 ,$123.31 ,$61.80 ,$0.00 ,4,2,32,14,336,253,2,9,428006,8864.022501,193696,163983,16804,39396,35478,79271,91192,17615,138500,10651,26639,6204,11021,9809
CA,CA25,201902,COM,5368,36.24403875,0.497578241,1.148997019,$553.42 ,$156.80 ,$199.87 ,$129.41 ,$67.34 ,$0.00 ,4,4,54,35,508,337,1,14,470990,24672.40534,218386,187277,15591,36021,38019,90963,98766,8104,114440,8163,28551,6986,13481,12724
CA,CA25,201902,COM,1,35,0,0.134,$0.00 ,$0.00 ,$0.00 ,$0.00 ,$0.00 ,$0.00 ,0,0,0,0,0,0,0,0,470990,24672.40534,218386,187277,15591,36021,38019,90963,98766,8104,114440,8163,28551,6986,13481,12724
CA,CA3,201902,COM,101346,35.75749413,0.498707398,0.88335219,$288.72 ,$76.86 ,$68.18 ,$61.69 ,$82.00 ,$0.00 ,119,10,915,1573,5214,4742,28,114,4518699,27266.44488,1549773,1348982,180356,553160,432652,561952,1186660,340581,3038969,129608,113905,106066,62893,91930
CA,CA3,201902,COM,9,40.88888889,0.333333333,0.887444444,$80.48 ,$0.00 ,$0.00 ,$12.90 ,$67.58 ,$0.00 ,0,0,0,0,0,0,0,0,4518699,27266.44488,1549773,1348982,180356,553160,432652,561952,1186660,340581,3038969,129608,113905,106066,62893,91930
CA,CA4,201902,COM,394902,35.37319132,0.501304121,0.930099169,$335.66 ,$73.95 ,$82.64 ,$86.43 ,$92.64 ,$0.00 ,362,65,3086,5600,26132,23294,312,808,13262234,4850.972611,4615697,4338482,441609,1781058,1352330,1739765,2957709,1601964,9307146,1149887,86507,469799,343744,220875
CA,CA4,201902,COM,48,28.83333333,0.416666667,1.190625,$262.37 ,$0.00 ,$18.42 ,$163.30 ,$80.65 ,$0.00 ,0,0,1,0,7,3,0,0,13262234,4850.972611,4615697,4338482,441609,1781058,1352330,1739765,2957709,1601964,9307146,1149887,86507,469799,343744,220875
CA,,201902,COM,18990,35.4280674,0.495050026,1.125865772,$434.93 ,$80.30 ,$110.75 ,$140.54 ,$103.35 ,$0.00 ,27,4,175,353,1738,1591,18,67,848112,1842.466511,287498,271226,25853,88185,78474,123435,199599,77382,459811,31090,10988,17892,11400,12601
CA,,201902,COM,4,39.5,0.25,1.82225,$1.23 ,$0.00 ,$0.00 ,$0.00 ,$1.23 ,$0.00 ,0,0,0,0,0,0,0,0,848112,1842.466511,287498,271226,25853,88185,78474,123435,199599,77382,459811,31090,10988,17892,11400,12601
CA,CA6,201902,COM,15957,37.11436987,0.502538071,1.131544714,$492.61 ,$167.76 ,$139.08 ,$80.93 ,$104.84 ,$0.00 ,16,8,178,182,1210,918,7,9,443738,2735.137621,156210,144962,13861,52042,46478,64775,99117,45552,244382,21169,6950,15410,8052,19863
CA,CA6,201902,COM,6,28,0.666666667,0.307833333,$38.01 ,$0.00 ,$0.00 ,$37.82 ,$0.19 ,$0.00 ,0,0,0,0,1,0,0,0,443738,2735.137621,156210,144962,13861,52042,46478,64775,99117,45552,244382,21169,6950,15410,8052,19863
CA,CA7,201902,COM,8863,32.96908496,0.460002257,0.967722554,$339.11 ,$66.80 ,$97.99 ,$101.96 ,$72.36 ,$0.00 ,13,7,85,145,765,577,6,31,883053,8132.256436,295756,267913,39056,139584,77216,92005,257750,84735,576023,15490,21557,24792,18281,31126
CA,CA7,201902,COM,6,30.83333333,0.5,4.015833333,$805.25 ,$0.00 ,$228.19 ,$536.83 ,$40.23 ,$0.00 ,0,0,1,0,0,2,0,0,883053,8132.256436,295756,267913,39056,139584,77216,92005,257750,84735,576023,15490,21557,24792,18281,31126
CA,CA8,201902,COM,2557,38.16738365,0.511928041,1.244525616,$445.62 ,$71.06 ,$142.89 ,$120.04 ,$111.63 ,$0.00 ,1,1,37,38,207,206,0,3,281455,3300.636162,121095,105317,6175,17123,20715,52758,50492,9045,86881,7329,9630,3482,4557,16435
CA,,201902,COM,4077,37.16384597,0.499877361,1.203546726,$611.24 ,$247.98 ,$150.76 ,$131.04 ,$81.46 ,$0.00 ,6,0,48,71,415,307,5,2,433212,3281.719108,141155,126052,10475,78816,46650,55515,114125,75432,301974,14534,6567,17221,5984,17741
CA,,201902,COM,5,41,0.4,1.2682,$74.18 ,$0.00 ,$0.00 ,$0.00 ,$74.18 ,$0.00 ,0,0,0,0,0,0,0,0,433212,3281.719108,141155,126052,10475,78816,46650,55515,114125,75432,301974,14534,6567,17221,5984,17741
CA,CA1,201903,COM,16,39.4375,0.6875,1.0526875,$297.89 ,$0.00 ,$80.50 ,$112.14 ,$105.25 ,$0.00 ,0,0,0,0,1,0,0,0,3302833,4208.762531,1204884,1118980,106962,286008,279602,439595,726344,216965,1787453,255366,42081,75015,61486,89451
CA,CA1,201903,COM,350273,35.60933044,0.522729414,0.959457318,$380.64 ,$71.81 ,$88.84 ,$123.33 ,$96.67 ,$0.00 ,497,83,2863,7829,20046,34984,276,593,3302833,4208.762531,1204884,1118980,106962,286008,279602,439595,726344,216965,1787453,255366,42081,75015,61486,89451
CA,CA10,201903,COM,3129,34.55225312,0.449984021,1.183942793,$386.22 ,$74.29 ,$111.33 ,$108.40 ,$92.20 ,$0.00 ,4,0,33,22,433,264,3,5,460477,4824.376542,147791,136106,18321,81345,44779,50391,143528,61208,326860,6561,10023,13317,8274,5426
CA,CA11,201903,COM,850,33.38117647,0.492941177,1.067297647,$400.20 ,$59.93 ,$123.11 ,$135.26 ,$81.89 ,$0.00 ,2,0,13,7,106,85,0,0,150075,1390.308446,45792,42735,4855,24270,10946,14567,40935,13829,101017,2919,1938,3483,2730,14912
CA,CA12,201903,COM,10634,33.77205191,0.496520594,1.051514106,$398.56 ,$88.75 ,$113.78 ,$111.39 ,$84.64 ,$0.00 ,12,1,115,235,1172,865,7,29,978130,5958.095977,328577,304624,41276,147389,92035,114438,279979,108140,686675,23756,12508,28262,25805,16750
CA,CA12,201903,COM,1,62,1,4.565,"$16,190.68 ","$13,558.00 ",$0.00 ,"$2,529.02 ",$103.66 ,$0.00 ,0,0,0,0,0,0,0,0,978130,5958.095977,328577,304624,41276,147389,92035,114438,279979,108140,686675,23756,12508,28262,25805,16750
CA,CA13,201903,COM,2262,36.90583554,0.482758621,1.114833333,$449.52 ,$55.31 ,$190.62 ,$118.49 ,$85.10 ,$0.00 ,0,0,30,21,259,167,1,12,342954,21389.49918,163854,119622,10594,41422,24903,67475,74845,21273,143965,5802,14241,5844,5879,17935
CA,CA13,201903,COM,1,56,0,1.395,$277.36 ,$0.00 ,$0.00 ,$0.00 ,$277.36 ,$0.00 ,0,0,0,0,0,0,0,0,342954,21389.49918,163854,119622,10594,41422,24903,67475,74845,21273,143965,5802,14241,5844,5879,17935
CA,CA14,201903,COM,128234,35.95638442,0.521024065,0.990193849,$432.31 ,$78.80 ,$144.84 ,$130.43 ,$78.23 ,$0.00 ,77,33,1018,1555,8385,8686,141,348,2255381,3124.860076,789873,749021,60919,189668,113096,295103,502048,188257,1461149,154299,25948,59669,38303,48904
CA,CA14,201903,COM,6,30.66666667,0.333333333,0.622666667,$69.27 ,$0.00 ,$0.00 ,$65.50 ,$3.77 ,$0.00 ,0,0,0,0,0,0,0,0,2255381,3124.860076,789873,749021,60919,189668,113096,295103,502048,188257,1461149,154299,25948,59669,38303,48904
CA,CA15,201903,COM,1659,33.82820977,0.492465341,0.933854732,"$1,419.11 ","$1,129.97 ",$119.53 ,$116.81 ,$52.80 ,$0.00 ,2,0,27,19,183,99,3,2,269075,1935.645521,84795,79606,14912,48433,23145,29320,80062,34066,193067,3236,5216,7611,5801,5926
CA,CA16,201903,COM,141584,33.95964233,0.504788677,0.959057372,$538.65 ,$97.32 ,$177.03 ,$168.31 ,$95.99 ,$0.00 ,109,38,1129,2236,11821,10738,172,447,4673221,2470.336258,1796567,1692047,128698,373438,232541,689629,936866,360315,2804353,396804,19220,110888,205390,80356
CA,CA16,201903,COM,15,42.86666667,0.333333333,1.3182,$894.60 ,$0.00 ,$11.84 ,$426.22 ,$456.54 ,$0.00 ,0,0,0,0,1,4,0,0,4673221,2470.336258,1796567,1692047,128698,373438,232541,689629,936866,360315,2804353,396804,19220,110888,205390,80356
CA,CA17,201903,COM,4452,33.94743935,0.488993711,0.965075696,$481.87 ,$141.31 ,$138.29 ,$130.24 ,$72.03 ,$0.00 ,8,0,70,92,419,236,3,5,539301,1496.015066,181213,172682,26130,73664,35012,67770,146907,48530,309505,12059,7723,11489,11100,5269
CA,CA18,201903,COM,9278,33.54149601,0.497305454,0.951827657,$459.05 ,$111.41 ,$141.65 ,$139.82 ,$66.17 ,$0.00 ,14,2,95,164,818,524,3,37,732212,1392.385418,241055,226727,28989,96905,53972,89461,201506,62038,494325,20238,8143,16525,14450,15994
CA,CA19,201903,COM,9,29.77777778,0.222222222,1.497,"$1,423.04 ",$0.00 ,"$1,121.23 ",$278.82 ,$22.98 ,$0.00 ,0,0,2,0,3,1,0,0,2291738,5095.099057,896341,819372,75758,168734,134416,335498,532415,114749,1083594,101802,25772,34828,51388,38576
CA,CA19,201903,COM,29923,34.55051298,0.505296929,0.87423243,$403.36 ,$68.12 ,$124.24 ,$138.59 ,$72.41 ,$0.00 ,22,0,256,540,2208,1565,18,104,2291738,5095.099057,896341,819372,75758,168734,134416,335498,532415,114749,1083594,101802,25772,34828,51388,38576
CA,CA2,201903,COM,9766,43.75097276,0.462932623,0.89329357,$113.03 ,$10.13 ,$40.52 ,$34.26 ,$28.11 ,$0.00 ,6,3,97,32,83,696,2,2,180216,4176.578436,57468,44057,10782,33928,15883,22446,51676,34263,160443,3448,6076,4616,3242,9708
CA,,201903,COM,4384,37.6765511,0.506614964,1.120993385,$522.20 ,$127.70 ,$181.75 ,$140.94 ,$71.81 ,$0.00 ,6,1,52,84,352,277,2,9,438530,821.7515515,156896,149067,15346,36031,23696,64390,98813,20223,269660,13520,4468,7695,7541,10444
CA,CA21,201903,COM,6373,37.96736231,0.504471991,0.931324494,$377.88 ,$32.74 ,$157.53 ,$118.33 ,$69.28 ,$0.00 ,0,0,64,44,420,386,5,20,641847,2324.181643,263188,238371,17271,57501,43401,116457,130712,38050,249451,23427,13544,12933,11677,12597
CA,CA21,201903,COM,1,34,0,0.148,$0.00 ,$0.00 ,$0.00 ,$0.00 ,$0.00 ,$0.00 ,0,0,0,0,0,0,0,0,641847,2324.181643,263188,238371,17271,57501,43401,116457,130712,38050,249451,23427,13544,12933,11677,12597
CA,CA22,201903,COM,1197,34.23725982,0.481203008,1.214131997,$562.94 ,$102.87 ,$182.10 ,$192.13 ,$85.84 ,$0.00 ,3,0,16,48,143,80,0,1,171365,1234.545845,62685,58539,6792,22175,14964,23303,45990,13426,84511,4555,4913,3992,3786,2411
CA,CA23,201903,COM,1129,37.33658105,0.501328609,1.151854739,$853.58 ,$348.25 ,$154.46 ,$252.47 ,$98.39 ,$0.00 ,2,0,20,12,145,93,2,0,151906,9005.172163,84579,59685,4117,9269,9764,35175,25619,1701,28770,2723,7154,1011,2769,11716
CA,CA23,201903,COM,4,41,0.5,0.46575,$0.00 ,$0.00 ,$0.00 ,$0.00 ,$0.00 ,$0.00 ,0,0,0,0,0,0,0,0,151906,9005.172163,84579,59685,4117,9269,9764,35175,25619,1701,28770,2723,7154,1011,2769,11716
CA,CA24,201903,COM,2887,35.97263595,0.523380672,1.15736266,$493.93 ,$92.48 ,$209.80 ,$122.66 ,$68.99 ,$0.00 ,4,3,45,16,378,252,3,8,428006,8864.022501,193696,163983,16804,39396,35478,79271,91192,17615,138500,10651,26639,6204,11021,9809
CA,CA25,201903,COM,5480,36.26587591,0.497810219,1.13962792,$513.56 ,$96.29 ,$195.50 ,$149.06 ,$72.71 ,$0.00 ,12,0,83,54,642,401,5,13,470990,24672.40534,218386,187277,15591,36021,38019,90963,98766,8104,114440,8163,28551,6986,13481,12724
CA,CA25,201903,COM,1,35,0,0.134,$0.00 ,$0.00 ,$0.00 ,$0.00 ,$0.00 ,$0.00 ,0,0,0,0,0,0,0,0,470990,24672.40534,218386,187277,15591,36021,38019,90963,98766,8104,114440,8163,28551,6986,13481,12724
CA,CA3,201903,COM,103160,35.73499418,0.498507173,0.88049337,$305.03 ,$75.60 ,$75.23 ,$68.12 ,$86.07 ,$0.00 ,106,16,1038,1846,5572,5395,36,124,4518699,27266.44488,1549773,1348982,180356,553160,432652,561952,1186660,340581,3038969,129608,113905,106066,62893,91930
CA,CA3,201903,COM,9,41,0.333333333,0.887444444,$519.02 ,$0.00 ,$253.57 ,$217.46 ,$47.98 ,$0.00 ,0,0,1,0,2,1,0,0,4518699,27266.44488,1549773,1348982,180356,553160,432652,561952,1186660,340581,3038969,129608,113905,106066,62893,91930
CA,CA4,201903,COM,401973,35.353877,0.501051066,0.926512126,$356.14 ,$74.85 ,$87.00 ,$93.99 ,$100.30 ,$0.00 ,419,67,3646,6450,28733,25342,371,852,13262234,4850.972611,4615697,4338482,441609,1781058,1352330,1739765,2957709,1601964,9307146,1149887,86507,469799,343744,220875
CA,CA4,201903,COM,49,28.7755102,0.408163265,1.184795918,$334.68 ,$0.00 ,$73.93 ,$170.69 ,$90.06 ,$0.00 ,0,0,2,0,4,5,0,0,13262234,4850.972611,4615697,4338482,441609,1781058,1352330,1739765,2957709,1601964,9307146,1149887,86507,469799,343744,220875
CA,CA5,201903,COM,19466,35.41051063,0.494195007,1.119258451,$489.17 ,$106.75 ,$118.68 ,$155.94 ,$107.81 ,$0.00 ,17,4,214,426,1801,1713,25,71,848112,1842.466511,287498,271226,25853,88185,78474,123435,199599,77382,459811,31090,10988,17892,11400,12601
CA,CA5,201903,COM,4,39.5,0.25,1.82225,$321.73 ,$0.00 ,$0.00 ,$43.72 ,$278.01 ,$0.00 ,0,0,0,0,1,0,0,0,848112,1842.466511,287498,271226,25853,88185,78474,123435,199599,77382,459811,31090,10988,17892,11400,12601
CA,CA6,201903,COM,16107,37.08039983,0.502079841,1.127994537,$536.42 ,$210.44 ,$132.93 ,$89.06 ,$103.99 ,$0.00 ,24,9,190,252,1344,985,6,8,443738,2735.137621,156210,144962,13861,52042,46478,64775,99117,45552,244382,21169,6950,15410,8052,19863
CA,CA6,201903,COM,6,28.16666667,0.666666667,0.307833333,$53.53 ,$0.00 ,$0.00 ,$19.94 ,$33.59 ,$0.00 ,0,0,0,0,0,0,0,0,443738,2735.137621,156210,144962,13861,52042,46478,64775,99117,45552,244382,21169,6950,15410,8052,19863
CA,CA7,201903,COM,8992,32.93182829,0.460186833,0.966603759,$414.03 ,$79.58 ,$138.24 ,$126.23 ,$69.98 ,$0.00 ,12,2,134,186,816,673,12,39,883053,8132.256436,295756,267913,39056,139584,77216,92005,257750,84735,576023,15490,21557,24792,18281,31126
CA,CA7,201903,COM,6,30.83333333,0.5,4.015833333,$819.94 ,$0.00 ,$279.49 ,$491.55 ,$48.90 ,$0.00 ,0,0,1,0,1,0,0,0,883053,8132.256436,295756,267913,39056,139584,77216,92005,257750,84735,576023,15490,21557,24792,18281,31126
CA,CA8,201903,COM,2594,38.05589823,0.512721665,1.23340825,$593.21 ,$117.50 ,$173.59 ,$126.17 ,$175.94 ,$0.00 ,5,0,32,50,246,230,4,3,281455,3300.636162,121095,105317,6175,17123,20715,52758,50492,9045,86881,7329,9630,3482,4557,16435
CA,CA9,201903,COM,4139,37.12611742,0.499395989,1.197419183,$620.41 ,$123.00 ,$197.83 ,$168.63 ,$130.95 ,$0.00 ,3,0,40,87,478,364,4,3,433212,3281.719108,141155,126052,10475,78816,46650,55515,114125,75432,301974,14534,6567,17221,5984,17741
CA,CA9,201903,COM,5,41,0.4,1.2682,$43.53 ,$0.00 ,$0.00 ,$0.00 ,$43.53 ,$0.00 ,0,0,0,0,0,0,0,0,433212,3281.719108,141155,126052,10475,78816,46650,55515,114125,75432,301974,14534,6567,17221,5984,17741
CA,CA1,201904,COM,16,39.5625,0.6875,1.0526875,$348.16 ,$0.00 ,$13.21 ,$52.35 ,$282.60 ,$0.00 ,0,0,0,0,2,0,0,0,3302833,4208.762531,1204884,1118980,106962,286008,279602,439595,726344,216965,1787453,255366,42081,75015,61486,89451
CA,CA1,201904,COM,350327,35.67701319,0.522717347,0.959300408,$384.63 ,$72.25 ,$93.19 ,$127.35 ,$91.84 ,$0.00 ,456,99,2766,6956,19410,35779,327,599,3302833,4208.762531,1204884,1118980,106962,286008,279602,439595,726344,216965,1787453,255366,42081,75015,61486,89451
CA,CA10,201904,COM,3130,34.59936102,0.449840256,1.185699361,$457.21 ,$70.29 ,$135.92 ,$142.09 ,$108.92 ,$0.00 ,4,1,26,28,407,281,4,6,460477,4824.376542,147791,136106,18321,81345,44779,50391,143528,61208,326860,6561,10023,13317,8274,5426
CA,CA11,201904,COM,850,33.43764706,0.492941177,1.067297647,$435.16 ,$23.03 ,$163.70 ,$158.45 ,$89.97 ,$0.00 ,2,0,6,6,139,60,1,0,150075,1390.308446,45792,42735,4855,24270,10946,14567,40935,13829,101017,2919,1938,3483,2730,14912
CA,CA12,201904,COM,10635,33.81664316,0.496661965,1.051478044,$456.09 ,$104.63 ,$149.40 ,$116.88 ,$85.18 ,$0.00 ,6,3,109,182,1173,845,9,27,978130,5958.095977,328577,304624,41276,147389,92035,114438,279979,108140,686675,23756,12508,28262,25805,16750
CA,CA12,201904,COM,1,62,1,4.565,$481.99 ,$0.00 ,$0.00 ,$475.07 ,$6.92 ,$0.00 ,0,0,0,0,0,1,0,0,978130,5958.095977,328577,304624,41276,147389,92035,114438,279979,108140,686675,23756,12508,28262,25805,16750
CA,CA13,201904,COM,1,56,0,1.395,$510.14 ,$0.00 ,$0.00 ,$166.87 ,$343.27 ,$0.00 ,0,0,0,0,1,0,0,0,342954,21389.49918,163854,119622,10594,41422,24903,67475,74845,21273,143965,5802,14241,5844,5879,17935
CA,CA13,201904,COM,2263,36.95669465,0.482545294,1.114412285,$470.61 ,$100.72 ,$165.03 ,$119.00 ,$85.85 ,$0.00 ,2,0,30,16,237,181,3,11,342954,21389.49918,163854,119622,10594,41422,24903,67475,74845,21273,143965,5802,14241,5844,5879,17935
CA,CA14,201904,COM,6,30.66666667,0.333333333,0.622666667,$1.88 ,$0.00 ,$0.00 ,$0.00 ,$1.88 ,$0.00 ,0,0,0,0,0,0,0,0,2255381,3124.860076,789873,749021,60919,189668,113096,295103,502048,188257,1461149,154299,25948,59669,38303,48904
CA,CA14,201904,COM,128268,36.00875511,0.521034085,0.99017334,$471.39 ,$90.60 ,$155.01 ,$141.35 ,$84.42 ,$0.00 ,83,35,975,1429,8233,9549,172,375,2255381,3124.860076,789873,749021,60919,189668,113096,295103,502048,188257,1461149,154299,25948,59669,38303,48904
CA,CA15,201904,COM,1659,33.84870404,0.491862568,0.933212176,$335.95 ,$76.78 ,$115.11 ,$86.65 ,$57.40 ,$0.00 ,1,0,32,24,156,90,1,2,269075,1935.645521,84795,79606,14912,48433,23145,29320,80062,34066,193067,3236,5216,7611,5801,5926
CA,CA16,201904,COM,15,42.86666667,0.333333333,1.3182,$412.78 ,$0.00 ,$136.55 ,$119.96 ,$156.27 ,$0.00 ,0,0,0,0,1,2,0,0,4673221,2470.336258,1796567,1692047,128698,373438,232541,689629,936866,360315,2804353,396804,19220,110888,205390,80356
CA,CA16,201904,COM,141581,34.00605307,0.504721679,0.959263192,$507.76 ,$83.25 ,$158.35 ,$165.37 ,$100.79 ,$0.00 ,93,32,1119,1928,11132,10859,212,451,4673221,2470.336258,1796567,1692047,128698,373438,232541,689629,936866,360315,2804353,396804,19220,110888,205390,80356
CA,CA17,201904,COM,4451,33.99415862,0.489103572,0.965211863,$546.75 ,$163.45 ,$162.83 ,$141.83 ,$78.64 ,$0.00 ,3,0,42,88,473,236,2,6,539301,1496.015066,181213,172682,26130,73664,35012,67770,146907,48530,309505,12059,7723,11489,11100,5269
CA,CA18,201904,COM,9277,33.58758219,0.49735906,0.951821386,$433.64 ,$76.45 ,$165.62 ,$124.43 ,$67.14 ,$0.00 ,7,2,118,136,754,523,6,38,732212,1392.385418,241055,226727,28989,96905,53972,89461,201506,62038,494325,20238,8143,16525,14450,15994
CA,CA19,201904,COM,29921,34.6166572,0.505297283,0.874350055,$441.66 ,$71.48 ,$156.40 ,$140.18 ,$73.60 ,$0.00 ,27,3,227,433,2235,1583,22,103,2291738,5095.099057,896341,819372,75758,168734,134416,335498,532415,114749,1083594,101802,25772,34828,51388,38576
CA,CA19,201904,COM,9,29.77777778,0.222222222,1.497,$311.75 ,$0.00 ,$160.78 ,$89.41 ,$61.56 ,$0.00 ,0,0,0,0,3,1,0,0,2291738,5095.099057,896341,819372,75758,168734,134416,335498,532415,114749,1083594,101802,25772,34828,51388,38576
CA,CA2,201904,COM,9748,43.8093968,0.462966762,0.894305191,$247.18 ,$121.23 ,$40.22 ,$61.00 ,$24.73 ,$0.00 ,10,2,81,28,98,654,0,2,180216,4176.578436,57468,44057,10782,33928,15883,22446,51676,34263,160443,3448,6076,4616,3242,9708
CA,CA20,201904,COM,4387,37.72714839,0.506724413,1.120344199,$838.10 ,$365.85 ,$224.02 ,$159.70 ,$88.53 ,$0.00 ,4,2,48,58,375,283,1,7,438530,821.7515515,156896,149067,15346,36031,23696,64390,98813,20223,269660,13520,4468,7695,7541,10444
CA,CA21,201904,COM,6376,38.02681932,0.504548306,0.931147114,$517.95 ,$113.17 ,$199.93 ,$133.61 ,$71.25 ,$0.00 ,3,2,56,45,467,409,5,17,641847,2324.181643,263188,238371,17271,57501,43401,116457,130712,38050,249451,23427,13544,12933,11677,12597
CA,CA21,201904,COM,1,34,0,0.148,$0.00 ,$0.00 ,$0.00 ,$0.00 ,$0.00 ,$0.00 ,0,0,0,0,0,0,0,0,641847,2324.181643,263188,238371,17271,57501,43401,116457,130712,38050,249451,23427,13544,12933,11677,12597
CA,CA22,201904,COM,1198,34.29966611,0.48163606,1.213704508,$794.80 ,$254.43 ,$282.37 ,$171.47 ,$86.52 ,$0.00 ,4,0,13,57,135,90,0,2,171365,1234.545845,62685,58539,6792,22175,14964,23303,45990,13426,84511,4555,4913,3992,3786,2411
CA,CA23,201904,COM,1129,37.41541187,0.501328609,1.151854739,$337.35 ,$43.84 ,$106.10 ,$119.47 ,$67.95 ,$0.00 ,1,0,16,7,136,88,0,0,151906,9005.172163,84579,59685,4117,9269,9764,35175,25619,1701,28770,2723,7154,1011,2769,11716
CA,CA23,201904,COM,4,41,0.5,0.46575,$0.00 ,$0.00 ,$0.00 ,$0.00 ,$0.00 ,$0.00 ,0,0,0,0,0,0,0,0,151906,9005.172163,84579,59685,4117,9269,9764,35175,25619,1701,28770,2723,7154,1011,2769,11716
CA,CA24,201904,COM,2888,36.04432133,0.523199446,1.157161704,$571.49 ,$109.00 ,$244.02 ,$155.74 ,$62.74 ,$0.00 ,9,3,34,17,384,251,5,10,428006,8864.022501,193696,163983,16804,39396,35478,79271,91192,17615,138500,10651,26639,6204,11021,9809
CA,CA25,201904,COM,5481,36.33935413,0.49826674,1.140484036,$438.46 ,$25.77 ,$216.49 ,$109.66 ,$86.53 ,$0.00 ,2,0,60,51,617,409,1,17,470990,24672.40534,218386,187277,15591,36021,38019,90963,98766,8104,114440,8163,28551,6986,13481,12724
CA,CA25,201904,COM,1,35,0,0.134,$0.00 ,$0.00 ,$0.00 ,$0.00 ,$0.00 ,$0.00 ,0,0,0,0,0,0,0,0,470990,24672.40534,218386,187277,15591,36021,38019,90963,98766,8104,114440,8163,28551,6986,13481,12724
CA,CA3,201904,COM,103162,35.78264283,0.498536283,0.880514191,$354.41 ,$106.97 ,$84.71 ,$70.01 ,$92.71 ,$0.00 ,131,27,1022,1613,5559,5503,34,133,4518699,27266.44488,1549773,1348982,180356,553160,432652,561952,1186660,340581,3038969,129608,113905,106066,62893,91930
CA,CA3,201904,COM,9,41.22222222,0.333333333,0.887444444,$179.00 ,$0.00 ,$22.92 ,$126.99 ,$29.09 ,$0.00 ,0,0,0,0,1,1,0,0,4518699,27266.44488,1549773,1348982,180356,553160,432652,561952,1186660,340581,3038969,129608,113905,106066,62893,91930
CA,CA4,201904,COM,401971,35.40513868,0.501051071,0.926539208,$370.65 ,$81.58 ,$86.50 ,$95.77 ,$106.80 ,$0.00 ,393,64,3369,5554,27682,26113,339,897,13262234,4850.972611,4615697,4338482,441609,1781058,1352330,1739765,2957709,1601964,9307146,1149887,86507,469799,343744,220875
CA,CA4,201904,COM,49,28.87755102,0.408163265,1.184795918,$660.72 ,$318.92 ,$85.20 ,$174.62 ,$81.98 ,$0.00 ,1,0,1,1,6,3,0,0,13262234,4850.972611,4615697,4338482,441609,1781058,1352330,1739765,2957709,1601964,9307146,1149887,86507,469799,343744,220875
CA,CA5,201904,COM,19465,35.46200873,0.494323144,1.119063807,$559.20 ,$135.80 ,$140.74 ,$169.51 ,$113.15 ,$0.00 ,27,2,187,346,1821,1730,15,72,848112,1842.466511,287498,271226,25853,88185,78474,123435,199599,77382,459811,31090,10988,17892,11400,12601
CA,CA5,201904,COM,4,39.5,0.25,1.82225,$91.55 ,$0.00 ,$0.00 ,$0.00 ,$91.55 ,$0.00 ,0,0,0,0,0,0,0,0,848112,1842.466511,287498,271226,25853,88185,78474,123435,199599,77382,459811,31090,10988,17892,11400,12601
CA,CA6,201904,COM,16121,37.13510328,0.502264128,1.12724496,$499.39 ,$161.91 ,$126.81 ,$101.14 ,$109.53 ,$0.00 ,21,6,209,177,1365,1000,8,10,443738,2735.137621,156210,144962,13861,52042,46478,64775,99117,45552,244382,21169,6950,15410,8052,19863
CA,CA6,201904,COM,6,28.16666667,0.666666667,0.307833333,$0.00 ,$0.00 ,$0.00 ,$0.00 ,$0.00 ,$0.00 ,0,0,0,0,0,0,0,0,443738,2735.137621,156210,144962,13861,52042,46478,64775,99117,45552,244382,21169,6950,15410,8052,19863
CA,CA7,201904,COM,8989,32.99299143,0.460117922,0.966442763,$443.18 ,$112.17 ,$128.26 ,$119.17 ,$83.58 ,$0.00 ,9,2,94,152,796,697,4,38,883053,8132.256436,295756,267913,39056,139584,77216,92005,257750,84735,576023,15490,21557,24792,18281,31126
CA,CA7,201904,COM,6,30.83333333,0.5,4.015833333,$190.45 ,$0.00 ,$43.66 ,$102.24 ,$44.55 ,$0.00 ,0,0,0,0,0,2,0,0,883053,8132.256436,295756,267913,39056,139584,77216,92005,257750,84735,576023,15490,21557,24792,18281,31126
CA,CA8,201904,COM,2594,38.11025443,0.512721665,1.23340825,$537.12 ,$106.56 ,$174.84 ,$126.52 ,$129.20 ,$0.00 ,2,1,35,42,250,219,0,4,281455,3300.636162,121095,105317,6175,17123,20715,52758,50492,9045,86881,7329,9630,3482,4557,16435
CA,CA9,201904,COM,4139,37.17951196,0.499395989,1.197419183,$600.21 ,$121.08 ,$247.26 ,$147.03 ,$84.85 ,$0.00 ,5,1,50,78,441,401,4,4,433212,3281.719108,141155,126052,10475,78816,46650,55515,114125,75432,301974,14534,6567,17221,5984,17741
CA,CA9,201904,COM,5,41.2,0.4,1.2682,$31.30 ,$0.00 ,$0.00 ,$0.00 ,$31.30 ,$0.00 ,0,0,0,0,0,0,0,0,433212,3281.719108,141155,126052,10475,78816,46650,55515,114125,75432,301974,14534,6567,17221,5984,17741
CA,CA1,201905,COM,350345,35.7506829,0.522699054,0.959286612,$384.05 ,$62.90 ,$94.82 ,$128.42 ,$97.92 ,$0.00 ,418,73,2652,6622,19078,35714,303,605,3302833,4208.762531,1204884,1118980,106962,286008,279602,439595,726344,216965,1787453,255366,42081,75015,61486,89451
CA,CA1,201905,COM,16,39.8125,0.6875,1.0526875,$418.74 ,$0.00 ,$0.00 ,$179.96 ,$238.78 ,$0.00 ,0,0,0,0,2,1,0,0,3302833,4208.762531,1204884,1118980,106962,286008,279602,439595,726344,216965,1787453,255366,42081,75015,61486,89451
CA,CA10,201905,COM,3130,34.64664537,0.449840256,1.185699361,$872.86 ,$347.28 ,$254.18 ,$162.02 ,$109.38 ,$0.00 ,2,2,35,21,418,266,4,8,460477,4824.376542,147791,136106,18321,81345,44779,50391,143528,61208,326860,6561,10023,13317,8274,5426
CA,CA11,201905,COM,850,33.48705882,0.492941177,1.067297647,$533.96 ,$46.08 ,$265.45 ,$162.27 ,$60.16 ,$0.00 ,1,1,14,4,105,69,0,0,150075,1390.308446,45792,42735,4855,24270,10946,14567,40935,13829,101017,2919,1938,3483,2730,14912
CA,CA12,201905,COM,10633,33.87049751,0.496661337,1.051644127,$362.19 ,$52.77 ,$105.46 ,$112.48 ,$91.48 ,$0.00 ,11,1,123,181,1051,890,10,30,978130,5958.095977,328577,304624,41276,147389,92035,114438,279979,108140,686675,23756,12508,28262,25805,16750
CA,CA12,201905,COM,1,62,1,4.565,$308.12 ,$0.00 ,$0.00 ,$276.79 ,$31.33 ,$0.00 ,0,0,0,0,0,1,0,0,978130,5958.095977,328577,304624,41276,147389,92035,114438,279979,108140,686675,23756,12508,28262,25805,16750
CA,CA13,201905,COM,2263,37.0150243,0.482545294,1.114412285,$417.89 ,$62.01 ,$152.62 ,$116.80 ,$86.46 ,$0.00 ,4,0,29,17,230,181,1,13,342954,21389.49918,163854,119622,10594,41422,24903,67475,74845,21273,143965,5802,14241,5844,5879,17935
CA,CA13,201905,COM,1,56,0,1.395,$353.28 ,$0.00 ,$231.68 ,$96.31 ,$25.29 ,$0.00 ,0,0,0,0,1,0,0,0,342954,21389.49918,163854,119622,10594,41422,24903,67475,74845,21273,143965,5802,14241,5844,5879,17935
CA,CA14,201905,COM,6,30.66666667,0.333333333,0.622666667,$26.51 ,$0.00 ,$0.00 ,$21.55 ,$4.97 ,$0.00 ,0,0,0,0,0,1,0,0,2255381,3124.860076,789873,749021,60919,189668,113096,295103,502048,188257,1461149,154299,25948,59669,38303,48904
CA,CA14,201905,COM,128263,36.06085933,0.52102321,0.990100621,$487.27 ,$99.83 ,$149.01 ,$152.09 ,$86.33 ,$0.00 ,103,42,965,1426,8073,10012,155,388,2255381,3124.860076,789873,749021,60919,189668,113096,295103,502048,188257,1461149,154299,25948,59669,38303,48904
CA,CA15,201905,COM,1659,33.90898131,0.491862568,0.933212176,$468.16 ,$163.64 ,$115.78 ,$118.47 ,$70.27 ,$0.00 ,0,0,10,23,157,102,0,2,269075,1935.645521,84795,79606,14912,48433,23145,29320,80062,34066,193067,3236,5216,7611,5801,5926
CA,CA16,201905,COM,141587,34.0547861,0.50474973,0.959280012,$535.56 ,$89.00 ,$169.95 ,$172.47 ,$104.13 ,$0.00 ,104,36,1181,1892,11173,10922,217,475,4673221,2470.336258,1796567,1692047,128698,373438,232541,689629,936866,360315,2804353,396804,19220,110888,205390,80356
CA,CA16,201905,COM,15,43,0.333333333,1.3182,$56.50 ,$0.00 ,$0.00 ,$4.71 ,$51.79 ,$0.00 ,0,0,0,1,0,0,0,0,4673221,2470.336258,1796567,1692047,128698,373438,232541,689629,936866,360315,2804353,396804,19220,110888,205390,80356
CA,CA17,201905,COM,4452,34.0458221,0.488993711,0.965075696,$488.62 ,$127.82 ,$152.39 ,$135.94 ,$72.48 ,$0.00 ,7,0,42,77,377,194,1,6,539301,1496.015066,181213,172682,26130,73664,35012,67770,146907,48530,309505,12059,7723,11489,11100,5269
CA,CA18,201905,COM,9274,33.64103947,0.497088635,0.951885594,$471.11 ,$102.11 ,$169.39 ,$123.28 ,$76.32 ,$0.00 ,13,3,96,128,666,564,7,38,732212,1392.385418,241055,226727,28989,96905,53972,89461,201506,62038,494325,20238,8143,16525,14450,15994
CA,CA19,201905,COM,9,30,0.222222222,1.497,$838.34 ,$0.00 ,$607.79 ,$163.40 ,$67.15 ,$0.00 ,0,0,1,0,2,1,0,0,2291738,5095.099057,896341,819372,75758,168734,134416,335498,532415,114749,1083594,101802,25772,34828,51388,38576
CA,CA19,201905,COM,29919,34.6735185,0.505397908,0.874240984,$465.70 ,$88.37 ,$163.28 ,$141.41 ,$72.64 ,$0.00 ,25,1,243,433,2257,1570,26,100,2291738,5095.099057,896341,819372,75758,168734,134416,335498,532415,114749,1083594,101802,25772,34828,51388,38576
CA,CA2,201905,COM,9759,43.90583052,0.46305974,0.893340506,$163.33 ,$30.82 ,$58.40 ,$47.98 ,$26.13 ,$0.00 ,5,1,88,31,80,711,0,12,180216,4176.578436,57468,44057,10782,33928,15883,22446,51676,34263,160443,3448,6076,4616,3242,9708
CA,CA20,201905,COM,4387,37.78025986,0.506724413,1.120344199,$549.12 ,$55.81 ,$267.56 ,$137.84 ,$87.91 ,$0.00 ,5,0,51,72,337,271,1,7,438530,821.7515515,156896,149067,15346,36031,23696,64390,98813,20223,269660,13520,4468,7695,7541,10444
CA,CA21,201905,COM,6377,38.08279755,0.504469186,0.931067273,$433.83 ,$36.19 ,$196.87 ,$122.79 ,$77.98 ,$0.00 ,2,1,70,58,396,457,3,18,641847,2324.181643,263188,238371,17271,57501,43401,116457,130712,38050,249451,23427,13544,12933,11677,12597
CA,CA21,201905,COM,1,34,0,0.148,$0.00 ,$0.00 ,$0.00 ,$0.00 ,$0.00 ,$0.00 ,0,0,0,0,0,0,0,0,641847,2324.181643,263188,238371,17271,57501,43401,116457,130712,38050,249451,23427,13544,12933,11677,12597
CA,CA22,201905,COM,1198,34.3672788,0.48163606,1.213704508,$522.60 ,$90.08 ,$157.17 ,$193.45 ,$81.89 ,$0.00 ,1,0,14,44,135,81,1,2,171365,1234.545845,62685,58539,6792,22175,14964,23303,45990,13426,84511,4555,4913,3992,3786,2411
CA,CA23,201905,COM,1128,37.5,0.500886525,1.152472518,$543.13 ,$214.14 ,$139.11 ,$124.64 ,$65.25 ,$0.00 ,2,0,18,8,120,100,0,0,151906,9005.172163,84579,59685,4117,9269,9764,35175,25619,1701,28770,2723,7154,1011,2769,11716
CA,CA23,201905,COM,4,41.25,0.5,0.46575,$52.25 ,$0.00 ,$0.00 ,$38.02 ,$14.23 ,$0.00 ,0,0,0,1,0,0,0,0,151906,9005.172163,84579,59685,4117,9269,9764,35175,25619,1701,28770,2723,7154,1011,2769,11716
CA,CA24,201905,COM,2887,36.11811569,0.523034292,1.157454105,$678.27 ,$216.22 ,$258.31 ,$138.97 ,$64.78 ,$0.00 ,6,1,50,9,374,249,1,9,428006,8864.022501,193696,163983,16804,39396,35478,79271,91192,17615,138500,10651,26639,6204,11021,9809
CA,CA25,201905,COM,5481,36.39390622,0.498084291,1.140243569,$559.90 ,$104.53 ,$224.51 ,$144.53 ,$86.32 ,$0.00 ,8,1,86,35,622,421,2,14,470990,24672.40534,218386,187277,15591,36021,38019,90963,98766,8104,114440,8163,28551,6986,13481,12724
CA,CA25,201905,COM,1,35,0,0.134,$0.00 ,$0.00 ,$0.00 ,$0.00 ,$0.00 ,$0.00 ,0,0,0,0,0,0,0,0,470990,24672.40534,218386,187277,15591,36021,38019,90963,98766,8104,114440,8163,28551,6986,13481,12724
CA,CA3,201905,COM,103178,35.834015,0.498420206,0.880201719,$315.62 ,$74.39 ,$81.13 ,$70.12 ,$89.98 ,$0.00 ,114,28,1020,1545,5362,5728,50,147,4518699,27266.44488,1549773,1348982,180356,553160,432652,561952,1186660,340581,3038969,129608,113905,106066,62893,91930
CA,CA3,201905,COM,9,41.22222222,0.333333333,0.887444444,$217.62 ,$0.00 ,$0.00 ,$124.27 ,$93.35 ,$0.00 ,0,0,0,1,1,1,0,0,4518699,27266.44488,1549773,1348982,180356,553160,432652,561952,1186660,340581,3038969,129608,113905,106066,62893,91930
CA,CA4,201905,COM,401942,35.45691418,0.501044927,0.926529474,$367.11 ,$71.44 ,$91.09 ,$97.82 ,$106.75 ,$0.00 ,401,53,3356,5394,27283,26011,365,894,13262234,4850.972611,4615697,4338482,441609,1781058,1352330,1739765,2957709,1601964,9307146,1149887,86507,469799,343744,220875
CA,CA4,201905,COM,49,28.93877551,0.408163265,1.184795918,$334.37 ,$0.00 ,$20.98 ,$191.75 ,$121.64 ,$0.00 ,0,0,0,1,6,2,0,0,13262234,4850.972611,4615697,4338482,441609,1781058,1352330,1739765,2957709,1601964,9307146,1149887,86507,469799,343744,220875
CA,CA5,201905,COM,19465,35.51256101,0.494323144,1.119063756,$503.80 ,$111.24 ,$119.76 ,$151.30 ,$121.50 ,$0.00 ,23,4,175,313,1772,1742,26,71,848112,1842.466511,287498,271226,25853,88185,78474,123435,199599,77382,459811,31090,10988,17892,11400,12601
CA,CA5,201905,COM,4,39.5,0.25,1.82225,$4.14 ,$0.00 ,$0.00 ,$0.00 ,$4.14 ,$0.00 ,0,0,0,0,0,0,0,0,848112,1842.466511,287498,271226,25853,88185,78474,123435,199599,77382,459811,31090,10988,17892,11400,12601
CA,CA6,201905,COM,16120,37.19739454,0.502295285,1.127295906,$520.68 ,$130.72 ,$173.61 ,$97.82 ,$118.53 ,$0.00 ,23,12,219,199,1378,1046,7,12,443738,2735.137621,156210,144962,13861,52042,46478,64775,99117,45552,244382,21169,6950,15410,8052,19863
CA,CA6,201905,COM,6,28.16666667,0.666666667,0.307833333,$81.84 ,$0.00 ,$67.34 ,$13.23 ,$1.28 ,$0.00 ,0,0,1,0,0,0,0,0,443738,2735.137621,156210,144962,13861,52042,46478,64775,99117,45552,244382,21169,6950,15410,8052,19863
CA,CA7,201905,COM,8996,33.05646954,0.460093375,0.966141063,$429.80 ,$119.94 ,$123.51 ,$114.15 ,$72.21 ,$0.00 ,7,0,97,148,805,632,6,35,883053,8132.256436,295756,267913,39056,139584,77216,92005,257750,84735,576023,15490,21557,24792,18281,31126
CA,CA7,201905,COM,6,30.83333333,0.5,4.015833333,$571.40 ,$0.00 ,$261.08 ,$249.86 ,$60.46 ,$0.00 ,0,0,0,0,1,1,0,0,883053,8132.256436,295756,267913,39056,139584,77216,92005,257750,84735,576023,15490,21557,24792,18281,31126
CA,CA8,201905,COM,2593,38.16313151,0.512919398,1.23373467,$822.13 ,$349.03 ,$205.04 ,$139.81 ,$128.25 ,$0.00 ,10,1,48,41,249,251,3,5,281455,3300.636162,121095,105317,6175,17123,20715,52758,50492,9045,86881,7329,9630,3482,4557,16435
CA,CA9,201905,COM,4138,37.23175447,0.499516675,1.197669406,$670.18 ,$158.85 ,$269.50 ,$149.50 ,$92.33 ,$0.00 ,4,1,43,96,475,394,2,6,433212,3281.719108,141155,126052,10475,78816,46650,55515,114125,75432,301974,14534,6567,17221,5984,17741
CA,CA9,201905,COM,5,41.4,0.4,1.2682,$179.35 ,$0.00 ,$44.51 ,$84.24 ,$50.59 ,$0.00 ,0,0,0,0,1,1,0,0,433212,3281.719108,141155,126052,10475,78816,46650,55515,114125,75432,301974,14534,6567,17221,5984,17741
CA,CA1,201906,COM,350358,35.82200778,0.522748161,0.95931725,$366.04 ,$66.48 ,$84.81 ,$118.09 ,$96.66 ,$0.00 ,435,101,2520,6183,16893,33128,280,569,3302833,4208.762531,1204884,1118980,106962,286008,279602,439595,726344,216965,1787453,255366,42081,75015,61486,89451
CA,CA1,201906,COM,16,39.8125,0.6875,1.0526875,$184.13 ,$0.00 ,$0.00 ,$14.19 ,$169.94 ,$0.00 ,0,0,0,0,0,0,0,0,3302833,4208.762531,1204884,1118980,106962,286008,279602,439595,726344,216965,1787453,255366,42081,75015,61486,89451
CA,CA10,201906,COM,3130,34.69265176,0.449840256,1.185699361,$618.94 ,$265.01 ,$142.11 ,$117.18 ,$94.65 ,$0.00 ,5,0,26,20,363,241,1,6,460477,4824.376542,147791,136106,18321,81345,44779,50391,143528,61208,326860,6561,10023,13317,8274,5426
CA,CA11,201906,COM,850,33.52705882,0.492941177,1.067297647,$366.05 ,$16.17 ,$117.73 ,$142.78 ,$89.38 ,$0.00 ,0,0,13,4,85,70,1,0,150075,1390.308446,45792,42735,4855,24270,10946,14567,40935,13829,101017,2919,1938,3483,2730,14912
CA,CA12,201906,COM,10633,33.91705069,0.496661337,1.051644127,$373.17 ,$74.46 ,$113.11 ,$98.61 ,$86.99 ,$0.00 ,7,2,100,193,984,788,15,33,978130,5958.095977,328577,304624,41276,147389,92035,114438,279979,108140,686675,23756,12508,28262,25805,16750
CA,CA12,201906,COM,1,62,1,4.565,$0.00 ,$0.00 ,$0.00 ,$0.00 ,$0.00 ,$0.00 ,0,0,0,0,0,0,0,0,978130,5958.095977,328577,304624,41276,147389,92035,114438,279979,108140,686675,23756,12508,28262,25805,16750
CA,CA13,201906,COM,1,56,0,1.395,$170.83 ,$0.00 ,$0.00 ,$146.03 ,$24.80 ,$0.00 ,0,0,0,0,1,0,0,0,342954,21389.49918,163854,119622,10594,41422,24903,67475,74845,21273,143965,5802,14241,5844,5879,17935
CA,CA13,201906,COM,2263,37.07158639,0.482545294,1.114412285,$497.97 ,$90.22 ,$195.06 ,$142.91 ,$69.77 ,$0.00 ,3,0,36,22,223,176,1,12,342954,21389.49918,163854,119622,10594,41422,24903,67475,74845,21273,143965,5802,14241,5844,5879,17935
CA,CA14,201906,COM,6,30.83333333,0.333333333,0.622666667,$0.59 ,$0.00 ,$0.00 ,$0.00 ,$0.59 ,$0.00 ,0,0,0,0,0,0,0,0,2255381,3124.860076,789873,749021,60919,189668,113096,295103,502048,188257,1461149,154299,25948,59669,38303,48904
CA,CA14,201906,COM,128259,36.11490812,0.521039459,0.990154056,$491.12 ,$90.85 ,$169.19 ,$149.41 ,$81.68 ,$0.00 ,106,29,1076,1373,7796,10658,144,412,2255381,3124.860076,789873,749021,60919,189668,113096,295103,502048,188257,1461149,154299,25948,59669,38303,48904
CA,CA15,201906,COM,1659,33.98372514,0.491862568,0.932341169,$387.32 ,$105.77 ,$139.46 ,$90.31 ,$51.78 ,$0.00 ,3,0,24,16,163,108,0,2,269075,1935.645521,84795,79606,14912,48433,23145,29320,80062,34066,193067,3236,5216,7611,5801,5926
CA,CA16,201906,COM,15,43,0.333333333,1.3182,"$1,374.80 ",$0.00 ,"$1,079.28 ",$9.27 ,$286.25 ,$0.00 ,0,0,0,0,1,0,0,0,4673221,2470.336258,1796567,1692047,128698,373438,232541,689629,936866,360315,2804353,396804,19220,110888,205390,80356
CA,CA16,201906,COM,141605,34.10284948,0.50476325,0.959182776,$501.48 ,$94.76 ,$155.37 ,$155.85 ,$95.50 ,$0.00 ,116,35,1068,1694,9427,9954,219,482,4673221,2470.336258,1796567,1692047,128698,373438,232541,689629,936866,360315,2804353,396804,19220,110888,205390,80356
CA,CA17,201906,COM,4452,34.09209344,0.488993711,0.965075696,$613.30 ,$188.20 ,$238.90 ,$108.31 ,$77.88 ,$0.00 ,5,0,44,53,338,197,3,4,539301,1496.015066,181213,172682,26130,73664,35012,67770,146907,48530,309505,12059,7723,11489,11100,5269
CA,CA18,201906,COM,9277,33.6963458,0.49735906,0.951912472,$410.52 ,$105.03 ,$121.15 ,$114.99 ,$69.35 ,$0.00 ,6,1,96,134,618,550,13,41,732212,1392.385418,241055,226727,28989,96905,53972,89461,201506,62038,494325,20238,8143,16525,14450,15994
CA,CA19,201906,COM,9,30.11111111,0.222222222,1.497,$266.19 ,$0.00 ,$59.36 ,$116.21 ,$90.63 ,$0.00 ,0,0,0,0,2,1,0,0,2291738,5095.099057,896341,819372,75758,168734,134416,335498,532415,114749,1083594,101802,25772,34828,51388,38576
CA,CA19,201906,COM,29926,34.73902292,0.505346521,0.874208047,$426.95 ,$79.94 ,$145.37 ,$134.29 ,$67.35 ,$0.00 ,36,2,246,408,2012,1429,26,92,2291738,5095.099057,896341,819372,75758,168734,134416,335498,532415,114749,1083594,101802,25772,34828,51388,38576
CA,CA2,201906,COM,9769,43.97277101,0.46279046,0.893525335,$175.72 ,$51.40 ,$50.48 ,$50.61 ,$23.23 ,$0.00 ,4,2,86,28,78,718,2,11,180216,4176.578436,57468,44057,10782,33928,15883,22446,51676,34263,160443,3448,6076,4616,3242,9708
CA,CA20,201906,COM,4384,37.84306569,0.506843066,1.120995894,$722.89 ,$128.67 ,$374.32 ,$133.50 ,$86.39 ,$0.00 ,8,0,52,68,341,249,2,8,438530,821.7515515,156896,149067,15346,36031,23696,64390,98813,20223,269660,13520,4468,7695,7541,10444
CA,CA21,201906,COM,6377,38.13627097,0.504469186,0.931067273,$417.96 ,$82.61 ,$153.75 ,$114.86 ,$66.74 ,$0.00 ,3,0,52,30,374,334,4,20,641847,2324.181643,263188,238371,17271,57501,43401,116457,130712,38050,249451,23427,13544,12933,11677,12597
CA,CA21,201906,COM,1,34,0,0.148,$0.00 ,$0.00 ,$0.00 ,$0.00 ,$0.00 ,$0.00 ,0,0,0,0,0,0,0,0,641847,2324.181643,263188,238371,17271,57501,43401,116457,130712,38050,249451,23427,13544,12933,11677,12597
CA,CA22,201906,COM,1191,34.44248531,0.481947943,1.216071369,$397.81 ,$41.75 ,$126.27 ,$160.44 ,$69.36 ,$0.00 ,0,0,15,27,121,78,0,3,171365,1234.545845,62685,58539,6792,22175,14964,23303,45990,13426,84511,4555,4913,3992,3786,2411
CA,CA23,201906,COM,4,41.25,0.5,0.46575,$0.00 ,$0.00 ,$0.00 ,$0.00 ,$0.00 ,$0.00 ,0,0,0,0,0,0,0,0,151906,9005.172163,84579,59685,4117,9269,9764,35175,25619,1701,28770,2723,7154,1011,2769,11716
CA,CA23,201906,COM,1129,37.58104517,0.501328609,1.151854739,$373.82 ,$46.55 ,$132.96 ,$122.31 ,$72.00 ,$0.00 ,3,0,17,10,112,74,1,0,151906,9005.172163,84579,59685,4117,9269,9764,35175,25619,1701,28770,2723,7154,1011,2769,11716
CA,CA24,201906,COM,2883,36.19354839,0.52306625,1.157037461,$477.15 ,$98.16 ,$195.36 ,$121.06 ,$62.57 ,$0.00 ,2,1,42,15,348,242,3,9,428006,8864.022501,193696,163983,16804,39396,35478,79271,91192,17615,138500,10651,26639,6204,11021,9809
CA,CA25,201906,COM,5484,36.45131291,0.497811816,1.139933625,$454.34 ,$52.50 ,$203.77 ,$114.00 ,$84.06 ,$0.00 ,4,3,56,40,554,382,2,17,470990,24672.40534,218386,187277,15591,36021,38019,90963,98766,8104,114440,8163,28551,6986,13481,12724
CA,CA25,201906,COM,1,35,0,0.134,$0.00 ,$0.00 ,$0.00 ,$0.00 ,$0.00 ,$0.00 ,0,0,0,0,0,0,0,0,470990,24672.40534,218386,187277,15591,36021,38019,90963,98766,8104,114440,8163,28551,6986,13481,12724
CA,CA3,201906,COM,103159,35.88727111,0.498463537,0.880357894,$343.87 ,$107.76 ,$85.40 ,$65.53 ,$85.18 ,$0.00 ,118,24,925,1478,4855,5386,46,140,4518699,27266.44488,1549773,1348982,180356,553160,432652,561952,1186660,340581,3038969,129608,113905,106066,62893,91930
CA,CA3,201906,COM,9,41.22222222,0.333333333,0.887444444,$137.33 ,$0.00 ,$0.00 ,$75.79 ,$61.54 ,$0.00 ,0,0,0,0,0,1,0,0,4518699,27266.44488,1549773,1348982,180356,553160,432652,561952,1186660,340581,3038969,129608,113905,106066,62893,91930
CA,CA4,201906,COM,401930,35.50996193,0.501039982,0.926563479,$338.99 ,$60.68 ,$83.73 ,$92.35 ,$102.23 ,$0.00 ,358,77,3245,5035,24248,24690,351,893,13262234,4850.972611,4615697,4338482,441609,1781058,1352330,1739765,2957709,1601964,9307146,1149887,86507,469799,343744,220875
CA,CA4,201906,COM,49,29,0.408163265,1.184795918,$211.55 ,$0.00 ,$5.27 ,$61.71 ,$144.56 ,$0.00 ,0,0,1,0,6,4,0,0,13262234,4850.972611,4615697,4338482,441609,1781058,1352330,1739765,2957709,1601964,9307146,1149887,86507,469799,343744,220875
CA,CA5,201906,COM,19466,35.57032775,0.49429775,1.11914343,$469.70 ,$106.33 ,$103.71 ,$149.71 ,$109.95 ,$0.00 ,21,9,190,309,1641,1648,14,76,848112,1842.466511,287498,271226,25853,88185,78474,123435,199599,77382,459811,31090,10988,17892,11400,12601
CA,CA5,201906,COM,4,39.75,0.25,1.82225,$359.80 ,$0.00 ,$0.00 ,$309.12 ,$50.68 ,$0.00 ,0,0,0,0,1,0,0,0,848112,1842.466511,287498,271226,25853,88185,78474,123435,199599,77382,459811,31090,10988,17892,11400,12601
CA,CA6,201906,COM,16116,37.25372301,0.502295855,1.127205324,$491.75 ,$155.37 ,$132.13 ,$93.37 ,$110.87 ,$0.00 ,13,4,190,178,1160,957,5,10,443738,2735.137621,156210,144962,13861,52042,46478,64775,99117,45552,244382,21169,6950,15410,8052,19863
CA,CA6,201906,COM,6,28.16666667,0.666666667,0.307833333,$36.52 ,$0.00 ,$0.00 ,$36.33 ,$0.19 ,$0.00 ,0,0,0,0,1,0,0,0,443738,2735.137621,156210,144962,13861,52042,46478,64775,99117,45552,244382,21169,6950,15410,8052,19863
CA,CA7,201906,COM,8997,33.11325998,0.460042236,0.966330555,$381.50 ,$74.70 ,$118.73 ,$116.13 ,$71.94 ,$0.00 ,10,0,101,134,722,549,5,34,883053,8132.256436,295756,267913,39056,139584,77216,92005,257750,84735,576023,15490,21557,24792,18281,31126
CA,CA7,201906,COM,6,31.16666667,0.5,4.015833333,$484.52 ,$0.00 ,$74.18 ,$315.73 ,$94.61 ,$0.00 ,0,0,0,0,0,2,0,0,883053,8132.256436,295756,267913,39056,139584,77216,92005,257750,84735,576023,15490,21557,24792,18281,31126
CA,CA8,201906,COM,2593,38.22059391,0.512919398,1.23373467,$590.27 ,$102.03 ,$228.99 ,$137.82 ,$121.43 ,$0.00 ,3,3,44,37,210,224,4,5,281455,3300.636162,121095,105317,6175,17123,20715,52758,50492,9045,86881,7329,9630,3482,4557,16435
CA,CA9,201906,COM,4138,37.2858869,0.499275012,1.197511117,$586.81 ,$118.38 ,$230.92 ,$146.89 ,$90.61 ,$0.00 ,5,2,37,74,384,317,1,4,433212,3281.719108,141155,126052,10475,78816,46650,55515,114125,75432,301974,14534,6567,17221,5984,17741
CA,CA9,201906,COM,5,41.6,0.4,1.2682,"$1,031.99 ",$0.00 ,$791.44 ,$168.17 ,$72.38 ,$0.00 ,0,0,1,0,1,1,0,0,433212,3281.719108,141155,126052,10475,78816,46650,55515,114125,75432,301974,14534,6567,17221,5984,17741
CA,CA1,201907,COM,16,39.9375,0.6875,1.0526875,$460.95 ,$0.00 ,$52.33 ,$117.26 ,$291.36 ,$0.00 ,0,0,0,0,2,0,0,0,3302833,4208.762531,1204884,1118980,106962,286008,279602,439595,726344,216965,1787453,255366,42081,75015,61486,89451
CA,CA1,201907,COM,350334,36.000451,0.522726884,0.959212908,$405.56 ,$76.82 ,$94.50 ,$129.17 ,$105.08 ,$0.00 ,519,89,2751,6385,17361,34918,293,618,3302833,4208.762531,1204884,1118980,106962,286008,279602,439595,726344,216965,1787453,255366,42081,75015,61486,89451
CA,CA10,201907,COM,3130,35.17795527,0.449840256,1.185699361,$532.08 ,$164.28 ,$150.10 ,$124.83 ,$92.88 ,$0.00 ,3,1,29,29,338,282,1,5,460477,4824.376542,147791,136106,18321,81345,44779,50391,143528,61208,326860,6561,10023,13317,8274,5426
CA,CA11,201907,COM,850,33.96117647,0.492941177,1.067297647,$346.74 ,$25.80 ,$116.69 ,$132.98 ,$71.27 ,$0.00 ,0,0,14,7,104,79,0,1,150075,1390.308446,45792,42735,4855,24270,10946,14567,40935,13829,101017,2919,1938,3483,2730,14912
CA,CA12,201907,COM,1,62,1,4.565,"$2,087.87 ",$0.00 ,$0.00 ,$239.00 ,"$1,848.87 ",$0.00 ,0,0,0,0,0,1,0,0,978130,5958.095977,328577,304624,41276,147389,92035,114438,279979,108140,686675,23756,12508,28262,25805,16750
CA,CA12,201907,COM,10631,34.3696736,0.496754774,1.051816762,$449.74 ,$125.47 ,$117.87 ,$110.78 ,$95.62 ,$0.00 ,20,0,94,178,1009,870,12,32,978130,5958.095977,328577,304624,41276,147389,92035,114438,279979,108140,686675,23756,12508,28262,25805,16750
CA,CA13,201907,COM,1,57,0,1.395,$0.00 ,$0.00 ,$0.00 ,$0.00 ,$0.00 ,$0.00 ,0,0,0,0,0,0,0,0,342954,21389.49918,163854,119622,10594,41422,24903,67475,74845,21273,143965,5802,14241,5844,5879,17935
CA,CA13,201907,COM,2262,37.4204244,0.482758621,1.114847922,$439.21 ,$58.60 ,$178.93 ,$102.89 ,$98.79 ,$0.00 ,1,0,28,16,237,177,1,13,342954,21389.49918,163854,119622,10594,41422,24903,67475,74845,21273,143965,5802,14241,5844,5879,17935
CA,CA14,201907,COM,6,30.83333333,0.333333333,0.622666667,$425.22 ,$0.00 ,$180.32 ,$240.63 ,$4.28 ,$0.00 ,0,0,0,0,0,1,0,0,2255381,3124.860076,789873,749021,60919,189668,113096,295103,502048,188257,1461149,154299,25948,59669,38303,48904
CA,CA14,201907,COM,128264,36.507851,0.521019148,0.990173268,$532.56 ,$108.36 ,$168.27 ,$165.38 ,$90.55 ,$0.00 ,106,38,1184,1342,8146,12792,157,438,2255381,3124.860076,789873,749021,60919,189668,113096,295103,502048,188257,1461149,154299,25948,59669,38303,48904
CA,CA15,201907,COM,1661,34.4256472,0.491872366,0.933207706,$380.50 ,$26.12 ,$176.86 ,$106.72 ,$70.80 ,$0.00 ,0,0,24,26,143,130,3,2,269075,1935.645521,84795,79606,14912,48433,23145,29320,80062,34066,193067,3236,5216,7611,5801,5926
CA,CA16,201907,COM,141588,34.57539481,0.504781479,0.959241723,$553.45 ,$103.80 ,$174.43 ,$169.65 ,$105.56 ,$0.00 ,90,54,1148,1660,9906,10641,198,472,4673221,2470.336258,1796567,1692047,128698,373438,232541,689629,936866,360315,2804353,396804,19220,110888,205390,80356
CA,CA16,201907,COM,15,43,0.333333333,1.3182,"$1,143.41 ",$0.00 ,$518.07 ,$405.67 ,$219.67 ,$0.00 ,0,0,0,0,0,2,0,0,4673221,2470.336258,1796567,1692047,128698,373438,232541,689629,936866,360315,2804353,396804,19220,110888,205390,80356
CA,CA17,201907,COM,4450,34.54337079,0.488988764,0.965195281,$500.31 ,$145.72 ,$151.42 ,$132.55 ,$70.62 ,$0.00 ,8,0,48,45,350,241,2,6,539301,1496.015066,181213,172682,26130,73664,35012,67770,146907,48530,309505,12059,7723,11489,11100,5269
CA,CA18,201907,COM,9274,34.11321975,0.49741212,0.952133707,$510.76 ,$125.33 ,$173.13 ,$134.48 ,$77.82 ,$0.00 ,10,0,99,115,601,575,10,37,732212,1392.385418,241055,226727,28989,96905,53972,89461,201506,62038,494325,20238,8143,16525,14450,15994
CA,CA19,201907,COM,29926,35.05085879,0.505413353,0.874421907,$443.93 ,$81.12 ,$139.45 ,$145.61 ,$77.76 ,$0.00 ,25,5,261,407,2069,1582,22,93,2291738,5095.099057,896341,819372,75758,168734,134416,335498,532415,114749,1083594,101802,25772,34828,51388,38576
CA,CA19,201907,COM,9,30.33333333,0.222222222,1.497,$64.51 ,$0.00 ,$24.31 ,$12.68 ,$27.52 ,$0.00 ,0,0,0,0,0,1,0,0,2291738,5095.099057,896341,819372,75758,168734,134416,335498,532415,114749,1083594,101802,25772,34828,51388,38576
CA,CA2,201907,COM,9773,44.07142126,0.462805689,0.893654149,$206.93 ,$74.00 ,$57.52 ,$48.39 ,$27.02 ,$0.00 ,4,3,82,28,81,753,1,6,180216,4176.578436,57468,44057,10782,33928,15883,22446,51676,34263,160443,3448,6076,4616,3242,9708
CA,CA20,201907,COM,4385,38.1963512,0.50672748,1.120810946,$493.30 ,$100.75 ,$156.54 ,$155.66 ,$80.34 ,$0.00 ,4,0,35,56,338,257,4,7,438530,821.7515515,156896,149067,15346,36031,23696,64390,98813,20223,269660,13520,4468,7695,7541,10444
CA,CA21,201907,COM,1,34,0,0.148,$0.00 ,$0.00 ,$0.00 ,$0.00 ,$0.00 ,$0.00 ,0,0,0,0,0,0,0,0,641847,2324.181643,263188,238371,17271,57501,43401,116457,130712,38050,249451,23427,13544,12933,11677,12597
CA,CA21,201907,COM,6372,38.45558694,0.504551161,0.931369586,$475.95 ,$123.53 ,$155.33 ,$123.03 ,$74.06 ,$0.00 ,7,0,50,56,400,373,6,20,641847,2324.181643,263188,238371,17271,57501,43401,116457,130712,38050,249451,23427,13544,12933,11677,12597
CA,CA22,201907,COM,1191,34.78337532,0.481947943,1.216071369,$490.70 ,$56.91 ,$179.89 ,$177.95 ,$75.94 ,$0.00 ,1,0,17,38,117,81,0,3,171365,1234.545845,62685,58539,6792,22175,14964,23303,45990,13426,84511,4555,4913,3992,3786,2411
CA,CA23,201907,COM,1129,37.67316209,0.501328609,1.151854739,$598.47 ,$225.15 ,$163.90 ,$130.37 ,$79.05 ,$0.00 ,2,1,22,9,111,82,1,0,151906,9005.172163,84579,59685,4117,9269,9764,35175,25619,1701,28770,2723,7154,1011,2769,11716
CA,CA23,201907,COM,4,41.5,0.5,0.46575,$0.00 ,$0.00 ,$0.00 ,$0.00 ,$0.00 ,$0.00 ,0,0,0,0,0,0,0,0,151906,9005.172163,84579,59685,4117,9269,9764,35175,25619,1701,28770,2723,7154,1011,2769,11716
CA,CA24,201907,COM,2885,36.39861352,0.52305026,1.157768111,$637.29 ,$160.09 ,$267.21 ,$143.47 ,$66.52 ,$0.00 ,2,5,39,21,340,268,2,11,428006,8864.022501,193696,163983,16804,39396,35478,79271,91192,17615,138500,10651,26639,6204,11021,9809
CA,CA25,201907,COM,5484,36.78555799,0.497811816,1.139723742,$518.17 ,$98.52 ,$204.18 ,$128.00 ,$87.48 ,$0.00 ,4,0,69,19,569,405,3,16,470990,24672.40534,218386,187277,15591,36021,38019,90963,98766,8104,114440,8163,28551,6986,13481,12724
CA,CA25,201907,COM,1,35,0,0.134,$0.00 ,$0.00 ,$0.00 ,$0.00 ,$0.00 ,$0.00 ,0,0,0,0,0,0,0,0,470990,24672.40534,218386,187277,15591,36021,38019,90963,98766,8104,114440,8163,28551,6986,13481,12724
CA,CA3,201907,COM,103160,36.29560876,0.498429624,0.880426784,$333.61 ,$85.57 ,$81.69 ,$71.14 ,$95.22 ,$0.00 ,112,13,1002,1397,5054,5513,31,131,4518699,27266.44488,1549773,1348982,180356,553160,432652,561952,1186660,340581,3038969,129608,113905,106066,62893,91930
CA,CA3,201907,COM,9,41.22222222,0.333333333,0.887444444,$213.63 ,$0.00 ,$52.13 ,$79.59 ,$81.91 ,$0.00 ,0,0,0,1,0,1,0,0,4518699,27266.44488,1549773,1348982,180356,553160,432652,561952,1186660,340581,3038969,129608,113905,106066,62893,91930
CA,CA4,201907,COM,401907,35.91849607,0.501043774,0.926638232,$369.88 ,$68.38 ,$93.14 ,$99.17 ,$109.18 ,$0.00 ,415,77,3589,5245,25449,26074,381,882,13262234,4850.972611,4615697,4338482,441609,1781058,1352330,1739765,2957709,1601964,9307146,1149887,86507,469799,343744,220875
CA,CA4,201907,COM,49,29.06122449,0.408163265,1.184795918,$333.21 ,$0.00 ,$43.09 ,$185.32 ,$104.81 ,$0.00 ,0,0,0,0,6,1,0,0,13262234,4850.972611,4615697,4338482,441609,1781058,1352330,1739765,2957709,1601964,9307146,1149887,86507,469799,343744,220875
CA,CA5,201907,COM,19465,35.95720524,0.49427177,1.119136553,$488.45 ,$106.16 ,$104.45 ,$162.03 ,$115.82 ,$0.00 ,31,3,176,351,1683,1740,22,79,848112,1842.466511,287498,271226,25853,88185,78474,123435,199599,77382,459811,31090,10988,17892,11400,12601
CA,CA5,201907,COM,4,40,0.25,1.82225,$793.22 ,$0.00 ,$695.37 ,$38.34 ,$59.51 ,$0.00 ,0,0,1,0,1,0,0,0,848112,1842.466511,287498,271226,25853,88185,78474,123435,199599,77382,459811,31090,10988,17892,11400,12601
CA,CA6,201907,COM,16119,37.55710652,0.502326447,1.127367703,$598.19 ,$217.72 ,$159.16 ,$108.59 ,$112.72 ,$0.00 ,23,11,216,181,1176,1057,3,13,443738,2735.137621,156210,144962,13861,52042,46478,64775,99117,45552,244382,21169,6950,15410,8052,19863
CA,CA6,201907,COM,6,28.33333333,0.666666667,0.307833333,$129.75 ,$0.00 ,$0.00 ,$108.38 ,$21.38 ,$0.00 ,0,0,0,0,0,0,0,0,443738,2735.137621,156210,144962,13861,52042,46478,64775,99117,45552,244382,21169,6950,15410,8052,19863
CA,CA7,201907,COM,8994,33.46342006,0.460195686,0.966373916,$397.77 ,$79.47 ,$130.78 ,$110.05 ,$77.48 ,$0.00 ,8,3,112,137,734,578,8,35,883053,8132.256436,295756,267913,39056,139584,77216,92005,257750,84735,576023,15490,21557,24792,18281,31126
CA,CA7,201907,COM,6,31.33333333,0.5,4.015833333,$421.42 ,$0.00 ,$0.00 ,$324.82 ,$96.60 ,$0.00 ,0,0,0,0,3,1,0,0,883053,8132.256436,295756,267913,39056,139584,77216,92005,257750,84735,576023,15490,21557,24792,18281,31126
CA,CA8,201907,COM,2595,38.60693642,0.512909441,1.233330636,$466.20 ,$24.94 ,$172.13 ,$133.59 ,$135.54 ,$0.00 ,2,1,29,42,208,216,1,4,281455,3300.636162,121095,105317,6175,17123,20715,52758,50492,9045,86881,7329,9630,3482,4557,16435
CA,CA9,201907,COM,4138,37.67448043,0.499275012,1.197511117,$735.84 ,$244.87 ,$240.20 ,$152.68 ,$98.10 ,$0.00 ,5,0,54,74,449,368,4,5,433212,3281.719108,141155,126052,10475,78816,46650,55515,114125,75432,301974,14534,6567,17221,5984,17741
CA,CA9,201907,COM,5,41.6,0.4,1.2682,$260.83 ,$0.00 ,$109.68 ,$120.89 ,$30.25 ,$0.00 ,0,0,0,0,2,0,0,0,433212,3281.719108,141155,126052,10475,78816,46650,55515,114125,75432,301974,14534,6567,17221,5984,17741
CA,CA1,201908,COM,350350,36.07498787,0.522720137,0.959125848,$399.21 ,$76.36 ,$94.03 ,$131.58 ,$97.24 ,$0.00 ,474,89,2730,6302,17666,35271,322,597,3302833,4208.762531,1204884,1118980,106962,286008,279602,439595,726344,216965,1787453,255366,42081,75015,61486,89451
CA,CA1,201908,COM,16,40,0.6875,1.0526875,$538.18 ,$0.00 ,$64.74 ,$222.38 ,$251.05 ,$0.00 ,0,0,1,1,2,2,0,0,3302833,4208.762531,1204884,1118980,106962,286008,279602,439595,726344,216965,1787453,255366,42081,75015,61486,89451
CA,CA10,201908,COM,3129,35.23362097,0.449984021,1.18600799,$468.01 ,$114.08 ,$119.49 ,$120.74 ,$113.70 ,$0.00 ,5,2,31,27,363,278,1,5,460477,4824.376542,147791,136106,18321,81345,44779,50391,143528,61208,326860,6561,10023,13317,8274,5426
CA,CA11,201908,COM,850,34.01882353,0.492941177,1.067297647,$390.15 ,$65.16 ,$104.22 ,$151.82 ,$68.95 ,$0.00 ,0,0,12,4,100,78,2,1,150075,1390.308446,45792,42735,4855,24270,10946,14567,40935,13829,101017,2919,1938,3483,2730,14912
CA,CA12,201908,COM,1,62,1,4.565,$73.76 ,$0.00 ,$0.00 ,$73.76 ,$0.00 ,$0.00 ,0,0,0,0,0,1,0,0,978130,5958.095977,328577,304624,41276,147389,92035,114438,279979,108140,686675,23756,12508,28262,25805,16750
CA,CA12,201908,COM,10629,34.42440493,0.496754163,1.051604102,$384.17 ,$67.93 ,$108.43 ,$115.77 ,$92.04 ,$0.00 ,11,0,104,160,1002,880,15,28,978130,5958.095977,328577,304624,41276,147389,92035,114438,279979,108140,686675,23756,12508,28262,25805,16750
CA,CA13,201908,COM,1,57,0,1.395,$77.74 ,$0.00 ,$0.00 ,$73.76 ,$3.98 ,$0.00 ,0,0,0,0,1,0,0,0,342954,21389.49918,163854,119622,10594,41422,24903,67475,74845,21273,143965,5802,14241,5844,5879,17935
CA,CA13,201908,COM,2262,37.47656941,0.482758621,1.114847922,$422.62 ,$88.12 ,$133.93 ,$111.71 ,$88.86 ,$0.00 ,2,0,30,20,239,169,2,14,342954,21389.49918,163854,119622,10594,41422,24903,67475,74845,21273,143965,5802,14241,5844,5879,17935
CA,CA14,201908,COM,128265,36.56245274,0.520999493,0.990116478,$543.44 ,$101.81 ,$179.98 ,$174.24 ,$87.42 ,$0.00 ,114,48,1126,1297,8135,12792,170,387,2255381,3124.860076,789873,749021,60919,189668,113096,295103,502048,188257,1461149,154299,25948,59669,38303,48904
CA,CA14,201908,COM,6,30.83333333,0.333333333,0.622666667,$323.22 ,$0.00 ,$150.23 ,$131.16 ,$41.83 ,$0.00 ,0,0,0,0,1,1,0,0,2255381,3124.860076,789873,749021,60919,189668,113096,295103,502048,188257,1461149,154299,25948,59669,38303,48904
CA,CA15,201908,COM,1662,34.48796631,0.492178099,0.932865824,$467.58 ,$28.24 ,$257.58 ,$116.33 ,$65.41 ,$0.00 ,1,1,20,28,147,132,0,2,269075,1935.645521,84795,79606,14912,48433,23145,29320,80062,34066,193067,3236,5216,7611,5801,5926
CA,CA16,201908,COM,141599,34.62355666,0.504763452,0.959319127,$525.69 ,$74.21 ,$175.05 ,$169.42 ,$107.00 ,$0.00 ,74,43,1094,1652,9615,11017,201,412,4673221,2470.336258,1796567,1692047,128698,373438,232541,689629,936866,360315,2804353,396804,19220,110888,205390,80356
CA,CA16,201908,COM,15,43.13333333,0.333333333,1.3182,"$1,372.99 ",$0.00 ,"$1,029.31 ",$148.51 ,$195.17 ,$0.00 ,0,0,0,0,2,2,0,0,4673221,2470.336258,1796567,1692047,128698,373438,232541,689629,936866,360315,2804353,396804,19220,110888,205390,80356
CA,CA17,201908,COM,4450,34.59303371,0.488988764,0.965195281,$524.16 ,$139.19 ,$157.39 ,$143.20 ,$84.38 ,$0.00 ,6,0,42,44,349,252,2,5,539301,1496.015066,181213,172682,26130,73664,35012,67770,146907,48530,309505,12059,7723,11489,11100,5269
CA,CA18,201908,COM,9279,34.16887596,0.497251859,0.95178058,$537.45 ,$143.98 ,$163.39 ,$148.37 ,$81.71 ,$0.00 ,13,0,95,111,692,601,7,37,732212,1392.385418,241055,226727,28989,96905,53972,89461,201506,62038,494325,20238,8143,16525,14450,15994
CA,CA19,201908,COM,29928,35.11507618,0.505379578,0.874101477,$450.99 ,$82.05 ,$148.78 ,$143.34 ,$76.82 ,$0.00 ,28,3,227,367,1974,1641,20,99,2291738,5095.099057,896341,819372,75758,168734,134416,335498,532415,114749,1083594,101802,25772,34828,51388,38576
CA,CA19,201908,COM,9,30.33333333,0.222222222,1.497,$344.64 ,$0.00 ,$221.75 ,$91.86 ,$31.03 ,$0.00 ,0,0,0,0,1,1,0,0,2291738,5095.099057,896341,819372,75758,168734,134416,335498,532415,114749,1083594,101802,25772,34828,51388,38576
CA,CA2,201908,COM,9767,44.14866387,0.462578069,0.89350384,$213.45 ,$43.36 ,$77.35 ,$64.89 ,$27.84 ,$0.00 ,8,2,83,32,95,801,1,11,180216,4176.578436,57468,44057,10782,33928,15883,22446,51676,34263,160443,3448,6076,4616,3242,9708
CA,CA20,201908,COM,4385,38.25199544,0.50672748,1.120517902,$824.04 ,$171.41 ,$392.78 ,$167.40 ,$92.45 ,$0.00 ,1,2,58,69,343,323,5,8,438530,821.7515515,156896,149067,15346,36031,23696,64390,98813,20223,269660,13520,4468,7695,7541,10444
CA,CA21,201908,COM,6371,38.5178151,0.504473395,0.931214409,$379.70 ,$60.78 ,$124.36 ,$126.55 ,$68.00 ,$0.00 ,2,0,57,27,416,425,7,20,641847,2324.181643,263188,238371,17271,57501,43401,116457,130712,38050,249451,23427,13544,12933,11677,12597
CA,CA21,201908,COM,1,35,0,0.148,$0.00 ,$0.00 ,$0.00 ,$0.00 ,$0.00 ,$0.00 ,0,0,0,0,0,0,0,0,641847,2324.181643,263188,238371,17271,57501,43401,116457,130712,38050,249451,23427,13544,12933,11677,12597
CA,CA22,201908,COM,1197,34.83709273,0.482038429,1.214283208,$637.99 ,$126.07 ,$183.16 ,$223.48 ,$105.28 ,$0.00 ,2,0,13,41,120,82,0,3,171365,1234.545845,62685,58539,6792,22175,14964,23303,45990,13426,84511,4555,4913,3992,3786,2411
CA,CA23,201908,COM,1129,37.76439327,0.501328609,1.151854739,$458.71 ,$99.88 ,$153.08 ,$139.37 ,$66.37 ,$0.00 ,2,0,22,13,104,92,1,0,151906,9005.172163,84579,59685,4117,9269,9764,35175,25619,1701,28770,2723,7154,1011,2769,11716
CA,CA23,201908,COM,4,41.5,0.5,0.46575,$12.52 ,$0.00 ,$0.00 ,$0.00 ,$12.52 ,$0.00 ,0,0,0,0,0,0,0,0,151906,9005.172163,84579,59685,4117,9269,9764,35175,25619,1701,28770,2723,7154,1011,2769,11716
CA,CA24,201908,COM,2881,36.49114891,0.522735161,1.15854495,$503.51 ,$51.57 ,$254.64 ,$126.41 ,$70.89 ,$0.00 ,2,4,44,11,358,258,3,9,428006,8864.022501,193696,163983,16804,39396,35478,79271,91192,17615,138500,10651,26639,6204,11021,9809
CA,CA25,201908,COM,1,36,0,0.134,$0.00 ,$0.00 ,$0.00 ,$0.00 ,$0.00 ,$0.00 ,0,0,0,0,0,0,0,0,470990,24672.40534,218386,187277,15591,36021,38019,90963,98766,8104,114440,8163,28551,6986,13481,12724
CA,CA25,201908,COM,5485,36.84758432,0.497903373,1.139776481,$510.75 ,$68.08 ,$230.04 ,$135.02 ,$77.61 ,$0.00 ,3,3,85,24,521,405,2,17,470990,24672.40534,218386,187277,15591,36021,38019,90963,98766,8104,114440,8163,28551,6986,13481,12724
CA,CA3,201908,COM,103179,36.35120519,0.498434759,0.880341387,$352.72 ,$97.14 ,$88.69 ,$72.31 ,$94.59 ,$0.00 ,113,29,1056,1359,5093,5685,53,142,4518699,27266.44488,1549773,1348982,180356,553160,432652,561952,1186660,340581,3038969,129608,113905,106066,62893,91930
CA,CA3,201908,COM,9,41.22222222,0.333333333,0.887444444,$136.66 ,$0.00 ,$0.00 ,$90.63 ,$46.03 ,$0.00 ,0,0,0,1,0,0,0,0,4518699,27266.44488,1549773,1348982,180356,553160,432652,561952,1186660,340581,3038969,129608,113905,106066,62893,91930
CA,CA4,201908,COM,401924,35.97377116,0.501039998,0.926583282,$389.27 ,$83.21 ,$93.26 ,$101.35 ,$111.45 ,$0.00 ,441,74,3376,5139,25126,26489,410,914,13262234,4850.972611,4615697,4338482,441609,1781058,1352330,1739765,2957709,1601964,9307146,1149887,86507,469799,343744,220875
CA,CA4,201908,COM,49,29.18367347,0.408163265,1.184795918,$291.18 ,$0.00 ,$20.51 ,$137.02 ,$133.66 ,$0.00 ,0,0,2,1,10,4,0,0,13262234,4850.972611,4615697,4338482,441609,1781058,1352330,1739765,2957709,1601964,9307146,1149887,86507,469799,343744,220875
CA,CA5,201908,COM,19466,36.01618206,0.49429775,1.11922809,$581.58 ,$124.61 ,$165.21 ,$165.88 ,$125.88 ,$0.00 ,32,8,192,312,1579,1794,23,77,848112,1842.466511,287498,271226,25853,88185,78474,123435,199599,77382,459811,31090,10988,17892,11400,12601
CA,CA5,201908,COM,4,40,0.25,1.82225,$50.32 ,$0.00 ,$0.00 ,$44.82 ,$5.50 ,$0.00 ,0,0,0,0,0,0,0,0,848112,1842.466511,287498,271226,25853,88185,78474,123435,199599,77382,459811,31090,10988,17892,11400,12601
CA,CA6,201908,COM,16113,37.62396822,0.50220319,1.1276779,$463.17 ,$104.96 ,$150.33 ,$90.60 ,$117.27 ,$0.00 ,18,6,212,191,1138,1001,16,9,443738,2735.137621,156210,144962,13861,52042,46478,64775,99117,45552,244382,21169,6950,15410,8052,19863
CA,CA6,201908,COM,6,28.33333333,0.666666667,0.307833333,$0.00 ,$0.00 ,$0.00 ,$0.00 ,$0.00 ,$0.00 ,0,0,0,0,0,0,0,0,443738,2735.137621,156210,144962,13861,52042,46478,64775,99117,45552,244382,21169,6950,15410,8052,19863
CA,CA7,201908,COM,8992,33.52769128,0.460186833,0.966530472,$443.19 ,$110.24 ,$135.83 ,$120.65 ,$76.47 ,$0.00 ,11,3,94,108,752,582,8,36,883053,8132.256436,295756,267913,39056,139584,77216,92005,257750,84735,576023,15490,21557,24792,18281,31126
CA,CA7,201908,COM,6,31.33333333,0.5,4.015833333,$179.12 ,$0.00 ,$0.00 ,$88.91 ,$90.21 ,$0.00 ,0,0,0,0,0,0,0,0,883053,8132.256436,295756,267913,39056,139584,77216,92005,257750,84735,576023,15490,21557,24792,18281,31126
CA,CA8,201908,COM,2595,38.65587669,0.512909441,1.233330636,$707.25 ,$166.39 ,$252.91 ,$173.21 ,$114.74 ,$0.00 ,3,0,29,37,247,221,0,4,281455,3300.636162,121095,105317,6175,17123,20715,52758,50492,9045,86881,7329,9630,3482,4557,16435
CA,CA9,201908,COM,4138,37.72643789,0.499275012,1.197207105,$580.97 ,$139.51 ,$184.03 ,$166.73 ,$90.69 ,$0.00 ,6,1,39,68,427,401,2,6,433212,3281.719108,141155,126052,10475,78816,46650,55515,114125,75432,301974,14534,6567,17221,5984,17741
CA,CA9,201908,COM,5,41.6,0.4,1.2682,"$1,383.37 ",$0.00 ,"$1,180.90 ",$159.17 ,$43.30 ,$0.00 ,0,0,0,0,0,1,0,0,433212,3281.719108,141155,126052,10475,78816,46650,55515,114125,75432,301974,14534,6567,17221,5984,17741
CA,CA1,201909,COM,350305,36.15278686,0.522730192,0.959021844,$379.22 ,$76.15 ,$93.24 ,$123.09 ,$86.73 ,$0.00 ,475,87,2683,6337,17375,33646,298,588,3302833,4208.762531,1204884,1118980,106962,286008,279602,439595,726344,216965,1787453,255366,42081,75015,61486,89451
CA,CA1,201909,COM,16,40.1875,0.6875,1.0526875,$551.57 ,$0.00 ,$326.15 ,$133.10 ,$92.32 ,$0.00 ,0,0,0,0,0,1,0,0,3302833,4208.762531,1204884,1118980,106962,286008,279602,439595,726344,216965,1787453,255366,42081,75015,61486,89451
CA,CA10,201909,COM,3130,35.28338658,0.449840256,1.185699361,$531.09 ,$185.76 ,$132.34 ,$116.61 ,$96.38 ,$0.00 ,6,1,18,27,338,246,4,5,460477,4824.376542,147791,136106,18321,81345,44779,50391,143528,61208,326860,6561,10023,13317,8274,5426
CA,CA11,201909,COM,850,34.06705882,0.492941177,1.067297647,$469.86 ,$119.88 ,$108.97 ,$148.91 ,$92.10 ,$0.00 ,1,0,7,6,100,73,1,1,150075,1390.308446,45792,42735,4855,24270,10946,14567,40935,13829,101017,2919,1938,3483,2730,14912
CA,CA12,201909,COM,1,62,1,4.565,$0.00 ,$0.00 ,$0.00 ,$0.00 ,$0.00 ,$0.00 ,0,0,0,0,0,0,0,0,978130,5958.095977,328577,304624,41276,147389,92035,114438,279979,108140,686675,23756,12508,28262,25805,16750
CA,CA12,201909,COM,10634,34.47150649,0.49670867,1.051278164,$366.23 ,$78.68 ,$95.36 ,$111.30 ,$80.89 ,$0.00 ,12,2,97,172,983,843,7,27,978130,5958.095977,328577,304624,41276,147389,92035,114438,279979,108140,686675,23756,12508,28262,25805,16750
CA,CA13,201909,COM,1,57,0,1.395,$128.98 ,$0.00 ,$0.00 ,$0.00 ,$128.98 ,$0.00 ,0,0,0,0,0,0,0,0,342954,21389.49918,163854,119622,10594,41422,24903,67475,74845,21273,143965,5802,14241,5844,5879,17935
CA,CA13,201909,COM,2263,37.53424658,0.482545294,1.114412285,$346.65 ,$23.20 ,$150.52 ,$94.83 ,$78.10 ,$0.00 ,2,0,25,12,217,183,3,14,342954,21389.49918,163854,119622,10594,41422,24903,67475,74845,21273,143965,5802,14241,5844,5879,17935
CA,CA14,201909,COM,128258,36.61996133,0.520988944,0.989806117,$501.56 ,$80.60 ,$172.88 ,$164.55 ,$83.52 ,$0.00 ,109,49,1134,1373,8330,12333,154,387,2255381,3124.860076,789873,749021,60919,189668,113096,295103,502048,188257,1461149,154299,25948,59669,38303,48904
CA,CA14,201909,COM,6,31.16666667,0.333333333,0.622666667,$57.36 ,$0.00 ,$0.00 ,$45.03 ,$12.34 ,$0.00 ,0,0,0,0,0,0,0,0,2255381,3124.860076,789873,749021,60919,189668,113096,295103,502048,188257,1461149,154299,25948,59669,38303,48904
CA,CA15,201909,COM,1660,34.55843374,0.491566265,0.933574096,$317.10 ,$15.91 ,$131.86 ,$101.25 ,$68.08 ,$0.00 ,0,0,22,21,151,125,0,2,269075,1935.645521,84795,79606,14912,48433,23145,29320,80062,34066,193067,3236,5216,7611,5801,5926
CA,CA16,201909,COM,15,43.2,0.333333333,1.3182,"$1,067.22 ",$0.00 ,$551.73 ,$230.31 ,$285.18 ,$0.00 ,0,0,0,1,2,3,0,0,4673221,2470.336258,1796567,1692047,128698,373438,232541,689629,936866,360315,2804353,396804,19220,110888,205390,80356
CA,CA16,201909,COM,141613,34.67246651,0.504784165,0.959217713,$505.38 ,$70.21 ,$164.32 ,$165.70 ,$105.15 ,$0.00 ,83,28,1090,1664,9490,10519,202,402,4673221,2470.336258,1796567,1692047,128698,373438,232541,689629,936866,360315,2804353,396804,19220,110888,205390,80356
CA,CA17,201909,COM,4451,34.65670636,0.488878904,0.965262862,$994.42 ,$437.95 ,$340.25 ,$140.78 ,$75.44 ,$0.00 ,7,1,41,74,329,224,2,5,539301,1496.015066,181213,172682,26130,73664,35012,67770,146907,48530,309505,12059,7723,11489,11100,5269
CA,CA18,201909,COM,9279,34.22653303,0.497251859,0.95178058,$442.43 ,$73.47 ,$161.36 ,$133.48 ,$74.11 ,$0.00 ,8,5,97,117,666,555,5,37,732212,1392.385418,241055,226727,28989,96905,53972,89461,201506,62038,494325,20238,8143,16525,14450,15994
CA,CA19,201909,COM,9,30.66666667,0.222222222,1.497,$233.58 ,$0.00 ,$108.70 ,$53.66 ,$71.22 ,$0.00 ,0,0,0,0,0,1,0,0,2291738,5095.099057,896341,819372,75758,168734,134416,335498,532415,114749,1083594,101802,25772,34828,51388,38576
CA,CA19,201909,COM,29924,35.18105868,0.505313461,0.873917291,$429.60 ,$88.17 ,$134.27 ,$133.60 ,$73.56 ,$0.00 ,18,4,234,360,1915,1566,28,96,2291738,5095.099057,896341,819372,75758,168734,134416,335498,532415,114749,1083594,101802,25772,34828,51388,38576
CA,CA2,201909,COM,9770,44.22630502,0.462743091,0.892838792,$173.29 ,$24.72 ,$65.61 ,$51.83 ,$31.11 ,$0.00 ,10,3,83,29,77,787,4,14,180216,4176.578436,57468,44057,10782,33928,15883,22446,51676,34263,160443,3448,6076,4616,3242,9708
CA,CA20,201909,COM,4385,38.31037628,0.50672748,1.120517902,$541.33 ,$65.04 ,$224.75 ,$160.53 ,$91.00 ,$0.00 ,2,0,42,77,327,281,3,8,438530,821.7515515,156896,149067,15346,36031,23696,64390,98813,20223,269660,13520,4468,7695,7541,10444
CA,CA21,201909,COM,6372,38.58286252,0.504708098,0.93130791,$400.27 ,$84.30 ,$120.97 ,$122.40 ,$72.59 ,$0.00 ,8,1,42,42,371,417,4,24,641847,2324.181643,263188,238371,17271,57501,43401,116457,130712,38050,249451,23427,13544,12933,11677,12597
CA,CA21,201909,COM,1,35,0,0.148,$0.00 ,$0.00 ,$0.00 ,$0.00 ,$0.00 ,$0.00 ,0,0,0,0,0,0,0,0,641847,2324.181643,263188,238371,17271,57501,43401,116457,130712,38050,249451,23427,13544,12933,11677,12597
CA,CA22,201909,COM,1197,34.90977444,0.482038429,1.214283208,$623.76 ,$108.06 ,$203.26 ,$223.78 ,$88.65 ,$0.00 ,4,0,14,37,112,75,2,2,171365,1234.545845,62685,58539,6792,22175,14964,23303,45990,13426,84511,4555,4913,3992,3786,2411
CA,CA23,201909,COM,1128,37.85460993,0.500886525,1.152474291,$362.35 ,$34.09 ,$127.33 ,$134.83 ,$66.11 ,$0.00 ,1,0,15,6,112,86,2,0,151906,9005.172163,84579,59685,4117,9269,9764,35175,25619,1701,28770,2723,7154,1011,2769,11716
CA,CA23,201909,COM,4,41.5,0.5,0.46575,$0.00 ,$0.00 ,$0.00 ,$0.00 ,$0.00 ,$0.00 ,0,0,0,0,0,0,0,0,151906,9005.172163,84579,59685,4117,9269,9764,35175,25619,1701,28770,2723,7154,1011,2769,11716
CA,CA24,201909,COM,2886,36.55093555,0.522869023,1.157430007,$617.65 ,$180.82 ,$234.53 ,$127.18 ,$75.13 ,$0.00 ,4,2,36,11,325,253,3,10,428006,8864.022501,193696,163983,16804,39396,35478,79271,91192,17615,138500,10651,26639,6204,11021,9809
CA,CA25,201909,COM,5484,36.91046681,0.497811816,1.139843727,$715.43 ,$208.44 ,$277.04 ,$155.20 ,$74.75 ,$0.00 ,8,1,75,42,551,441,3,15,470990,24672.40534,218386,187277,15591,36021,38019,90963,98766,8104,114440,8163,28551,6986,13481,12724
CA,CA25,201909,COM,1,36,0,0.134,$0.00 ,$0.00 ,$0.00 ,$0.00 ,$0.00 ,$0.00 ,0,0,0,0,0,0,0,0,470990,24672.40534,218386,187277,15591,36021,38019,90963,98766,8104,114440,8163,28551,6986,13481,12724
CA,CA3,201909,COM,103177,36.407397,0.498405652,0.880277223,$332.83 ,$98.58 ,$75.98 ,$70.64 ,$87.62 ,$0.00 ,91,20,1023,1336,4922,5482,35,142,4518699,27266.44488,1549773,1348982,180356,553160,432652,561952,1186660,340581,3038969,129608,113905,106066,62893,91930
CA,CA3,201909,COM,9,41.44444444,0.333333333,0.887444444,$138.98 ,$0.00 ,$0.00 ,$68.84 ,$70.14 ,$0.00 ,0,0,0,0,1,0,0,0,4518699,27266.44488,1549773,1348982,180356,553160,432652,561952,1186660,340581,3038969,129608,113905,106066,62893,91930
CA,CA4,201909,COM,401954,36.02964021,0.501032457,0.926594994,$360.12 ,$71.24 ,$87.09 ,$94.84 ,$106.95 ,$0.00 ,407,65,3490,5322,25377,24845,332,875,13262234,4850.972611,4615697,4338482,441609,1781058,1352330,1739765,2957709,1601964,9307146,1149887,86507,469799,343744,220875
CA,CA4,201909,COM,49,29.28571429,0.408163265,1.184795918,$177.66 ,$0.00 ,$0.00 ,$50.97 ,$126.68 ,$0.00 ,0,0,0,0,5,2,0,0,13262234,4850.972611,4615697,4338482,441609,1781058,1352330,1739765,2957709,1601964,9307146,1149887,86507,469799,343744,220875
CA,CA5,201909,COM,19467,36.07150563,0.494272358,1.119029691,$491.07 ,$95.02 ,$123.82 ,$158.60 ,$113.63 ,$0.00 ,20,2,198,309,1558,1766,19,71,848112,1842.466511,287498,271226,25853,88185,78474,123435,199599,77382,459811,31090,10988,17892,11400,12601
CA,CA5,201909,COM,4,40,0.25,1.82225,$201.51 ,$0.00 ,$0.00 ,$127.24 ,$74.27 ,$0.00 ,0,0,0,0,0,1,0,0,848112,1842.466511,287498,271226,25853,88185,78474,123435,199599,77382,459811,31090,10988,17892,11400,12601
CA,CA6,201909,COM,16117,37.68598374,0.502202643,1.127379661,$470.52 ,$116.90 ,$148.60 ,$90.46 ,$114.55 ,$0.00 ,25,7,211,173,1136,1008,10,10,443738,2735.137621,156210,144962,13861,52042,46478,64775,99117,45552,244382,21169,6950,15410,8052,19863
CA,CA6,201909,COM,6,28.33333333,0.666666667,0.307833333,$460.65 ,$0.00 ,$342.40 ,$111.59 ,$6.67 ,$0.00 ,0,0,1,0,0,1,0,0,443738,2735.137621,156210,144962,13861,52042,46478,64775,99117,45552,244382,21169,6950,15410,8052,19863
CA,CA7,201909,COM,8994,33.58450078,0.460195686,0.966539582,$445.10 ,$109.49 ,$150.64 ,$114.23 ,$70.74 ,$0.00 ,11,1,112,133,716,545,8,33,883053,8132.256436,295756,267913,39056,139584,77216,92005,257750,84735,576023,15490,21557,24792,18281,31126
CA,CA7,201909,COM,6,31.5,0.5,4.015833333,$380.65 ,$0.00 ,$52.87 ,$168.88 ,$158.90 ,$0.00 ,0,0,0,0,0,0,0,0,883053,8132.256436,295756,267913,39056,139584,77216,92005,257750,84735,576023,15490,21557,24792,18281,31126
CA,CA8,201909,COM,2595,38.722158,0.512909441,1.233330636,$483.77 ,$54.70 ,$171.19 ,$141.74 ,$116.14 ,$0.00 ,2,2,32,32,219,199,1,5,281455,3300.636162,121095,105317,6175,17123,20715,52758,50492,9045,86881,7329,9630,3482,4557,16435
CA,CA9,201909,COM,4138,37.79144514,0.499275012,1.196706622,$682.08 ,$187.90 ,$248.28 ,$154.55 ,$91.36 ,$0.00 ,6,4,44,80,399,357,2,8,433212,3281.719108,141155,126052,10475,78816,46650,55515,114125,75432,301974,14534,6567,17221,5984,17741
CA,CA9,201909,COM,5,41.6,0.4,1.2682,$115.48 ,$0.00 ,$0.00 ,$28.45 ,$87.03 ,$0.00 ,0,0,0,0,0,1,0,0,433212,3281.719108,141155,126052,10475,78816,46650,55515,114125,75432,301974,14534,6567,17221,5984,17741
CA,CA1,201910,COM,350380,36.23106056,0.522735316,0.959273155,$450.04 ,$96.94 ,$103.98 ,$145.23 ,$103.88 ,$0.00 ,513,93,2811,6612,19149,37495,326,617,3302833,4208.762531,1204884,1118980,106962,286008,279602,439595,726344,216965,1787453,255366,42081,75015,61486,89451
CA,CA1,201910,COM,16,40.1875,0.6875,1.0526875,$464.70 ,$0.00 ,$285.75 ,$65.87 ,$113.07 ,$0.00 ,0,0,0,0,1,0,0,0,3302833,4208.762531,1204884,1118980,106962,286008,279602,439595,726344,216965,1787453,255366,42081,75015,61486,89451
CA,CA10,201910,COM,3129,35.3205497,0.449984021,1.185149569,$598.59 ,$238.36 ,$112.26 ,$131.89 ,$116.07 ,$0.00 ,5,0,32,36,377,297,3,5,460477,4824.376542,147791,136106,18321,81345,44779,50391,143528,61208,326860,6561,10023,13317,8274,5426
CA,CA11,201910,COM,850,34.11529412,0.492941177,1.067297647,$414.62 ,$79.25 ,$116.09 ,$141.05 ,$78.24 ,$0.00 ,2,0,10,6,108,71,1,1,150075,1390.308446,45792,42735,4855,24270,10946,14567,40935,13829,101017,2919,1938,3483,2730,14912
CA,CA12,201910,COM,10636,34.52369312,0.496709289,1.0514371,$415.49 ,$81.60 ,$115.61 ,$117.06 ,$101.22 ,$0.00 ,8,1,94,191,1046,916,8,28,978130,5958.095977,328577,304624,41276,147389,92035,114438,279979,108140,686675,23756,12508,28262,25805,16750
CA,CA12,201910,COM,1,62,1,4.565,$553.98 ,$0.00 ,$0.00 ,$416.94 ,$137.04 ,$0.00 ,0,0,0,0,0,1,0,0,978130,5958.095977,328577,304624,41276,147389,92035,114438,279979,108140,686675,23756,12508,28262,25805,16750
CA,CA13,201910,COM,1,57,0,1.395,$233.42 ,$0.00 ,$81.46 ,$73.76 ,$78.20 ,$0.00 ,0,0,0,0,1,0,0,0,342954,21389.49918,163854,119622,10594,41422,24903,67475,74845,21273,143965,5802,14241,5844,5879,17935
CA,CA13,201910,COM,2263,37.59522757,0.482545294,1.114412285,$449.47 ,$68.96 ,$193.53 ,$92.09 ,$94.89 ,$0.00 ,1,1,28,16,220,200,1,16,342954,21389.49918,163854,119622,10594,41422,24903,67475,74845,21273,143965,5802,14241,5844,5879,17935
CA,CA14,201910,COM,6,31.16666667,0.333333333,0.622666667,$109.06 ,$0.00 ,$0.00 ,$109.06 ,$0.00 ,$0.00 ,0,0,0,0,0,0,0,0,2255381,3124.860076,789873,749021,60919,189668,113096,295103,502048,188257,1461149,154299,25948,59669,38303,48904
CA,CA14,201910,COM,128265,36.67613145,0.520999493,0.990073699,$604.20 ,$117.79 ,$205.43 ,$186.04 ,$94.93 ,$0.00 ,145,45,1212,1361,9179,13520,194,445,2255381,3124.860076,789873,749021,60919,189668,113096,295103,502048,188257,1461149,154299,25948,59669,38303,48904
CA,CA15,201910,COM,1661,34.5845876,0.492474413,0.932888019,$519.85 ,$146.49 ,$161.14 ,$144.98 ,$67.23 ,$0.00 ,1,0,29,33,148,136,0,2,269075,1935.645521,84795,79606,14912,48433,23145,29320,80062,34066,193067,3236,5216,7611,5801,5926
CA,CA16,201910,COM,15,43.2,0.333333333,1.3182,"$1,947.04 ",$0.00 ,"$1,303.86 ",$315.61 ,$327.57 ,$0.00 ,0,0,0,0,1,3,1,0,4673221,2470.336258,1796567,1692047,128698,373438,232541,689629,936866,360315,2804353,396804,19220,110888,205390,80356
CA,CA16,201910,COM,141615,34.72156198,0.504777036,0.959178385,$570.46 ,$89.17 ,$183.67 ,$187.63 ,$109.98 ,$0.00 ,103,32,1173,1657,10730,11478,234,483,4673221,2470.336258,1796567,1692047,128698,373438,232541,689629,936866,360315,2804353,396804,19220,110888,205390,80356
CA,CA17,201910,COM,4452,34.70642408,0.488993711,0.965075696,$576.39 ,$171.02 ,$176.65 ,$144.70 ,$84.03 ,$0.00 ,9,1,46,56,391,243,3,5,539301,1496.015066,181213,172682,26130,73664,35012,67770,146907,48530,309505,12059,7723,11489,11100,5269
CA,CA18,201910,COM,9277,34.27918508,0.497143473,0.951807373,$435.04 ,$66.93 ,$140.32 ,$148.01 ,$79.78 ,$0.00 ,13,6,77,123,726,626,11,37,732212,1392.385418,241055,226727,28989,96905,53972,89461,201506,62038,494325,20238,8143,16525,14450,15994
CA,CA19,201910,COM,29926,35.24761077,0.50527969,0.874236818,$470.43 ,$98.65 ,$138.55 ,$153.20 ,$80.03 ,$0.00 ,29,6,204,365,2174,1775,18,104,2291738,5095.099057,896341,819372,75758,168734,134416,335498,532415,114749,1083594,101802,25772,34828,51388,38576
CA,CA19,201910,COM,9,30.66666667,0.222222222,1.497,$471.54 ,$0.00 ,$340.24 ,$82.12 ,$49.19 ,$0.00 ,0,0,0,0,1,1,0,0,2291738,5095.099057,896341,819372,75758,168734,134416,335498,532415,114749,1083594,101802,25772,34828,51388,38576
CA,CA2,201910,COM,9773,44.32119104,0.462805689,0.893604727,$243.74 ,$73.78 ,$72.37 ,$61.99 ,$35.60 ,$0.00 ,5,1,89,32,105,842,1,14,180216,4176.578436,57468,44057,10782,33928,15883,22446,51676,34263,160443,3448,6076,4616,3242,9708
CA,CA20,201910,COM,4386,38.38052896,0.506611947,1.12097036,$770.16 ,$185.73 ,$302.75 ,$177.82 ,$103.85 ,$0.00 ,7,0,43,69,364,310,2,11,438530,821.7515515,156896,149067,15346,36031,23696,64390,98813,20223,269660,13520,4468,7695,7541,10444
CA,CA21,201910,COM,6377,38.64434687,0.504626,0.931148032,$445.76 ,$96.28 ,$150.36 ,$128.72 ,$70.40 ,$0.00 ,5,0,59,34,393,401,4,25,641847,2324.181643,263188,238371,17271,57501,43401,116457,130712,38050,249451,23427,13544,12933,11677,12597
CA,CA21,201910,COM,1,35,0,0.148,$0.00 ,$0.00 ,$0.00 ,$0.00 ,$0.00 ,$0.00 ,0,0,0,0,0,0,0,0,641847,2324.181643,263188,238371,17271,57501,43401,116457,130712,38050,249451,23427,13544,12933,11677,12597
CA,CA22,201910,COM,1198,34.96994992,0.48163606,1.213704508,$757.29 ,$270.06 ,$176.76 ,$214.46 ,$96.01 ,$0.00 ,3,3,14,39,143,95,0,3,171365,1234.545845,62685,58539,6792,22175,14964,23303,45990,13426,84511,4555,4913,3992,3786,2411
CA,CA23,201910,COM,4,41.5,0.5,0.46575,$1.03 ,$0.00 ,$0.00 ,$0.00 ,$1.03 ,$0.00 ,0,0,0,0,0,0,0,0,151906,9005.172163,84579,59685,4117,9269,9764,35175,25619,1701,28770,2723,7154,1011,2769,11716
CA,CA23,201910,COM,1128,37.94237589,0.50177305,1.143650709,$520.71 ,$65.60 ,$185.85 ,$198.78 ,$70.49 ,$0.00 ,2,0,15,9,117,86,1,0,151906,9005.172163,84579,59685,4117,9269,9764,35175,25619,1701,28770,2723,7154,1011,2769,11716
CA,CA24,201910,COM,2885,36.63674177,0.52270364,1.157722704,$603.31 ,$126.74 ,$255.92 ,$143.48 ,$77.17 ,$0.00 ,4,3,39,7,359,284,1,10,428006,8864.022501,193696,163983,16804,39396,35478,79271,91192,17615,138500,10651,26639,6204,11021,9809
CA,CA25,201910,COM,5484,36.96608315,0.497811816,1.139902626,$579.78 ,$118.50 ,$247.74 ,$135.66 ,$77.87 ,$0.00 ,6,0,64,30,561,468,5,15,470990,24672.40534,218386,187277,15591,36021,38019,90963,98766,8104,114440,8163,28551,6986,13481,12724
CA,CA25,201910,COM,1,36,0,0.134,$0.00 ,$0.00 ,$0.00 ,$0.00 ,$0.00 ,$0.00 ,0,0,0,0,0,0,0,0,470990,24672.40534,218386,187277,15591,36021,38019,90963,98766,8104,114440,8163,28551,6986,13481,12724
CA,CA3,201910,COM,103174,36.46129839,0.498439529,0.880302731,$353.09 ,$91.02 ,$87.70 ,$75.65 ,$98.72 ,$0.00 ,124,21,1015,1387,5565,5950,40,141,4518699,27266.44488,1549773,1348982,180356,553160,432652,561952,1186660,340581,3038969,129608,113905,106066,62893,91930
CA,CA3,201910,COM,9,41.44444444,0.333333333,0.887444444,$142.23 ,$0.00 ,$0.00 ,$81.46 ,$60.77 ,$0.00 ,0,0,0,0,1,0,0,0,4518699,27266.44488,1549773,1348982,180356,553160,432652,561952,1186660,340581,3038969,129608,113905,106066,62893,91930
CA,CA4,201910,COM,401975,36.08646806,0.501058524,0.926542929,$390.40 ,$71.61 ,$98.99 ,$105.20 ,$114.60 ,$0.00 ,385,93,3529,5372,28039,27775,401,921,13262234,4850.972611,4615697,4338482,441609,1781058,1352330,1739765,2957709,1601964,9307146,1149887,86507,469799,343744,220875
CA,CA4,201910,COM,49,29.3877551,0.408163265,1.184795918,$583.09 ,$75.59 ,$137.51 ,$276.73 ,$93.26 ,$0.00 ,0,0,1,0,4,5,0,0,13262234,4850.972611,4615697,4338482,441609,1781058,1352330,1739765,2957709,1601964,9307146,1149887,86507,469799,343744,220875
CA,CA5,201910,COM,19464,36.13044595,0.494143033,1.119271013,$588.01 ,$129.60 ,$154.34 ,$181.23 ,$122.85 ,$0.00 ,23,4,214,314,1750,1886,33,65,848112,1842.466511,287498,271226,25853,88185,78474,123435,199599,77382,459811,31090,10988,17892,11400,12601
CA,CA5,201910,COM,4,40.25,0.25,1.82225,$148.23 ,$0.00 ,$0.00 ,$139.72 ,$8.51 ,$0.00 ,0,0,0,0,1,0,0,0,848112,1842.466511,287498,271226,25853,88185,78474,123435,199599,77382,459811,31090,10988,17892,11400,12601
CA,CA6,201910,COM,16117,37.75305578,0.502202643,1.127377676,$557.91 ,$174.44 ,$151.16 ,$112.41 ,$119.89 ,$0.00 ,28,4,211,172,1265,1128,6,12,443738,2735.137621,156210,144962,13861,52042,46478,64775,99117,45552,244382,21169,6950,15410,8052,19863
CA,CA6,201910,COM,6,28.33333333,0.666666667,0.307833333,$15.83 ,$0.00 ,$0.00 ,$0.00 ,$15.83 ,$0.00 ,0,0,0,0,0,0,0,0,443738,2735.137621,156210,144962,13861,52042,46478,64775,99117,45552,244382,21169,6950,15410,8052,19863
CA,CA7,201910,COM,8994,33.64932177,0.460195686,0.966539582,$394.92 ,$54.01 ,$138.67 ,$122.42 ,$79.81 ,$0.00 ,6,4,119,113,820,635,8,39,883053,8132.256436,295756,267913,39056,139584,77216,92005,257750,84735,576023,15490,21557,24792,18281,31126
CA,CA7,201910,COM,6,31.5,0.5,4.015833333,$903.36 ,$0.00 ,$381.33 ,$424.20 ,$97.83 ,$0.00 ,0,0,0,0,1,0,0,0,883053,8132.256436,295756,267913,39056,139584,77216,92005,257750,84735,576023,15490,21557,24792,18281,31126
CA,CA8,201910,COM,2594,38.79105628,0.512721665,1.233658443,$480.12 ,$31.70 ,$166.95 ,$160.05 ,$121.41 ,$0.00 ,2,2,43,27,259,267,2,5,281455,3300.636162,121095,105317,6175,17123,20715,52758,50492,9045,86881,7329,9630,3482,4557,16435
CA,CA9,201910,COM,4138,37.85306912,0.499275012,1.197597148,$613.31 ,$134.94 ,$210.18 ,$164.81 ,$103.38 ,$0.00 ,8,0,44,74,462,427,2,9,433212,3281.719108,141155,126052,10475,78816,46650,55515,114125,75432,301974,14534,6567,17221,5984,17741
CA,CA9,201910,COM,5,41.8,0.4,1.2682,$26.32 ,$0.00 ,$0.00 ,$0.00 ,$26.32 ,$0.00 ,0,0,0,0,0,0,0,0,433212,3281.719108,141155,126052,10475,78816,46650,55515,114125,75432,301974,14534,6567,17221,5984,17741
CA,CA1,201911,COM,345204,36.32067995,0.52280101,0.961024032,$375.99 ,$69.02 ,$95.66 ,$124.75 ,$86.56 ,$0.00 ,423,96,2606,6279,16684,31828,232,554,3302833,4208.762531,1204884,1118980,106962,286008,279602,439595,726344,216965,1787453,255366,42081,75015,61486,89451
CA,CA1,201911,COM,14,42.42857143,0.714285714,1.174785714,$521.15 ,$0.00 ,$157.92 ,$86.43 ,$276.80 ,$0.00 ,0,0,0,1,1,2,0,0,3302833,4208.762531,1204884,1118980,106962,286008,279602,439595,726344,216965,1787453,255366,42081,75015,61486,89451
CA,CA10,201911,COM,3062,35.37753103,0.449052907,1.187798498,$345.67 ,$27.64 ,$112.46 ,$105.44 ,$100.13 ,$0.00 ,2,0,26,37,322,244,1,6,460477,4824.376542,147791,136106,18321,81345,44779,50391,143528,61208,326860,6561,10023,13317,8274,5426
CA,CA11,201911,COM,838,34.40572792,0.492840096,1.078664678,$509.44 ,$172.20 ,$100.17 ,$162.42 ,$74.66 ,$0.00 ,0,0,12,2,106,69,0,1,150075,1390.308446,45792,42735,4855,24270,10946,14567,40935,13829,101017,2919,1938,3483,2730,14912
CA,CA12,201911,COM,1,62,1,4.565,$367.18 ,$0.00 ,$0.00 ,$367.18 ,$0.00 ,$0.00 ,0,0,0,0,0,0,0,0,978130,5958.095977,328577,304624,41276,147389,92035,114438,279979,108140,686675,23756,12508,28262,25805,16750
CA,CA12,201911,COM,10373,34.57890678,0.496481249,1.055577172,$359.67 ,$79.27 ,$100.87 ,$96.95 ,$82.57 ,$0.00 ,11,0,100,184,956,755,8,18,978130,5958.095977,328577,304624,41276,147389,92035,114438,279979,108140,686675,23756,12508,28262,25805,16750
CA,CA13,201911,COM,2216,37.72427798,0.481498195,1.112704422,$397.22 ,$53.47 ,$137.00 ,$134.85 ,$71.90 ,$0.00 ,4,0,27,23,187,177,3,15,342954,21389.49918,163854,119622,10594,41422,24903,67475,74845,21273,143965,5802,14241,5844,5879,17935
CA,CA13,201911,COM,1,57,0,1.395,$170.57 ,$0.00 ,$0.00 ,$0.00 ,$170.57 ,$0.00 ,0,0,0,0,0,0,0,0,342954,21389.49918,163854,119622,10594,41422,24903,67475,74845,21273,143965,5802,14241,5844,5879,17935
CA,CA14,201911,COM,126237,36.73831761,0.521598264,0.990362992,$567.18 ,$119.07 ,$191.63 ,$170.12 ,$86.36 ,$0.00 ,124,45,1127,1452,8276,11945,151,443,2255381,3124.860076,789873,749021,60919,189668,113096,295103,502048,188257,1461149,154299,25948,59669,38303,48904
CA,CA14,201911,COM,6,31.5,0.333333333,0.622666667,$0.00 ,$0.00 ,$0.00 ,$0.00 ,$0.00 ,$0.00 ,0,0,0,0,0,0,0,0,2255381,3124.860076,789873,749021,60919,189668,113096,295103,502048,188257,1461149,154299,25948,59669,38303,48904
CA,CA15,201911,COM,1637,34.69456323,0.492974954,0.93867135,$319.60 ,$37.93 ,$118.99 ,$92.57 ,$70.10 ,$0.00 ,2,1,17,21,155,116,1,1,269075,1935.645521,84795,79606,14912,48433,23145,29320,80062,34066,193067,3236,5216,7611,5801,5926
CA,CA16,201911,COM,15,43.2,0.333333333,1.3182,"$1,508.28 ",$0.00 ,"$1,334.78 ",$79.93 ,$93.57 ,$0.00 ,0,0,1,0,1,1,0,0,4673221,2470.336258,1796567,1692047,128698,373438,232541,689629,936866,360315,2804353,396804,19220,110888,205390,80356
CA,CA16,201911,COM,139072,34.80543172,0.505400081,0.961234145,$533.82 ,$91.08 ,$171.34 ,$164.95 ,$106.44 ,$0.00 ,90,34,1079,1881,9548,10191,202,492,4673221,2470.336258,1796567,1692047,128698,373438,232541,689629,936866,360315,2804353,396804,19220,110888,205390,80356
CA,CA17,201911,COM,4381,34.71262269,0.49007076,0.967778133,$368.72 ,$47.01 ,$121.93 ,$121.80 ,$77.97 ,$0.00 ,3,4,39,81,376,227,6,8,539301,1496.015066,181213,172682,26130,73664,35012,67770,146907,48530,309505,12059,7723,11489,11100,5269
CA,CA18,201911,COM,9078,34.36560917,0.497796872,0.956103327,$473.12 ,$104.11 ,$149.66 ,$131.41 ,$87.94 ,$0.00 ,15,4,82,127,667,528,6,40,732212,1392.385418,241055,226727,28989,96905,53972,89461,201506,62038,494325,20238,8143,16525,14450,15994
CA,CA19,201911,COM,29454,35.33883344,0.505601956,0.876550689,$414.67 ,$75.72 ,$136.80 ,$126.03 ,$76.13 ,$0.00 ,27,0,218,347,1898,1507,21,96,2291738,5095.099057,896341,819372,75758,168734,134416,335498,532415,114749,1083594,101802,25772,34828,51388,38576
CA,CA19,201911,COM,8,31.375,0.125,1.62325,$678.74 ,$0.00 ,$380.14 ,$215.60 ,$83.01 ,$0.00 ,0,0,0,0,2,1,0,0,2291738,5095.099057,896341,819372,75758,168734,134416,335498,532415,114749,1083594,101802,25772,34828,51388,38576
CA,CA2,201911,COM,9610,44.41352758,0.462851197,0.895893965,$188.60 ,$52.28 ,$62.97 ,$45.54 ,$27.81 ,$0.00 ,9,3,79,45,79,747,2,13,180216,4176.578436,57468,44057,10782,33928,15883,22446,51676,34263,160443,3448,6076,4616,3242,9708
CA,CA20,201911,COM,4291,38.58867397,0.506408763,1.128665812,$801.71 ,$260.04 ,$295.52 ,$152.68 ,$93.47 ,$0.00 ,14,0,49,61,319,274,1,9,438530,821.7515515,156896,149067,15346,36031,23696,64390,98813,20223,269660,13520,4468,7695,7541,10444
CA,CA21,201911,COM,6270,38.71754386,0.505582137,0.93043142,$406.46 ,$78.71 ,$133.15 ,$122.18 ,$72.43 ,$0.00 ,3,0,56,43,369,366,7,22,641847,2324.181643,263188,238371,17271,57501,43401,116457,130712,38050,249451,23427,13544,12933,11677,12597
CA,CA22,201911,COM,1169,34.94867408,0.482463644,1.214467066,$816.30 ,$416.16 ,$108.11 ,$200.64 ,$91.38 ,$0.00 ,1,0,11,34,107,78,3,3,171365,1234.545845,62685,58539,6792,22175,14964,23303,45990,13426,84511,4555,4913,3992,3786,2411
CA,CA23,201911,COM,1113,37.98382749,0.503144654,1.149120395,$609.40 ,$131.19 ,$237.77 ,$173.34 ,$67.10 ,$0.00 ,0,1,17,7,120,92,1,0,151906,9005.172163,84579,59685,4117,9269,9764,35175,25619,1701,28770,2723,7154,1011,2769,11716
CA,CA24,201911,COM,2824,36.90580737,0.524787535,1.167359065,$509.85 ,$101.94 ,$214.05 ,$114.38 ,$79.48 ,$0.00 ,4,0,37,15,329,234,3,9,428006,8864.022501,193696,163983,16804,39396,35478,79271,91192,17615,138500,10651,26639,6204,11021,9809
CA,CA25,201911,COM,5396,37.07950334,0.498702743,1.137325056,$612.06 ,$231.70 ,$198.70 ,$117.77 ,$63.89 ,$0.00 ,11,2,84,36,522,385,5,15,470990,24672.40534,218386,187277,15591,36021,38019,90963,98766,8104,114440,8163,28551,6986,13481,12724
CA,CA25,201911,COM,1,36,0,0.134,$0.00 ,$0.00 ,$0.00 ,$0.00 ,$0.00 ,$0.00 ,0,0,0,0,0,0,0,0,470990,24672.40534,218386,187277,15591,36021,38019,90963,98766,8104,114440,8163,28551,6986,13481,12724
CA,CA3,201911,COM,101105,36.5145344,0.498214727,0.882111409,$321.86 ,$90.04 ,$79.70 ,$65.55 ,$86.56 ,$0.00 ,116,32,919,1318,4776,5015,38,130,4518699,27266.44488,1549773,1348982,180356,553160,432652,561952,1186660,340581,3038969,129608,113905,106066,62893,91930
CA,CA3,201911,COM,7,41.85714286,0.142857143,1.035571429,$335.10 ,$0.00 ,$11.71 ,$145.93 ,$177.46 ,$0.00 ,0,0,0,0,1,0,0,0,4518699,27266.44488,1549773,1348982,180356,553160,432652,561952,1186660,340581,3038969,129608,113905,106066,62893,91930
CA,CA4,201911,COM,394603,36.16126588,0.501065628,0.925968695,$353.33 ,$70.04 ,$86.08 ,$90.96 ,$106.26 ,$0.00 ,386,73,3258,5036,23817,23912,354,889,13262234,4850.972611,4615697,4338482,441609,1781058,1352330,1739765,2957709,1601964,9307146,1149887,86507,469799,343744,220875
CA,CA4,201911,COM,46,30.34782609,0.391304348,1.219978261,$337.66 ,$0.00 ,$97.81 ,$101.67 ,$138.19 ,$0.00 ,0,0,1,1,2,5,0,0,13262234,4850.972611,4615697,4338482,441609,1781058,1352330,1739765,2957709,1601964,9307146,1149887,86507,469799,343744,220875
CA,CA5,201911,COM,19147,36.22384708,0.495116729,1.119969447,$564.62 ,$140.26 ,$147.29 ,$159.26 ,$117.80 ,$0.00 ,22,2,174,293,1556,1681,13,68,848112,1842.466511,287498,271226,25853,88185,78474,123435,199599,77382,459811,31090,10988,17892,11400,12601
CA,CA5,201911,COM,3,44.33333333,0.333333333,2.388666667,$5.00 ,$0.00 ,$0.00 ,$0.00 ,$5.00 ,$0.00 ,0,0,0,0,0,0,0,0,848112,1842.466511,287498,271226,25853,88185,78474,123435,199599,77382,459811,31090,10988,17892,11400,12601
CA,CA6,201911,COM,15902,37.87756257,0.50194944,1.123656395,$439.88 ,$104.61 ,$130.70 ,$91.83 ,$112.74 ,$0.00 ,15,7,168,154,1138,989,7,10,443738,2735.137621,156210,144962,13861,52042,46478,64775,99117,45552,244382,21169,6950,15410,8052,19863
CA,CA6,201911,COM,6,28.66666667,0.666666667,0.307833333,$2.46 ,$0.00 ,$0.00 ,$0.00 ,$2.46 ,$0.00 ,0,0,0,0,0,0,0,0,443738,2735.137621,156210,144962,13861,52042,46478,64775,99117,45552,244382,21169,6950,15410,8052,19863
CA,CA7,201911,COM,8852,33.73056936,0.460347944,0.967533439,$384.37 ,$76.55 ,$121.97 ,$105.87 ,$79.97 ,$0.00 ,9,1,110,116,712,564,9,34,883053,8132.256436,295756,267913,39056,139584,77216,92005,257750,84735,576023,15490,21557,24792,18281,31126
CA,CA7,201911,COM,6,31.66666667,0.5,4.015833333,$419.73 ,$0.00 ,$0.00 ,$303.22 ,$116.51 ,$0.00 ,0,0,0,0,3,1,0,0,883053,8132.256436,295756,267913,39056,139584,77216,92005,257750,84735,576023,15490,21557,24792,18281,31126
CA,CA8,201911,COM,2560,38.81875,0.51328125,1.238345313,$461.06 ,$66.17 ,$141.59 ,$147.47 ,$105.83 ,$0.00 ,2,0,33,54,224,218,3,3,281455,3300.636162,121095,105317,6175,17123,20715,52758,50492,9045,86881,7329,9630,3482,4557,16435
CA,CA9,201911,COM,4104,37.93737817,0.498538012,1.197678363,$689.40 ,$123.49 ,$330.54 ,$144.59 ,$90.77 ,$0.00 ,5,0,45,72,399,356,3,11,433212,3281.719108,141155,126052,10475,78816,46650,55515,114125,75432,301974,14534,6567,17221,5984,17741
CA,CA9,201911,COM,5,42,0.4,1.2682,$295.62 ,$0.00 ,$183.16 ,$82.68 ,$29.77 ,$0.00 ,0,0,0,0,0,0,0,0,433212,3281.719108,141155,126052,10475,78816,46650,55515,114125,75432,301974,14534,6567,17221,5984,17741
CA,CA1,201912,COM,339758,36.40960625,0.522830956,0.961650749,$400.66 ,$82.48 ,$97.46 ,$124.93 ,$95.79 ,$0.00 ,478,86,2619,7185,17369,31216,247,570,3302833,4208.762531,1204884,1118980,106962,286008,279602,439595,726344,216965,1787453,255366,42081,75015,61486,89451
CA,CA1,201912,COM,14,42.5,0.714285714,1.174785714,$365.61 ,$0.00 ,$110.74 ,$34.46 ,$220.41 ,$0.00 ,0,0,0,0,1,0,0,0,3302833,4208.762531,1204884,1118980,106962,286008,279602,439595,726344,216965,1787453,255366,42081,75015,61486,89451
CA,CA10,201912,COM,3034,35.3589321,0.448582729,1.187400461,$576.61 ,$192.39 ,$152.96 ,$125.44 ,$105.83 ,$0.00 ,2,0,23,29,340,232,3,6,460477,4824.376542,147791,136106,18321,81345,44779,50391,143528,61208,326860,6561,10023,13317,8274,5426
CA,CA11,201912,COM,827,34.35912938,0.492140266,1.072819831,$531.90 ,$161.66 ,$179.11 ,$109.87 ,$81.25 ,$0.00 ,1,0,9,7,94,59,0,1,150075,1390.308446,45792,42735,4855,24270,10946,14567,40935,13829,101017,2919,1938,3483,2730,14912
CA,CA12,201912,COM,10212,34.5994908,0.4975519,1.056388465,$401.60 ,$59.29 ,$122.50 ,$119.04 ,$100.77 ,$0.00 ,9,0,109,223,973,756,15,21,978130,5958.095977,328577,304624,41276,147389,92035,114438,279979,108140,686675,23756,12508,28262,25805,16750
CA,CA12,201912,COM,1,62,1,4.565,"$1,274.54 ",$0.00 ,$242.32 ,"$1,017.98 ",$14.24 ,$0.00 ,0,0,0,0,0,1,0,0,978130,5958.095977,328577,304624,41276,147389,92035,114438,279979,108140,686675,23756,12508,28262,25805,16750
CA,CA13,201912,COM,1,57,0,1.395,$25.97 ,$0.00 ,$0.00 ,$0.00 ,$25.97 ,$0.00 ,0,0,0,0,0,0,0,0,342954,21389.49918,163854,119622,10594,41422,24903,67475,74845,21273,143965,5802,14241,5844,5879,17935
CA,CA13,201912,COM,2193,37.69721842,0.481076151,1.109414045,$414.20 ,$78.26 ,$127.90 ,$119.69 ,$88.36 ,$0.00 ,2,1,20,20,213,172,1,11,342954,21389.49918,163854,119622,10594,41422,24903,67475,74845,21273,143965,5802,14241,5844,5879,17935
CA,CA14,201912,COM,6,31.5,0.333333333,0.622666667,$101.03 ,$0.00 ,$0.00 ,$85.01 ,$16.02 ,$0.00 ,0,0,0,0,0,1,0,0,2255381,3124.860076,789873,749021,60919,189668,113096,295103,502048,188257,1461149,154299,25948,59669,38303,48904
CA,CA14,201912,COM,124559,36.80099391,0.521680489,0.991168499,$581.25 ,$112.15 ,$205.03 ,$167.28 ,$96.79 ,$0.00 ,115,31,1185,1545,8385,11563,146,438,2255381,3124.860076,789873,749021,60919,189668,113096,295103,502048,188257,1461149,154299,25948,59669,38303,48904
CA,CA15,201912,COM,1606,34.7988792,0.49377335,0.938572852,$469.73 ,$97.88 ,$195.48 ,$104.84 ,$71.53 ,$0.00 ,1,0,20,15,147,120,0,2,269075,1935.645521,84795,79606,14912,48433,23145,29320,80062,34066,193067,3236,5216,7611,5801,5926
CA,CA16,201912,COM,137177,34.87612355,0.505420005,0.962263091,$537.89 ,$70.69 ,$183.71 ,$170.84 ,$112.64 ,$0.00 ,92,32,1071,2138,10005,9793,203,491,4673221,2470.336258,1796567,1692047,128698,373438,232541,689629,936866,360315,2804353,396804,19220,110888,205390,80356
CA,CA16,201912,COM,14,44.5,0.285714286,1.394714286,"$1,754.02 ",$0.00 ,"$1,091.83 ",$178.46 ,$483.73 ,$0.00 ,0,0,0,0,2,2,0,0,4673221,2470.336258,1796567,1692047,128698,373438,232541,689629,936866,360315,2804353,396804,19220,110888,205390,80356
CA,CA17,201912,COM,4252,34.92779868,0.493885231,0.970839605,$633.33 ,$164.90 ,$236.18 ,$149.79 ,$82.47 ,$0.00 ,5,2,47,85,362,213,1,6,539301,1496.015066,181213,172682,26130,73664,35012,67770,146907,48530,309505,12059,7723,11489,11100,5269
CA,CA18,201912,COM,8957,34.42838004,0.498604444,0.94883164,$514.31 ,$138.45 ,$161.07 ,$127.43 ,$87.36 ,$0.00 ,12,2,113,157,706,547,7,37,732212,1392.385418,241055,226727,28989,96905,53972,89461,201506,62038,494325,20238,8143,16525,14450,15994
CA,CA19,201912,COM,8,31.375,0.125,1.62325,$633.46 ,$0.00 ,$373.37 ,$204.92 ,$55.17 ,$0.00 ,0,0,0,0,0,1,0,0,2291738,5095.099057,896341,819372,75758,168734,134416,335498,532415,114749,1083594,101802,25772,34828,51388,38576
CA,CA19,201912,COM,29082,35.42283887,0.505501685,0.876223644,$492.17 ,$94.45 ,$173.67 ,$140.91 ,$83.13 ,$0.00 ,21,5,252,442,2091,1411,17,101,2291738,5095.099057,896341,819372,75758,168734,134416,335498,532415,114749,1083594,101802,25772,34828,51388,38576
CA,CA2,201912,COM,9450,44.50783069,0.463068783,0.898765926,$207.32 ,$62.30 ,$68.21 ,$45.36 ,$31.45 ,$0.00 ,5,1,73,45,74,707,0,12,180216,4176.578436,57468,44057,10782,33928,15883,22446,51676,34263,160443,3448,6076,4616,3242,9708
CA,CA20,201912,COM,4201,38.72577958,0.505593906,1.133124018,$780.77 ,$94.15 ,$425.62 ,$159.87 ,$101.13 ,$0.00 ,7,0,47,70,321,266,4,7,438530,821.7515515,156896,149067,15346,36031,23696,64390,98813,20223,269660,13520,4468,7695,7541,10444
CA,CA21,201912,COM,6168,38.83933204,0.505512322,0.933796206,$581.58 ,$130.26 ,$233.85 ,$134.84 ,$82.63 ,$0.00 ,18,2,53,53,379,359,2,21,641847,2324.181643,263188,238371,17271,57501,43401,116457,130712,38050,249451,23427,13544,12933,11677,12597
CA,CA22,201912,COM,1140,34.93070175,0.486842105,1.221739474,$728.54 ,$226.56 ,$218.03 ,$187.45 ,$96.50 ,$0.00 ,4,0,18,37,121,74,2,4,171365,1234.545845,62685,58539,6792,22175,14964,23303,45990,13426,84511,4555,4913,3992,3786,2411
CA,CA23,201912,COM,1094,38.06124314,0.501828154,1.154834552,$394.93 ,$31.65 ,$170.28 ,$117.88 ,$75.13 ,$0.00 ,2,0,18,15,119,86,0,0,151906,9005.172163,84579,59685,4117,9269,9764,35175,25619,1701,28770,2723,7154,1011,2769,11716
CA,CA24,201912,COM,2782,37.00790798,0.524083393,1.16663156,$611.30 ,$130.33 ,$263.85 ,$137.49 ,$79.63 ,$0.00 ,7,1,45,16,323,274,2,8,428006,8864.022501,193696,163983,16804,39396,35478,79271,91192,17615,138500,10651,26639,6204,11021,9809
CA,CA25,201912,COM,1,36,0,0.134,$0.00 ,$0.00 ,$0.00 ,$0.00 ,$0.00 ,$0.00 ,0,0,0,0,0,0,0,0,470990,24672.40534,218386,187277,15591,36021,38019,90963,98766,8104,114440,8163,28551,6986,13481,12724
CA,CA25,201912,COM,5262,37.09141011,0.499049791,1.12890973,$602.99 ,$174.23 ,$212.15 ,$135.41 ,$81.20 ,$0.00 ,6,2,70,45,539,389,1,12,470990,24672.40534,218386,187277,15591,36021,38019,90963,98766,8104,114440,8163,28551,6986,13481,12724
CA,CA3,201912,COM,99229,36.55865725,0.498543773,0.881561681,$336.28 ,$95.70 ,$76.85 ,$64.80 ,$98.92 ,$0.00 ,100,18,947,1537,4785,4823,30,126,4518699,27266.44488,1549773,1348982,180356,553160,432652,561952,1186660,340581,3038969,129608,113905,106066,62893,91930
CA,CA3,201912,COM,5,47.2,0.2,1.4026,$130.59 ,$0.00 ,$0.00 ,$9.13 ,$121.47 ,$0.00 ,0,0,0,1,0,0,0,0,4518699,27266.44488,1549773,1348982,180356,553160,432652,561952,1186660,340581,3038969,129608,113905,106066,62893,91930
CA,CA4,201912,COM,46,30.36956522,0.391304348,1.219978261,$631.22 ,$0.00 ,$74.87 ,$354.71 ,$201.64 ,$0.00 ,0,0,1,3,4,7,0,0,13262234,4850.972611,4615697,4338482,441609,1781058,1352330,1739765,2957709,1601964,9307146,1149887,86507,469799,343744,220875
CA,CA4,201912,COM,387765,36.22713757,0.501448042,0.925839178,$377.14 ,$74.49 ,$90.22 ,$92.74 ,$119.69 ,$0.00 ,391,49,3393,6430,25223,23512,360,861,13262234,4850.972611,4615697,4338482,441609,1781058,1352330,1739765,2957709,1601964,9307146,1149887,86507,469799,343744,220875
CA,CA5,201912,COM,18896,36.25714437,0.494760796,1.114109547,$582.49 ,$144.46 ,$146.14 ,$168.05 ,$123.83 ,$0.00 ,32,4,174,382,1617,1660,10,65,848112,1842.466511,287498,271226,25853,88185,78474,123435,199599,77382,459811,31090,10988,17892,11400,12601
CA,CA5,201912,COM,3,44.33333333,0.333333333,2.388666667,"$2,272.48 ",$0.00 ,"$1,294.83 ",$896.32 ,$81.33 ,$0.00 ,0,0,0,0,0,1,0,0,848112,1842.466511,287498,271226,25853,88185,78474,123435,199599,77382,459811,31090,10988,17892,11400,12601
CA,CA6,201912,COM,15733,37.96853747,0.503146253,1.12427954,$452.43 ,$115.36 ,$124.62 ,$99.75 ,$112.69 ,$0.00 ,23,15,197,204,1130,956,5,9,443738,2735.137621,156210,144962,13861,52042,46478,64775,99117,45552,244382,21169,6950,15410,8052,19863
CA,CA6,201912,COM,6,28.66666667,0.666666667,0.307833333,$0.00 ,$0.00 ,$0.00 ,$0.00 ,$0.00 ,$0.00 ,0,0,0,0,0,0,0,0,443738,2735.137621,156210,144962,13861,52042,46478,64775,99117,45552,244382,21169,6950,15410,8052,19863
CA,CA7,201912,COM,8751,33.79179522,0.460404525,0.965971089,$355.54 ,$48.73 ,$121.83 ,$94.74 ,$90.24 ,$0.00 ,7,3,108,150,760,524,5,31,883053,8132.256436,295756,267913,39056,139584,77216,92005,257750,84735,576023,15490,21557,24792,18281,31126
CA,CA7,201912,COM,6,31.66666667,0.5,4.015833333,$381.77 ,$0.00 ,$101.73 ,$146.07 ,$133.97 ,$0.00 ,0,0,0,0,1,2,0,0,883053,8132.256436,295756,267913,39056,139584,77216,92005,257750,84735,576023,15490,21557,24792,18281,31126
CA,CA8,201912,COM,2512,38.95382166,0.509156051,1.246785032,$774.97 ,$311.56 ,$173.55 ,$164.35 ,$125.51 ,$0.00 ,3,1,31,50,220,232,1,4,281455,3300.636162,121095,105317,6175,17123,20715,52758,50492,9045,86881,7329,9630,3482,4557,16435
CA,CA9,201912,COM,4051,37.96025673,0.498395458,1.192497902,$976.76 ,$363.89 ,$336.17 ,$168.79 ,$107.91 ,$0.00 ,7,0,53,79,430,347,4,9,433212,3281.719108,141155,126052,10475,78816,46650,55515,114125,75432,301974,14534,6567,17221,5984,17741
CA,CA9,201912,COM,5,42,0.4,1.2682,"$2,752.83 ",$0.00 ,"$2,530.97 ",$148.97 ,$72.90 ,$0.00 ,0,0,0,0,0,1,0,0,433212,3281.719108,141155,126052,10475,78816,46650,55515,114125,75432,301974,14534,6567,17221,5984,17741
CA,CA1,201701,MCD,188714,28.98723465,0.535482264,1.578126901,$320.39 ,$113.26 ,$62.47 ,$91.04 ,$53.61 ,$0.00 ,712,27,6135,1257,98,34105,68,77,3302833,4208.762531,1204884,1118980,106962,286008,279602,439595,726344,216965,1787453,255366,42081,75015,61486,89451
CA,CA10,201701,MCD,487,21.8275154,0.53798768,0.769078029,$36.90 ,$0.00 ,$8.32 ,$18.21 ,$10.37 ,$0.00 ,2,0,13,5,24,36,0,0,460477,4824.376542,147791,136106,18321,81345,44779,50391,143528,61208,326860,6561,10023,13317,8274,5426
CA,CA11,201701,MCD,142,23.59859155,0.535211268,1.044859155,$114.91 ,$52.82 ,$7.81 ,$41.91 ,$12.37 ,$0.00 ,0,0,4,3,10,15,0,0,150075,1390.308446,45792,42735,4855,24270,10946,14567,40935,13829,101017,2919,1938,3483,2730,14912
CA,CA12,201701,MCD,882,24.85034014,0.546485261,0.79853288,$63.25 ,$7.26 ,$23.84 ,$23.83 ,$8.33 ,$0.00 ,0,0,32,7,34,64,0,2,978130,5958.095977,328577,304624,41276,147389,92035,114438,279979,108140,686675,23756,12508,28262,25805,16750
CA,CA13,201701,MCD,372,28.72849462,0.518817204,1.061177419,$68.21 ,$0.00 ,$12.26 ,$39.04 ,$16.91 ,$0.00 ,0,0,9,2,6,34,0,0,342954,21389.49918,163854,119622,10594,41422,24903,67475,74845,21273,143965,5802,14241,5844,5879,17935
CA,CA14,201701,MCD,107958,31.70692306,0.511161748,0.320183071,$4.34 ,$3.08 ,$0.44 ,$0.75 ,$0.07 ,$0.00 ,2,0,36,6,23,479,0,1,2255381,3124.860076,789873,749021,60919,189668,113096,295103,502048,188257,1461149,154299,25948,59669,38303,48904
CA,CA15,201701,MCD,865,20.7132948,0.521387283,0.384966474,$8.62 ,$0.00 ,$1.04 ,$4.33 ,$3.25 ,$0.00 ,0,0,3,1,7,20,0,0,269075,1935.645521,84795,79606,14912,48433,23145,29320,80062,34066,193067,3236,5216,7611,5801,5926
CA,CA16,201701,MCD,2512,31.41441083,0.554140127,0.753871815,$61.31 ,$12.07 ,$14.18 ,$23.43 ,$11.63 ,$0.00 ,6,0,62,14,34,119,1,1,4673221,2470.336258,1796567,1692047,128698,373438,232541,689629,936866,360315,2804353,396804,19220,110888,205390,80356
CA,CA17,201701,MCD,864,21.06134259,0.523148148,0.47475463,$45.64 ,$14.37 ,$3.26 ,$17.23 ,$10.78 ,$0.00 ,1,0,12,5,7,30,0,0,539301,1496.015066,181213,172682,26130,73664,35012,67770,146907,48530,309505,12059,7723,11489,11100,5269
CA,CA18,201701,MCD,1249,27.25540432,0.545236189,0.646308247,$74.36 ,$29.81 ,$18.68 ,$19.09 ,$6.78 ,$0.00 ,3,0,20,5,8,58,0,0,732212,1392.385418,241055,226727,28989,96905,53972,89461,201506,62038,494325,20238,8143,16525,14450,15994
CA,CA19,201701,MCD,47710,30.66070006,0.504820792,1.429585244,$268.31 ,$99.06 ,$48.25 ,$79.99 ,$41.02 ,$0.00 ,195,1,2247,1135,424,6419,25,85,2291738,5095.099057,896341,819372,75758,168734,134416,335498,532415,114749,1083594,101802,25772,34828,51388,38576
CA,CA2,201701,MCD,11571,29.1573762,0.527007173,1.420747904,$292.35 ,$104.31 ,$87.33 ,$65.56 ,$35.16 ,$0.00 ,53,5,510,4,6,1513,2,23,180216,4176.578436,57468,44057,10782,33928,15883,22446,51676,34263,160443,3448,6076,4616,3242,9708
CA,CA20,201701,MCD,283,25.80918728,0.551236749,0.866600707,$94.46 ,$0.00 ,$46.89 ,$36.88 ,$10.70 ,$0.00 ,0,0,17,2,2,26,0,0,438530,821.7515515,156896,149067,15346,36031,23696,64390,98813,20223,269660,13520,4468,7695,7541,10444
CA,CA21,201701,MCD,228,31.30263158,0.52631579,1.033,$80.67 ,$0.00 ,$29.88 ,$35.26 ,$15.53 ,$0.00 ,0,0,5,1,7,23,0,0,641847,2324.181643,263188,238371,17271,57501,43401,116457,130712,38050,249451,23427,13544,12933,11677,12597
CA,CA22,201701,MCD,283,26.48409894,0.540636042,1.162777385,$232.29 ,$74.96 ,$32.89 ,$69.43 ,$55.01 ,$0.00 ,2,2,9,5,4,38,0,0,171365,1234.545845,62685,58539,6792,22175,14964,23303,45990,13426,84511,4555,4913,3992,3786,2411
CA,CA23,201701,MCD,136,31.06617647,0.485294118,1.036235294,$37.43 ,$0.00 ,$4.06 ,$19.93 ,$13.44 ,$0.00 ,2,1,6,0,4,10,0,0,151906,9005.172163,84579,59685,4117,9269,9764,35175,25619,1701,28770,2723,7154,1011,2769,11716
CA,CA24,201701,MCD,478,26.80125523,0.537656904,1.176380753,$209.77 ,$27.30 ,$111.36 ,$52.42 ,$18.69 ,$0.00 ,1,1,21,7,12,44,0,0,428006,8864.022501,193696,163983,16804,39396,35478,79271,91192,17615,138500,10651,26639,6204,11021,9809
CA,CA25,201701,MCD,599,30.80968281,0.484140234,1.359233723,$122.79 ,$16.57 ,$28.58 ,$53.67 ,$23.96 ,$0.00 ,1,0,28,5,24,59,0,0,470990,24672.40534,218386,187277,15591,36021,38019,90963,98766,8104,114440,8163,28551,6986,13481,12724
CA,CA3,201701,MCD,136202,29.41668992,0.525307998,1.203975566,$245.13 ,$89.81 ,$52.33 ,$77.66 ,$25.33 ,$0.00 ,370,26,4169,2628,138,16727,27,75,4518699,27266.44488,1549773,1348982,180356,553160,432652,561952,1186660,340581,3038969,129608,113905,106066,62893,91930
CA,CA4,201701,MCD,107684,25.30496638,0.526447755,1.03476978,$230.71 ,$115.06 ,$31.59 ,$54.44 ,$29.61 ,$0.00 ,280,22,3243,851,443,15378,21,107,13262234,4850.972611,4615697,4338482,441609,1781058,1352330,1739765,2957709,1601964,9307146,1149887,86507,469799,343744,220875
CA,CA5,201701,MCD,151582,27.04025544,0.536442322,1.203930684,$0.46 ,$0.10 ,$0.16 ,$0.13 ,$0.07 ,$0.00 ,451,63,5807,1692,20288,5556,87,64,848112,1842.466511,287498,271226,25853,88185,78474,123435,199599,77382,459811,31090,10988,17892,11400,12601
CA,,201701,MCD,949,26.24973657,0.531085353,1.140958904,$49.61 ,$26.83 ,$4.93 ,$12.37 ,$5.48 ,$0.00 ,2,0,51,12,78,55,0,0,443738,2735.137621,156210,144962,13861,52042,46478,64775,99117,45552,244382,21169,6950,15410,8052,19863
CA,CA7,201701,MCD,2459,21.72346482,0.531110207,0.986668565,$56.33 ,$6.33 ,$16.40 ,$19.49 ,$14.11 ,$0.00 ,5,0,116,21,172,167,1,1,883053,8132.256436,295756,267913,39056,139584,77216,92005,257750,84735,576023,15490,21557,24792,18281,31126
CA,CA8,201701,MCD,252,30.74603175,0.468253968,1.096281746,$55.43 ,$29.65 ,$1.94 ,$13.85 ,$9.99 ,$0.00 ,2,0,5,1,24,14,0,0,281455,3300.636162,121095,105317,6175,17123,20715,52758,50492,9045,86881,7329,9630,3482,4557,16435
CA,CA9,201701,MCD,366,23.71038251,0.576502732,0.52765847,$24.11 ,$0.00 ,$5.71 ,$15.42 ,$2.98 ,$0.00 ,0,0,9,1,10,18,0,0,433212,3281.719108,141155,126052,10475,78816,46650,55515,114125,75432,301974,14534,6567,17221,5984,17741
CA,CA1,201702,MCD,193306,29.09024034,0.535192907,1.580140363,$300.57 ,$110.60 ,$53.00 ,$86.66 ,$50.31 ,$0.00 ,706,32,6042,1268,77,34223,80,72,3302833,4208.762531,1204884,1118980,106962,286008,279602,439595,726344,216965,1787453,255366,42081,75015,61486,89451
CA,CA10,201702,MCD,491,22.13238289,0.541751528,0.800773931,$30.28 ,$0.00 ,$6.47 ,$13.54 ,$10.27 ,$0.00 ,0,0,14,5,34,39,0,0,460477,4824.376542,147791,136106,18321,81345,44779,50391,143528,61208,326860,6561,10023,13317,8274,5426
CA,CA11,201702,MCD,146,23.6369863,0.534246575,1.03880137,$52.83 ,$0.00 ,$11.13 ,$32.43 ,$9.27 ,$0.00 ,0,0,6,1,10,11,1,0,150075,1390.308446,45792,42735,4855,24270,10946,14567,40935,13829,101017,2919,1938,3483,2730,14912
CA,CA12,201702,MCD,903,24.9213732,0.548172758,0.824407531,$104.75 ,$36.94 ,$25.48 ,$29.75 ,$12.57 ,$0.00 ,3,0,35,10,24,52,0,2,978130,5958.095977,328577,304624,41276,147389,92035,114438,279979,108140,686675,23756,12508,28262,25805,16750
CA,CA13,201702,MCD,395,29.25063291,0.516455696,1.036931646,$113.94 ,$43.81 ,$17.99 ,$40.58 ,$11.56 ,$0.00 ,2,0,12,5,10,27,1,0,342954,21389.49918,163854,119622,10594,41422,24903,67475,74845,21273,143965,5802,14241,5844,5879,17935
CA,CA14,201702,MCD,109989,31.76044877,0.511314768,0.319540581,$2.10 ,$0.35 ,$0.49 ,$1.13 ,$0.13 ,$0.00 ,0,0,26,7,23,532,0,1,2255381,3124.860076,789873,749021,60919,189668,113096,295103,502048,188257,1461149,154299,25948,59669,38303,48904
CA,CA15,201702,MCD,892,20.91255605,0.522421525,0.381467489,$10.83 ,$1.88 ,$1.58 ,$4.21 ,$3.15 ,$0.00 ,0,0,8,2,8,22,0,0,269075,1935.645521,84795,79606,14912,48433,23145,29320,80062,34066,193067,3236,5216,7611,5801,5926
CA,CA16,201702,MCD,2588,31.41769706,0.554482226,0.755299845,$483.28 ,$415.56 ,$17.49 ,$37.34 ,$12.90 ,$0.00 ,3,0,59,11,21,130,0,1,4673221,2470.336258,1796567,1692047,128698,373438,232541,689629,936866,360315,2804353,396804,19220,110888,205390,80356
CA,CA17,201702,MCD,896,21.24776786,0.517857143,0.477478795,$32.97 ,$8.24 ,$1.18 ,$9.79 ,$13.77 ,$0.00 ,0,0,5,0,9,29,1,1,539301,1496.015066,181213,172682,26130,73664,35012,67770,146907,48530,309505,12059,7723,11489,11100,5269
CA,CA18,201702,MCD,1267,27.35595896,0.54617206,0.644481452,$38.45 ,$0.00 ,$14.84 ,$17.06 ,$6.56 ,$0.00 ,0,0,19,7,14,52,2,0,732212,1392.385418,241055,226727,28989,96905,53972,89461,201506,62038,494325,20238,8143,16525,14450,15994
CA,CA19,201702,MCD,48671,30.65554437,0.504694788,1.426750591,$251.70 ,$89.05 ,$46.44 ,$79.21 ,$37.00 ,$0.00 ,195,2,1962,1070,408,6638,20,88,2291738,5095.099057,896341,819372,75758,168734,134416,335498,532415,114749,1083594,101802,25772,34828,51388,38576
CA,CA2,201702,MCD,11742,29.15014478,0.526997104,1.420753534,$246.95 ,$87.67 ,$58.64 ,$67.48 ,$33.16 ,$0.00 ,35,6,438,2,1,1444,3,27,180216,4176.578436,57468,44057,10782,33928,15883,22446,51676,34263,160443,3448,6076,4616,3242,9708
CA,CA20,201702,MCD,294,25.97959184,0.557823129,0.871629252,$147.24 ,$19.44 ,$70.45 ,$43.44 ,$13.91 ,$0.00 ,1,0,9,1,1,28,0,0,438530,821.7515515,156896,149067,15346,36031,23696,64390,98813,20223,269660,13520,4468,7695,7541,10444
CA,CA21,201702,MCD,234,31.27350427,0.52991453,1.043747863,$73.06 ,$0.00 ,$18.60 ,$40.79 ,$13.67 ,$0.00 ,0,0,7,3,4,18,1,0,641847,2324.181643,263188,238371,17271,57501,43401,116457,130712,38050,249451,23427,13544,12933,11677,12597
CA,CA22,201702,MCD,296,26.375,0.533783784,1.130435811,$261.54 ,$112.65 ,$29.72 ,$61.83 ,$57.34 ,$0.00 ,2,0,13,4,2,36,0,0,171365,1234.545845,62685,58539,6792,22175,14964,23303,45990,13426,84511,4555,4913,3992,3786,2411
CA,CA23,201702,MCD,139,31.02877698,0.482014389,1.018,$118.23 ,$42.81 ,$24.97 ,$42.92 ,$7.53 ,$0.00 ,1,0,6,2,3,10,0,0,151906,9005.172163,84579,59685,4117,9269,9764,35175,25619,1701,28770,2723,7154,1011,2769,11716
CA,CA24,201702,MCD,487,26.93839836,0.542094456,1.167476386,$220.69 ,$83.13 ,$80.63 ,$47.44 ,$9.49 ,$0.00 ,4,0,25,4,12,44,0,0,428006,8864.022501,193696,163983,16804,39396,35478,79271,91192,17615,138500,10651,26639,6204,11021,9809
CA,CA25,201702,MCD,616,30.77435065,0.487012987,1.354727273,$217.40 ,$45.86 ,$83.16 ,$66.81 ,$21.57 ,$0.00 ,3,0,17,6,24,58,1,0,470990,24672.40534,218386,187277,15591,36021,38019,90963,98766,8104,114440,8163,28551,6986,13481,12724
CA,CA3,201702,MCD,139288,29.53030412,0.525249842,1.20340692,$248.35 ,$93.80 ,$53.87 ,$76.67 ,$24.01 ,$0.00 ,353,30,3939,2377,118,17053,26,83,4518699,27266.44488,1549773,1348982,180356,553160,432652,561952,1186660,340581,3038969,129608,113905,106066,62893,91930
CA,CA4,201702,MCD,111034,25.65937461,0.526955707,1.052615658,$229.53 ,$114.56 ,$34.34 ,$53.14 ,$27.49 ,$0.00 ,311,20,3186,903,426,15585,25,108,13262234,4850.972611,4615697,4338482,441609,1781058,1352330,1739765,2957709,1601964,9307146,1149887,86507,469799,343744,220875
CA,CA5,201702,MCD,153878,27.09892252,0.535911566,1.202217828,$0.44 ,$0.03 ,$0.21 ,$0.12 ,$0.07 ,$0.00 ,472,97,5446,1649,19492,5272,119,69,848112,1842.466511,287498,271226,25853,88185,78474,123435,199599,77382,459811,31090,10988,17892,11400,12601
CA,CA6,201702,MCD,974,26.79055442,0.532854209,1.169549281,$43.50 ,$9.66 ,$9.21 ,$18.21 ,$6.43 ,$0.00 ,5,0,56,7,75,75,1,0,443738,2735.137621,156210,144962,13861,52042,46478,64775,99117,45552,244382,21169,6950,15410,8052,19863
CA,CA7,201702,MCD,2521,21.80642602,0.531931773,0.981699326,$88.33 ,$30.02 ,$13.26 ,$34.04 ,$11.02 ,$0.00 ,9,2,111,37,195,154,0,1,883053,8132.256436,295756,267913,39056,139584,77216,92005,257750,84735,576023,15490,21557,24792,18281,31126
CA,CA8,201702,MCD,256,30.72265625,0.46875,1.099539063,$69.69 ,$36.59 ,$13.53 ,$12.80 ,$6.77 ,$0.00 ,0,0,9,5,19,14,0,0,281455,3300.636162,121095,105317,6175,17123,20715,52758,50492,9045,86881,7329,9630,3482,4557,16435
CA,CA9,201702,MCD,371,23.89757412,0.571428571,0.530320755,$17.35 ,$0.00 ,$3.67 ,$9.74 ,$3.94 ,$0.00 ,0,0,12,1,8,14,0,0,433212,3281.719108,141155,126052,10475,78816,46650,55515,114125,75432,301974,14534,6567,17221,5984,17741
CA,CA1,201703,MCD,197365,29.16781091,0.535160743,1.577108398,$336.66 ,$117.24 ,$61.41 ,$101.02 ,$56.99 ,$0.00 ,730,32,6719,1508,79,37543,101,82,3302833,4208.762531,1204884,1118980,106962,286008,279602,439595,726344,216965,1787453,255366,42081,75015,61486,89451
CA,CA10,201703,MCD,510,22.07647059,0.541176471,0.834558824,$81.16 ,$26.45 ,$21.99 ,$25.84 ,$6.89 ,$0.00 ,0,0,23,8,36,46,1,0,460477,4824.376542,147791,136106,18321,81345,44779,50391,143528,61208,326860,6561,10023,13317,8274,5426
CA,CA11,201703,MCD,148,24.31756757,0.533783784,1.036148649,$125.26 ,$57.43 ,$12.08 ,$45.72 ,$10.02 ,$0.00 ,2,0,2,0,6,14,0,0,150075,1390.308446,45792,42735,4855,24270,10946,14567,40935,13829,101017,2919,1938,3483,2730,14912
CA,CA12,201703,MCD,928,24.98491379,0.554956897,0.822954741,$74.08 ,$14.08 ,$24.69 ,$23.68 ,$11.64 ,$0.00 ,1,0,26,5,33,69,0,2,978130,5958.095977,328577,304624,41276,147389,92035,114438,279979,108140,686675,23756,12508,28262,25805,16750
CA,CA13,201703,MCD,396,29.37373737,0.517676768,1.035873737,$105.18 ,$0.00 ,$21.69 ,$66.99 ,$16.50 ,$0.00 ,0,0,13,3,4,34,0,0,342954,21389.49918,163854,119622,10594,41422,24903,67475,74845,21273,143965,5802,14241,5844,5879,17935
CA,CA14,201703,MCD,111860,31.81587699,0.511380297,0.319756401,$3.19 ,$1.57 ,$0.42 ,$0.97 ,$0.22 ,$0.00 ,2,0,37,6,23,582,0,0,2255381,3124.860076,789873,749021,60919,189668,113096,295103,502048,188257,1461149,154299,25948,59669,38303,48904
CA,CA15,201703,MCD,908,21.08810573,0.522026432,0.381685022,$11.41 ,$0.00 ,$2.11 ,$5.86 ,$3.44 ,$0.00 ,0,0,8,2,12,28,0,0,269075,1935.645521,84795,79606,14912,48433,23145,29320,80062,34066,193067,3236,5216,7611,5801,5926
CA,CA16,201703,MCD,2660,31.52894737,0.554511278,0.770087594,$84.65 ,$16.76 ,$19.14 ,$34.97 ,$13.78 ,$0.00 ,4,0,55,16,25,153,2,0,4673221,2470.336258,1796567,1692047,128698,373438,232541,689629,936866,360315,2804353,396804,19220,110888,205390,80356
CA,CA17,201703,MCD,904,21.32300885,0.514380531,0.47475,$35.55 ,$2.74 ,$5.19 ,$13.91 ,$13.71 ,$0.00 ,0,0,10,2,6,33,0,1,539301,1496.015066,181213,172682,26130,73664,35012,67770,146907,48530,309505,12059,7723,11489,11100,5269
CA,CA18,201703,MCD,1298,27.31510015,0.547765794,0.641131741,$55.39 ,$9.21 ,$17.78 ,$21.33 ,$7.07 ,$0.00 ,0,0,27,7,12,57,0,0,732212,1392.385418,241055,226727,28989,96905,53972,89461,201506,62038,494325,20238,8143,16525,14450,15994
CA,CA19,201703,MCD,49459,30.69607149,0.504619988,1.42349908,$302.37 ,$97.48 ,$60.03 ,$96.78 ,$48.08 ,$0.00 ,193,0,2245,1134,489,7677,36,89,2291738,5095.099057,896341,819372,75758,168734,134416,335498,532415,114749,1083594,101802,25772,34828,51388,38576
CA,CA2,201703,MCD,11948,29.17308336,0.526364245,1.415036324,$246.50 ,$57.46 ,$75.61 ,$77.08 ,$36.35 ,$0.00 ,35,10,594,8,6,1683,2,30,180216,4176.578436,57468,44057,10782,33928,15883,22446,51676,34263,160443,3448,6076,4616,3242,9708
CA,,201703,MCD,296,26.09797297,0.560810811,0.88183446,$98.85 ,$0.00 ,$39.55 ,$50.11 ,$9.18 ,$0.00 ,0,0,10,5,2,24,0,0,438530,821.7515515,156896,149067,15346,36031,23696,64390,98813,20223,269660,13520,4468,7695,7541,10444
CA,CA21,201703,MCD,238,31.36134454,0.525210084,1.035386555,$132.51 ,$50.22 ,$29.02 ,$43.56 ,$9.71 ,$0.00 ,0,0,7,1,4,19,0,0,641847,2324.181643,263188,238371,17271,57501,43401,116457,130712,38050,249451,23427,13544,12933,11677,12597
CA,CA22,201703,MCD,303,26.36633663,0.537953795,1.080326733,$215.82 ,$40.71 ,$50.85 ,$68.75 ,$55.52 ,$0.00 ,0,0,15,6,3,35,0,0,171365,1234.545845,62685,58539,6792,22175,14964,23303,45990,13426,84511,4555,4913,3992,3786,2411
CA,CA23,201703,MCD,148,31.2027027,0.5,1.252939189,$90.52 ,$0.00 ,$13.43 ,$67.16 ,$9.93 ,$0.00 ,0,0,3,3,9,21,0,0,151906,9005.172163,84579,59685,4117,9269,9764,35175,25619,1701,28770,2723,7154,1011,2769,11716
CA,CA24,201703,MCD,499,27.14028056,0.539078156,1.176132265,$97.83 ,$17.26 ,$18.33 ,$46.10 ,$16.14 ,$0.00 ,1,0,25,5,15,55,0,0,428006,8864.022501,193696,163983,16804,39396,35478,79271,91192,17615,138500,10651,26639,6204,11021,9809
CA,CA25,201703,MCD,623,31.29213483,0.487961477,1.367955056,$238.40 ,$100.38 ,$34.39 ,$62.06 ,$41.57 ,$0.00 ,3,1,27,5,24,74,0,0,470990,24672.40534,218386,187277,15591,36021,38019,90963,98766,8104,114440,8163,28551,6986,13481,12724
CA,CA3,201703,MCD,142068,29.57649154,0.525051384,1.199368521,$258.24 ,$95.55 ,$55.16 ,$81.25 ,$26.28 ,$0.00 ,374,32,4370,2579,158,19018,40,96,4518699,27266.44488,1549773,1348982,180356,553160,432652,561952,1186660,340581,3038969,129608,113905,106066,62893,91930
CA,CA4,201703,MCD,113790,25.73591704,0.526979524,1.049404087,$290.19 ,$161.59 ,$36.61 ,$63.10 ,$28.88 ,$0.00 ,383,21,3886,1029,494,17701,25,122,13262234,4850.972611,4615697,4338482,441609,1781058,1352330,1739765,2957709,1601964,9307146,1149887,86507,469799,343744,220875
CA,CA5,201703,MCD,156375,27.16566587,0.535884892,1.199874782,$1.58 ,$0.89 ,$0.20 ,$0.42 ,$0.08 ,$0.00 ,469,79,5800,1585,21980,6075,96,71,848112,1842.466511,287498,271226,25853,88185,78474,123435,199599,77382,459811,31090,10988,17892,11400,12601
CA,CA6,201703,MCD,1010,26.77722772,0.528712871,1.164676238,$24.29 ,$3.77 ,$5.29 ,$9.76 ,$5.47 ,$0.00 ,5,3,52,5,101,70,0,0,443738,2735.137621,156210,144962,13861,52042,46478,64775,99117,45552,244382,21169,6950,15410,8052,19863
CA,CA7,201703,MCD,2584,22.01122291,0.531733746,0.986600619,$60.09 ,$11.81 ,$15.63 ,$22.57 ,$10.08 ,$0.00 ,8,1,147,28,202,177,1,1,883053,8132.256436,295756,267913,39056,139584,77216,92005,257750,84735,576023,15490,21557,24792,18281,31126
CA,CA8,201703,MCD,261,31.07662835,0.471264368,1.124344828,$62.56 ,$28.62 ,$3.64 ,$20.81 ,$9.48 ,$0.00 ,0,0,7,0,25,21,0,0,281455,3300.636162,121095,105317,6175,17123,20715,52758,50492,9045,86881,7329,9630,3482,4557,16435
CA,CA9,201703,MCD,387,23.6873385,0.581395349,0.519222222,$14.68 ,$0.00 ,$1.41 ,$9.70 ,$3.57 ,$0.00 ,0,0,8,1,14,15,0,0,433212,3281.719108,141155,126052,10475,78816,46650,55515,114125,75432,301974,14534,6567,17221,5984,17741
CA,CA1,201704,MCD,197333,29.23317945,0.535272864,1.576750964,$303.33 ,$111.44 ,$52.92 ,$88.36 ,$50.61 ,$0.00 ,698,34,6201,1262,73,33848,106,92,3302833,4208.762531,1204884,1118980,106962,286008,279602,439595,726344,216965,1787453,255366,42081,75015,61486,89451
CA,CA10,201704,MCD,513,22.04093567,0.539961014,0.832173489,$68.65 ,$0.00 ,$38.53 ,$21.21 ,$8.92 ,$0.00 ,1,1,20,5,31,44,0,0,460477,4824.376542,147791,136106,18321,81345,44779,50391,143528,61208,326860,6561,10023,13317,8274,5426
CA,CA11,201704,MCD,149,24.26845638,0.536912752,1.031315436,$146.74 ,$59.95 ,$30.02 ,$50.00 ,$6.78 ,$0.00 ,1,0,11,0,3,10,0,0,150075,1390.308446,45792,42735,4855,24270,10946,14567,40935,13829,101017,2919,1938,3483,2730,14912
CA,CA12,201704,MCD,927,25.0021575,0.554476807,0.821839267,$101.56 ,$35.86 ,$21.17 ,$35.02 ,$9.51 ,$0.00 ,3,0,25,8,26,46,1,2,978130,5958.095977,328577,304624,41276,147389,92035,114438,279979,108140,686675,23756,12508,28262,25805,16750
CA,CA13,201704,MCD,399,29.25814536,0.521303258,1.029225564,$193.18 ,$59.16 ,$60.20 ,$57.33 ,$16.49 ,$0.00 ,2,0,18,1,7,20,0,0,342954,21389.49918,163854,119622,10594,41422,24903,67475,74845,21273,143965,5802,14241,5844,5879,17935
CA,CA14,201704,MCD,111850,31.88432722,0.511390255,0.320062512,$1.97 ,$0.32 ,$0.36 ,$1.08 ,$0.21 ,$0.00 ,2,0,39,2,16,489,1,2,2255381,3124.860076,789873,749021,60919,189668,113096,295103,502048,188257,1461149,154299,25948,59669,38303,48904
CA,CA15,201704,MCD,906,21.06181016,0.518763797,0.381696468,$44.00 ,$29.44 ,$1.61 ,$9.23 ,$3.73 ,$0.00 ,0,0,4,1,9,22,0,0,269075,1935.645521,84795,79606,14912,48433,23145,29320,80062,34066,193067,3236,5216,7611,5801,5926
CA,CA16,201704,MCD,2651,31.59713316,0.555639381,0.771406639,$212.25 ,$151.06 ,$14.61 ,$33.88 ,$12.71 ,$0.00 ,7,1,50,13,19,136,1,2,4673221,2470.336258,1796567,1692047,128698,373438,232541,689629,936866,360315,2804353,396804,19220,110888,205390,80356
CA,CA17,201704,MCD,904,21.44247788,0.513274336,0.473873894,$57.24 ,$28.28 ,$2.31 ,$12.72 ,$13.94 ,$0.00 ,1,0,9,1,8,32,1,1,539301,1496.015066,181213,172682,26130,73664,35012,67770,146907,48530,309505,12059,7723,11489,11100,5269
CA,CA18,201704,MCD,1294,27.29289026,0.547140649,0.64061592,$42.70 ,$0.00 ,$21.51 ,$16.24 ,$4.96 ,$0.00 ,0,0,15,3,17,54,0,0,732212,1392.385418,241055,226727,28989,96905,53972,89461,201506,62038,494325,20238,8143,16525,14450,15994
CA,CA19,201704,MCD,49392,30.77227081,0.504818594,1.423251458,$269.75 ,$88.52 ,$53.26 ,$85.60 ,$42.37 ,$0.00 ,189,3,2115,921,438,6864,40,108,2291738,5095.099057,896341,819372,75758,168734,134416,335498,532415,114749,1083594,101802,25772,34828,51388,38576
CA,CA2,201704,MCD,11932,29.29098223,0.525980557,1.411803134,$225.88 ,$48.56 ,$76.55 ,$65.95 ,$34.82 ,$0.00 ,30,10,515,2,4,1480,2,33,180216,4176.578436,57468,44057,10782,33928,15883,22446,51676,34263,160443,3448,6076,4616,3242,9708
CA,CA20,201704,MCD,297,26.1952862,0.562289562,0.88116835,$152.76 ,$0.00 ,$100.23 ,$44.52 ,$8.01 ,$0.00 ,0,0,16,1,2,26,0,0,438530,821.7515515,156896,149067,15346,36031,23696,64390,98813,20223,269660,13520,4468,7695,7541,10444
CA,CA21,201704,MCD,236,31.48728814,0.525423729,1.034588983,$117.57 ,$24.22 ,$30.18 ,$50.33 ,$12.84 ,$0.00 ,0,0,8,1,5,19,0,0,641847,2324.181643,263188,238371,17271,57501,43401,116457,130712,38050,249451,23427,13544,12933,11677,12597
CA,CA22,201704,MCD,300,26.56333333,0.536666667,1.110106667,$198.87 ,$47.67 ,$33.04 ,$61.89 ,$56.27 ,$0.00 ,1,0,18,3,2,36,1,0,171365,1234.545845,62685,58539,6792,22175,14964,23303,45990,13426,84511,4555,4913,3992,3786,2411
CA,CA23,201704,MCD,148,31.2972973,0.5,1.252939189,$133.49 ,$23.65 ,$16.08 ,$74.15 ,$19.62 ,$0.00 ,0,0,5,2,2,14,0,0,151906,9005.172163,84579,59685,4117,9269,9764,35175,25619,1701,28770,2723,7154,1011,2769,11716
CA,CA24,201704,MCD,497,27.33802817,0.53722334,1.182523139,$115.46 ,$47.57 ,$17.30 ,$41.56 ,$9.03 ,$0.00 ,0,0,21,7,9,43,0,0,428006,8864.022501,193696,163983,16804,39396,35478,79271,91192,17615,138500,10651,26639,6204,11021,9809
CA,CA25,201704,MCD,628,31.14968153,0.488853503,1.342585987,$179.21 ,$52.67 ,$35.03 ,$42.87 ,$48.65 ,$0.00 ,4,1,29,9,19,71,0,0,470990,24672.40534,218386,187277,15591,36021,38019,90963,98766,8104,114440,8163,28551,6986,13481,12724
CA,CA3,201704,MCD,142136,29.66667136,0.524962008,1.200739482,$237.88 ,$85.17 ,$54.69 ,$73.50 ,$24.53 ,$0.00 ,413,27,4421,2307,130,17290,36,88,4518699,27266.44488,1549773,1348982,180356,553160,432652,561952,1186660,340581,3038969,129608,113905,106066,62893,91930
CA,CA4,201704,MCD,113895,25.81558453,0.527160982,1.049645516,$238.40 ,$120.89 ,$36.16 ,$55.76 ,$25.60 ,$0.00 ,382,19,3561,821,441,15219,34,118,13262234,4850.972611,4615697,4338482,441609,1781058,1352330,1739765,2957709,1601964,9307146,1149887,86507,469799,343744,220875
CA,CA5,201704,MCD,156466,27.23931717,0.535918347,1.198885055,$0.32 ,$0.07 ,$0.08 ,$0.12 ,$0.05 ,$0.00 ,444,91,5498,1410,18727,5194,92,72,848112,1842.466511,287498,271226,25853,88185,78474,123435,199599,77382,459811,31090,10988,17892,11400,12601
CA,CA6,201704,MCD,1008,26.81547619,0.529761905,1.156037698,$43.12 ,$14.59 ,$5.19 ,$16.07 ,$7.28 ,$0.00 ,0,2,55,9,81,47,1,0,443738,2735.137621,156210,144962,13861,52042,46478,64775,99117,45552,244382,21169,6950,15410,8052,19863
CA,CA7,201704,MCD,2588,22.10664606,0.532457496,0.98776391,$50.91 ,$8.93 ,$10.22 ,$22.13 ,$9.64 ,$0.00 ,3,2,114,36,182,179,0,1,883053,8132.256436,295756,267913,39056,139584,77216,92005,257750,84735,576023,15490,21557,24792,18281,31126
CA,CA8,201704,MCD,260,31.4,0.469230769,1.124442308,$61.53 ,$27.81 ,$10.46 ,$17.03 ,$6.23 ,$0.00 ,1,0,13,1,15,17,0,0,281455,3300.636162,121095,105317,6175,17123,20715,52758,50492,9045,86881,7329,9630,3482,4557,16435
CA,CA9,201704,MCD,388,23.62113402,0.582474227,0.514296392,$29.60 ,$0.00 ,$11.70 ,$15.45 ,$2.44 ,$0.00 ,0,0,9,0,11,13,1,0,433212,3281.719108,141155,126052,10475,78816,46650,55515,114125,75432,301974,14534,6567,17221,5984,17741
CA,CA1,201705,MCD,197656,29.30291011,0.535192456,1.575614381,$329.84 ,$115.49 ,$57.66 ,$100.68 ,$55.99 ,$0.00 ,735,30,6442,1429,74,35911,106,91,3302833,4208.762531,1204884,1118980,106962,286008,279602,439595,726344,216965,1787453,255366,42081,75015,61486,89451
CA,CA10,201705,MCD,517,22.09477756,0.541586074,0.827551257,$32.80 ,$0.00 ,$6.04 ,$18.17 ,$8.60 ,$0.00 ,0,0,17,2,40,46,0,0,460477,4824.376542,147791,136106,18321,81345,44779,50391,143528,61208,326860,6561,10023,13317,8274,5426
CA,CA11,201705,MCD,149,24.34899329,0.536912752,1.031315436,$107.81 ,$57.80 ,$13.92 ,$29.52 ,$6.57 ,$0.00 ,1,0,8,2,6,10,0,0,150075,1390.308446,45792,42735,4855,24270,10946,14567,40935,13829,101017,2919,1938,3483,2730,14912
CA,CA12,201705,MCD,927,25.12297735,0.554476807,0.82325027,$129.39 ,$60.98 ,$31.32 ,$26.38 ,$10.71 ,$0.00 ,1,0,26,7,34,61,0,2,978130,5958.095977,328577,304624,41276,147389,92035,114438,279979,108140,686675,23756,12508,28262,25805,16750
CA,CA13,201705,MCD,399,29.39598998,0.521303258,1.035260652,$105.14 ,$21.78 ,$12.06 ,$58.40 ,$12.91 ,$0.00 ,1,0,13,2,5,30,0,0,342954,21389.49918,163854,119622,10594,41422,24903,67475,74845,21273,143965,5802,14241,5844,5879,17935
CA,CA14,201705,MCD,111930,31.964451,0.511498258,0.320181515,$1.17 ,$0.20 ,$0.36 ,$0.48 ,$0.13 ,$0.00 ,2,0,52,5,29,279,0,1,2255381,3124.860076,789873,749021,60919,189668,113096,295103,502048,188257,1461149,154299,25948,59669,38303,48904
CA,CA15,201705,MCD,913,21.16429354,0.52026287,0.380858708,$178.21 ,$0.00 ,$5.30 ,$168.89 ,$4.02 ,$0.00 ,0,0,8,3,9,23,0,0,269075,1935.645521,84795,79606,14912,48433,23145,29320,80062,34066,193067,3236,5216,7611,5801,5926
CA,CA16,201705,MCD,2663,31.66616598,0.55426211,0.769917762,$120.01 ,$50.67 ,$22.76 ,$31.27 ,$15.31 ,$0.00 ,7,0,64,11,18,140,1,2,4673221,2470.336258,1796567,1692047,128698,373438,232541,689629,936866,360315,2804353,396804,19220,110888,205390,80356
CA,CA17,201705,MCD,908,21.43061674,0.516519824,0.474230176,$36.39 ,$0.00 ,$1.63 ,$24.68 ,$10.08 ,$0.00 ,0,0,12,4,5,30,0,1,539301,1496.015066,181213,172682,26130,73664,35012,67770,146907,48530,309505,12059,7723,11489,11100,5269
CA,CA18,201705,MCD,1297,27.45643793,0.546646106,0.640951426,$71.13 ,$30.97 ,$13.19 ,$20.09 ,$6.88 ,$0.00 ,2,1,25,6,13,59,0,0,732212,1392.385418,241055,226727,28989,96905,53972,89461,201506,62038,494325,20238,8143,16525,14450,15994
CA,CA19,201705,MCD,49450,30.85371082,0.50471183,1.421161759,$296.46 ,$100.56 ,$57.62 ,$90.75 ,$47.53 ,$0.00 ,192,11,2501,1013,525,7147,44,112,2291738,5095.099057,896341,819372,75758,168734,134416,335498,532415,114749,1083594,101802,25772,34828,51388,38576
CA,CA2,201705,MCD,11955,29.37716437,0.526306985,1.414570975,$246.09 ,$57.28 ,$74.06 ,$72.11 ,$42.64 ,$0.00 ,39,9,495,7,3,1563,4,24,180216,4176.578436,57468,44057,10782,33928,15883,22446,51676,34263,160443,3448,6076,4616,3242,9708
CA,CA20,201705,MCD,298,26.10067114,0.563758389,0.873426175,$181.57 ,$42.68 ,$56.17 ,$63.95 ,$18.78 ,$0.00 ,2,0,15,2,2,32,0,0,438530,821.7515515,156896,149067,15346,36031,23696,64390,98813,20223,269660,13520,4468,7695,7541,10444
CA,CA21,201705,MCD,236,31.70338983,0.521186441,1.046148305,$216.04 ,$82.99 ,$35.29 ,$83.77 ,$13.99 ,$0.00 ,1,0,10,1,8,12,1,0,641847,2324.181643,263188,238371,17271,57501,43401,116457,130712,38050,249451,23427,13544,12933,11677,12597
CA,CA22,201705,MCD,305,26.65573771,0.537704918,1.124498361,$144.07 ,$13.75 ,$19.68 ,$47.82 ,$62.81 ,$0.00 ,1,0,21,2,4,35,1,0,171365,1234.545845,62685,58539,6792,22175,14964,23303,45990,13426,84511,4555,4913,3992,3786,2411
CA,CA23,201705,MCD,148,31.36486487,0.5,1.252939189,$160.13 ,$41.01 ,$31.68 ,$63.29 ,$24.15 ,$0.00 ,1,0,10,1,3,15,0,0,151906,9005.172163,84579,59685,4117,9269,9764,35175,25619,1701,28770,2723,7154,1011,2769,11716
CA,CA24,201705,MCD,501,27.33932136,0.538922156,1.175578842,$214.61 ,$129.16 ,$17.03 ,$49.93 ,$18.50 ,$0.00 ,3,0,22,10,7,36,0,0,428006,8864.022501,193696,163983,16804,39396,35478,79271,91192,17615,138500,10651,26639,6204,11021,9809
CA,CA25,201705,MCD,623,31.31139647,0.487961477,1.364033708,$264.39 ,$99.57 ,$34.58 ,$75.18 ,$55.05 ,$0.00 ,3,0,23,5,23,61,0,0,470990,24672.40534,218386,187277,15591,36021,38019,90963,98766,8104,114440,8163,28551,6986,13481,12724
CA,CA3,201705,MCD,142245,29.72879187,0.525248691,1.199616043,$248.70 ,$87.32 ,$59.60 ,$74.65 ,$27.14 ,$0.00 ,331,22,4446,2350,257,17665,36,98,4518699,27266.44488,1549773,1348982,180356,553160,432652,561952,1186660,340581,3038969,129608,113905,106066,62893,91930
CA,CA4,201705,MCD,113798,25.90724793,0.526801877,1.050828995,$256.80 ,$132.61 ,$34.83 ,$60.82 ,$28.55 ,$0.00 ,397,25,3640,870,469,15845,32,125,13262234,4850.972611,4615697,4338482,441609,1781058,1352330,1739765,2957709,1601964,9307146,1149887,86507,469799,343744,220875
CA,CA5,201705,MCD,156559,27.30819691,0.535778844,1.199095217,$0.50 ,$0.11 ,$0.20 ,$0.14 ,$0.05 ,$0.00 ,455,94,5761,1465,20417,5560,111,76,848112,1842.466511,287498,271226,25853,88185,78474,123435,199599,77382,459811,31090,10988,17892,11400,12601
CA,CA6,201705,MCD,1007,26.98609732,0.527308838,1.165636544,$66.50 ,$34.15 ,$10.83 ,$15.42 ,$6.10 ,$0.00 ,2,2,44,5,80,55,0,0,443738,2735.137621,156210,144962,13861,52042,46478,64775,99117,45552,244382,21169,6950,15410,8052,19863
CA,CA7,201705,MCD,2595,22.09633911,0.532947977,0.984181888,$71.41 ,$13.73 ,$20.38 ,$21.13 ,$16.18 ,$0.00 ,7,2,117,34,170,166,0,1,883053,8132.256436,295756,267913,39056,139584,77216,92005,257750,84735,576023,15490,21557,24792,18281,31126
CA,CA8,201705,MCD,258,31.58914729,0.468992248,1.127465116,$66.04 ,$28.96 ,$5.82 ,$20.34 ,$10.93 ,$0.00 ,0,0,7,2,23,14,0,0,281455,3300.636162,121095,105317,6175,17123,20715,52758,50492,9045,86881,7329,9630,3482,4557,16435
CA,CA9,201705,MCD,387,23.84496124,0.581395349,0.516547804,$36.04 ,$0.00 ,$17.74 ,$15.39 ,$2.91 ,$0.00 ,0,0,7,1,7,14,0,0,433212,3281.719108,141155,126052,10475,78816,46650,55515,114125,75432,301974,14534,6567,17221,5984,17741
CA,CA1,201706,MCD,197919,29.38016562,0.535198743,1.575474017,$317.80 ,$106.54 ,$56.70 ,$99.75 ,$54.81 ,$0.00 ,691,21,5823,1214,70,33806,86,97,3302833,4208.762531,1204884,1118980,106962,286008,279602,439595,726344,216965,1787453,255366,42081,75015,61486,89451
CA,CA10,201706,MCD,517,22.17408124,0.541586074,0.827551257,$33.25 ,$6.92 ,$1.91 ,$15.21 ,$9.21 ,$0.00 ,3,0,15,6,37,45,0,0,460477,4824.376542,147791,136106,18321,81345,44779,50391,143528,61208,326860,6561,10023,13317,8274,5426
CA,CA11,201706,MCD,148,24.26351351,0.540540541,1.035945946,$384.60 ,$313.63 ,$7.89 ,$54.55 ,$8.52 ,$0.00 ,1,0,4,0,8,17,0,0,150075,1390.308446,45792,42735,4855,24270,10946,14567,40935,13829,101017,2919,1938,3483,2730,14912
CA,CA12,201706,MCD,931,25.14607948,0.555316864,0.820581096,$169.73 ,$115.36 ,$19.25 ,$22.70 ,$12.42 ,$0.00 ,1,0,22,5,22,57,1,1,978130,5958.095977,328577,304624,41276,147389,92035,114438,279979,108140,686675,23756,12508,28262,25805,16750
CA,CA13,201706,MCD,402,29.48756219,0.52238806,1.031375622,$106.36 ,$0.00 ,$11.63 ,$79.62 ,$15.12 ,$0.00 ,0,0,15,6,12,24,2,0,342954,21389.49918,163854,119622,10594,41422,24903,67475,74845,21273,143965,5802,14241,5844,5879,17935
CA,CA14,201706,MCD,112061,32.03673892,0.511551744,0.320166088,$6.90 ,$4.92 ,$0.92 ,$0.98 ,$0.07 ,$0.00 ,4,0,52,4,24,290,0,1,2255381,3124.860076,789873,749021,60919,189668,113096,295103,502048,188257,1461149,154299,25948,59669,38303,48904
CA,CA15,201706,MCD,916,21.29803493,0.519650655,0.380449782,$17.63 ,$6.24 ,$2.37 ,$5.75 ,$3.27 ,$0.00 ,1,0,8,0,9,21,0,0,269075,1935.645521,84795,79606,14912,48433,23145,29320,80062,34066,193067,3236,5216,7611,5801,5926
CA,CA16,201706,MCD,2670,31.75205993,0.554307116,0.769042697,$74.26 ,$13.35 ,$15.38 ,$33.49 ,$12.04 ,$0.00 ,4,0,43,5,19,128,0,1,4673221,2470.336258,1796567,1692047,128698,373438,232541,689629,936866,360315,2804353,396804,19220,110888,205390,80356
CA,CA17,201706,MCD,909,21.49834984,0.515951595,0.473788779,$20.94 ,$0.00 ,$3.22 ,$8.49 ,$9.23 ,$0.00 ,0,0,10,1,4,26,0,0,539301,1496.015066,181213,172682,26130,73664,35012,67770,146907,48530,309505,12059,7723,11489,11100,5269
CA,CA18,201706,MCD,1298,27.5385208,0.546995378,0.640697227,$54.69 ,$10.25 ,$16.16 ,$22.02 ,$6.27 ,$0.00 ,0,0,14,5,14,49,0,0,732212,1392.385418,241055,226727,28989,96905,53972,89461,201506,62038,494325,20238,8143,16525,14450,15994
CA,CA19,201706,MCD,49443,30.9493356,0.504601258,1.421880489,$294.50 ,$107.33 ,$54.12 ,$89.03 ,$44.02 ,$0.00 ,188,7,2133,746,234,7228,29,104,2291738,5095.099057,896341,819372,75758,168734,134416,335498,532415,114749,1083594,101802,25772,34828,51388,38576
CA,CA2,201706,MCD,11950,29.43606695,0.526778243,1.415166695,$254.95 ,$84.38 ,$65.97 ,$71.53 ,$33.07 ,$0.00 ,49,11,465,3,6,1494,1,23,180216,4176.578436,57468,44057,10782,33928,15883,22446,51676,34263,160443,3448,6076,4616,3242,9708
CA,CA20,201706,MCD,299,26.23411371,0.56187291,0.87590301,$221.25 ,$92.66 ,$77.96 ,$40.40 ,$10.24 ,$0.00 ,1,0,11,1,1,17,0,0,438530,821.7515515,156896,149067,15346,36031,23696,64390,98813,20223,269660,13520,4468,7695,7541,10444
CA,CA21,201706,MCD,239,31.66945607,0.523012552,1.036723849,$276.55 ,$129.11 ,$36.27 ,$99.69 ,$11.49 ,$0.00 ,2,0,9,2,6,12,0,0,641847,2324.181643,263188,238371,17271,57501,43401,116457,130712,38050,249451,23427,13544,12933,11677,12597
CA,CA22,201706,MCD,304,26.64802632,0.536184211,1.110881579,$181.20 ,$17.27 ,$46.39 ,$59.60 ,$57.94 ,$0.00 ,1,0,9,4,1,38,0,1,171365,1234.545845,62685,58539,6792,22175,14964,23303,45990,13426,84511,4555,4913,3992,3786,2411
CA,CA23,201706,MCD,146,31.30821918,0.5,1.249,$67.00 ,$0.00 ,$27.49 ,$30.81 ,$8.70 ,$0.00 ,0,0,4,0,2,13,0,0,151906,9005.172163,84579,59685,4117,9269,9764,35175,25619,1701,28770,2723,7154,1011,2769,11716
CA,CA24,201706,MCD,499,27.3987976,0.539078156,1.173951904,$164.85 ,$21.45 ,$85.62 ,$44.32 ,$13.45 ,$0.00 ,1,0,19,3,6,58,0,0,428006,8864.022501,193696,163983,16804,39396,35478,79271,91192,17615,138500,10651,26639,6204,11021,9809
CA,CA25,201706,MCD,620,31.63387097,0.490322581,1.372522581,$136.02 ,$22.00 ,$33.58 ,$51.60 ,$28.85 ,$0.00 ,3,0,29,4,19,67,0,0,470990,24672.40534,218386,187277,15591,36021,38019,90963,98766,8104,114440,8163,28551,6986,13481,12724
CA,CA3,201706,MCD,142214,29.80851393,0.525124109,1.200054221,$246.60 ,$88.93 ,$59.29 ,$71.82 ,$26.56 ,$0.00 ,358,23,3923,1952,254,16806,31,95,4518699,27266.44488,1549773,1348982,180356,553160,432652,561952,1186660,340581,3038969,129608,113905,106066,62893,91930
CA,CA4,201706,MCD,113919,25.97904652,0.526953362,1.051112677,$249.18 ,$123.32 ,$35.09 ,$63.52 ,$27.25 ,$0.00 ,355,23,3255,643,432,14697,41,120,13262234,4850.972611,4615697,4338482,441609,1781058,1352330,1739765,2957709,1601964,9307146,1149887,86507,469799,343744,220875
CA,CA5,201706,MCD,156704,27.39505692,0.535697876,1.199364949,$0.60 ,$0.09 ,$0.26 ,$0.18 ,$0.07 ,$0.00 ,438,104,5263,1268,18784,5415,102,78,848112,1842.466511,287498,271226,25853,88185,78474,123435,199599,77382,459811,31090,10988,17892,11400,12601
CA,CA6,201706,MCD,1006,27.03379722,0.52584493,1.1647833,$26.36 ,$7.90 ,$4.05 ,$10.26 ,$4.14 ,$0.00 ,0,1,49,3,94,59,0,0,443738,2735.137621,156210,144962,13861,52042,46478,64775,99117,45552,244382,21169,6950,15410,8052,19863
CA,CA7,201706,MCD,2591,22.22809726,0.534156696,0.987677345,$76.12 ,$20.50 ,$12.10 ,$33.90 ,$9.61 ,$0.00 ,8,2,115,21,158,163,3,1,883053,8132.256436,295756,267913,39056,139584,77216,92005,257750,84735,576023,15490,21557,24792,18281,31126
CA,CA8,201706,MCD,262,31.28244275,0.473282443,1.12098855,$78.93 ,$27.60 ,$24.70 ,$21.33 ,$5.30 ,$0.00 ,0,0,10,3,20,13,0,0,281455,3300.636162,121095,105317,6175,17123,20715,52758,50492,9045,86881,7329,9630,3482,4557,16435
CA,CA9,201706,MCD,389,23.81491003,0.580976864,0.516917738,$11.54 ,$0.00 ,$3.03 ,$6.78 ,$1.73 ,$0.00 ,0,0,3,2,7,12,0,0,433212,3281.719108,141155,126052,10475,78816,46650,55515,114125,75432,301974,14534,6567,17221,5984,17741
CA,CA1,201707,MCD,198297,29.45135832,0.53517199,1.575532696,$317.86 ,$117.29 ,$54.86 ,$93.17 ,$52.54 ,$0.00 ,778,26,6014,1215,58,31126,89,86,3302833,4208.762531,1204884,1118980,106962,286008,279602,439595,726344,216965,1787453,255366,42081,75015,61486,89451
CA,CA10,201707,MCD,517,22.26499033,0.541586074,0.827551257,$36.11 ,$0.00 ,$13.24 ,$13.04 ,$9.83 ,$0.00 ,2,0,22,4,31,28,0,0,460477,4824.376542,147791,136106,18321,81345,44779,50391,143528,61208,326860,6561,10023,13317,8274,5426
CA,CA11,201707,MCD,149,24.50335571,0.536912752,1.031315436,$103.56 ,$75.94 ,$3.52 ,$17.54 ,$6.56 ,$0.00 ,0,0,5,0,4,9,0,0,150075,1390.308446,45792,42735,4855,24270,10946,14567,40935,13829,101017,2919,1938,3483,2730,14912
CA,CA12,201707,MCD,929,25.17653391,0.555435953,0.821515608,$68.41 ,$12.45 ,$22.32 ,$21.80 ,$11.85 ,$0.00 ,0,0,22,3,25,49,0,0,978130,5958.095977,328577,304624,41276,147389,92035,114438,279979,108140,686675,23756,12508,28262,25805,16750
CA,CA13,201707,MCD,402,29.55970149,0.52238806,0.99261194,$937.62 ,$822.20 ,$18.20 ,$83.00 ,$14.22 ,$0.00 ,1,0,13,6,7,19,0,0,342954,21389.49918,163854,119622,10594,41422,24903,67475,74845,21273,143965,5802,14241,5844,5879,17935
CA,CA14,201707,MCD,112182,32.12650871,0.511418944,0.320244344,$3.42 ,$1.47 ,$1.14 ,$0.74 ,$0.07 ,$0.00 ,6,0,68,2,16,259,0,1,2255381,3124.860076,789873,749021,60919,189668,113096,295103,502048,188257,1461149,154299,25948,59669,38303,48904
CA,CA15,201707,MCD,913,21.36035049,0.52026287,0.381171961,$19.00 ,$7.57 ,$2.62 ,$6.10 ,$2.71 ,$0.00 ,0,0,7,2,9,22,0,0,269075,1935.645521,84795,79606,14912,48433,23145,29320,80062,34066,193067,3236,5216,7611,5801,5926
CA,CA16,201707,MCD,2671,31.78472482,0.554848371,0.766502059,$167.82 ,$105.97 ,$18.19 ,$31.49 ,$12.17 ,$0.00 ,7,2,55,12,20,128,1,2,4673221,2470.336258,1796567,1692047,128698,373438,232541,689629,936866,360315,2804353,396804,19220,110888,205390,80356
CA,CA17,201707,MCD,902,21.5864745,0.514412417,0.475805987,$17.72 ,$0.00 ,$0.99 ,$7.50 ,$9.23 ,$0.00 ,0,0,8,0,2,21,0,0,539301,1496.015066,181213,172682,26130,73664,35012,67770,146907,48530,309505,12059,7723,11489,11100,5269
CA,CA18,201707,MCD,1300,27.63153846,0.545384615,0.639543846,$68.77 ,$29.79 ,$15.25 ,$16.22 ,$7.52 ,$0.00 ,0,0,17,2,9,49,0,0,732212,1392.385418,241055,226727,28989,96905,53972,89461,201506,62038,494325,20238,8143,16525,14450,15994
CA,CA19,201707,MCD,49579,31.01853607,0.504689486,1.422706489,$284.04 ,$104.17 ,$56.29 ,$78.20 ,$45.37 ,$0.00 ,184,10,2045,741,245,6564,51,106,2291738,5095.099057,896341,819372,75758,168734,134416,335498,532415,114749,1083594,101802,25772,34828,51388,38576
CA,CA2,201707,MCD,11981,29.50187797,0.525999499,1.415644437,$223.32 ,$56.08 ,$70.29 ,$65.99 ,$30.97 ,$0.00 ,36,6,431,2,2,1354,1,25,180216,4176.578436,57468,44057,10782,33928,15883,22446,51676,34263,160443,3448,6076,4616,3242,9708
CA,CA20,201707,MCD,299,26.33110368,0.56187291,0.87590301,$131.23 ,$22.67 ,$50.03 ,$47.26 ,$11.28 ,$0.00 ,1,0,13,1,1,17,0,0,438530,821.7515515,156896,149067,15346,36031,23696,64390,98813,20223,269660,13520,4468,7695,7541,10444
CA,CA21,201707,MCD,239,31.73640167,0.523012552,1.036723849,$182.59 ,$61.27 ,$35.43 ,$66.18 ,$19.72 ,$0.00 ,2,0,9,3,10,16,0,0,641847,2324.181643,263188,238371,17271,57501,43401,116457,130712,38050,249451,23427,13544,12933,11677,12597
CA,CA22,201707,MCD,303,26.71947195,0.534653465,1.124960396,$313.68 ,$158.25 ,$34.35 ,$71.25 ,$49.82 ,$0.00 ,3,0,18,4,4,36,0,0,171365,1234.545845,62685,58539,6792,22175,14964,23303,45990,13426,84511,4555,4913,3992,3786,2411
CA,CA23,201707,MCD,148,31.52027027,0.5,1.252939189,$364.37 ,$266.08 ,$18.78 ,$55.31 ,$24.21 ,$0.00 ,2,0,5,2,0,13,0,0,151906,9005.172163,84579,59685,4117,9269,9764,35175,25619,1701,28770,2723,7154,1011,2769,11716
CA,CA24,201707,MCD,499,27.4488978,0.539078156,1.178589178,$82.20 ,$10.51 ,$19.95 ,$36.53 ,$15.21 ,$0.00 ,1,0,15,7,9,38,0,0,428006,8864.022501,193696,163983,16804,39396,35478,79271,91192,17615,138500,10651,26639,6204,11021,9809
CA,CA25,201707,MCD,626,31.4744409,0.488817891,1.364602236,$307.08 ,$174.81 ,$42.90 ,$64.11 ,$25.25 ,$0.00 ,3,2,22,4,18,51,0,0,470990,24672.40534,218386,187277,15591,36021,38019,90963,98766,8104,114440,8163,28551,6986,13481,12724
CA,CA3,201707,MCD,142578,29.87755474,0.52498983,1.199634495,$236.63 ,$89.30 ,$54.12 ,$66.29 ,$26.92 ,$0.00 ,350,28,3933,1718,207,15404,34,100,4518699,27266.44488,1549773,1348982,180356,553160,432652,561952,1186660,340581,3038969,129608,113905,106066,62893,91930
CA,CA4,201707,MCD,114198,26.03535088,0.527067024,1.049449824,$236.52 ,$122.74 ,$32.96 ,$55.30 ,$25.52 ,$0.00 ,338,24,3014,641,350,13388,20,130,13262234,4850.972611,4615697,4338482,441609,1781058,1352330,1739765,2957709,1601964,9307146,1149887,86507,469799,343744,220875
CA,CA5,201707,MCD,157080,27.46115992,0.535803412,1.19861321,$0.49 ,$0.04 ,$0.25 ,$0.15 ,$0.06 ,$0.00 ,435,89,5186,998,16757,5094,85,77,848112,1842.466511,287498,271226,25853,88185,78474,123435,199599,77382,459811,31090,10988,17892,11400,12601
CA,CA6,201707,MCD,1009,27.09217047,0.530227949,1.165323092,$15.76 ,$0.49 ,$1.62 ,$7.07 ,$6.58 ,$0.00 ,0,3,45,5,86,56,0,0,443738,2735.137621,156210,144962,13861,52042,46478,64775,99117,45552,244382,21169,6950,15410,8052,19863
CA,CA7,201707,MCD,2606,22.32693784,0.533768227,0.984724482,$84.64 ,$38.25 ,$12.32 ,$27.53 ,$6.53 ,$0.00 ,5,4,102,19,129,158,0,1,883053,8132.256436,295756,267913,39056,139584,77216,92005,257750,84735,576023,15490,21557,24792,18281,31126
CA,CA8,201707,MCD,263,31.36882129,0.475285171,1.117775665,$92.63 ,$53.52 ,$8.58 ,$22.12 ,$8.41 ,$0.00 ,1,0,7,0,20,18,0,0,281455,3300.636162,121095,105317,6175,17123,20715,52758,50492,9045,86881,7329,9630,3482,4557,16435
CA,CA9,201707,MCD,384,24.03125,0.583333333,0.521726563,$11.81 ,$0.00 ,$1.68 ,$4.80 ,$5.33 ,$0.00 ,0,0,7,2,6,8,0,0,433212,3281.719108,141155,126052,10475,78816,46650,55515,114125,75432,301974,14534,6567,17221,5984,17741
CA,CA1,201708,MCD,198394,29.52554009,0.535288366,1.574291027,$336.47 ,$116.71 ,$59.45 ,$102.25 ,$58.06 ,$0.00 ,784,26,6302,1299,62,34732,84,95,3302833,4208.762531,1204884,1118980,106962,286008,279602,439595,726344,216965,1787453,255366,42081,75015,61486,89451
CA,CA10,201708,MCD,517,22.33655706,0.541586074,0.827551257,$45.24 ,$1.84 ,$8.29 ,$25.87 ,$9.24 ,$0.00 ,2,0,20,1,41,41,1,0,460477,4824.376542,147791,136106,18321,81345,44779,50391,143528,61208,326860,6561,10023,13317,8274,5426
CA,CA11,201708,MCD,149,24.5704698,0.536912752,1.031315436,$56.24 ,$2.45 ,$6.71 ,$36.66 ,$10.42 ,$0.00 ,0,0,6,1,3,11,0,0,150075,1390.308446,45792,42735,4855,24270,10946,14567,40935,13829,101017,2919,1938,3483,2730,14912
CA,CA12,201708,MCD,931,25.30719656,0.55424275,0.819839957,$64.19 ,$13.82 ,$11.88 ,$24.40 ,$14.09 ,$0.00 ,2,0,20,6,22,61,0,1,978130,5958.095977,328577,304624,41276,147389,92035,114438,279979,108140,686675,23756,12508,28262,25805,16750
CA,CA13,201708,MCD,402,29.52985075,0.52238806,1.03087811,$294.06 ,$174.36 ,$12.08 ,$95.64 ,$11.98 ,$0.00 ,2,0,17,4,10,26,0,0,342954,21389.49918,163854,119622,10594,41422,24903,67475,74845,21273,143965,5802,14241,5844,5879,17935
CA,CA14,201708,MCD,112217,32.18970388,0.511330725,0.319905219,$4.47 ,$0.97 ,$1.77 ,$1.67 ,$0.06 ,$0.00 ,6,1,80,5,23,754,1,1,2255381,3124.860076,789873,749021,60919,189668,113096,295103,502048,188257,1461149,154299,25948,59669,38303,48904
CA,CA15,201708,MCD,913,21.44140197,0.518072289,0.379025192,$12.26 ,$0.00 ,$2.92 ,$7.93 ,$1.41 ,$0.00 ,1,0,10,3,16,32,0,0,269075,1935.645521,84795,79606,14912,48433,23145,29320,80062,34066,193067,3236,5216,7611,5801,5926
CA,CA16,201708,MCD,2671,31.84275552,0.553725197,0.76560614,$155.77 ,$81.56 ,$15.80 ,$45.28 ,$13.13 ,$0.00 ,6,0,54,11,28,149,1,2,4673221,2470.336258,1796567,1692047,128698,373438,232541,689629,936866,360315,2804353,396804,19220,110888,205390,80356
CA,CA17,201708,MCD,909,21.669967,0.514851485,0.473553355,$30.99 ,$0.00 ,$10.78 ,$10.46 ,$9.76 ,$0.00 ,1,0,6,1,10,22,0,0,539301,1496.015066,181213,172682,26130,73664,35012,67770,146907,48530,309505,12059,7723,11489,11100,5269
CA,CA18,201708,MCD,1299,27.6812933,0.546574288,0.638787529,$50.25 ,$3.33 ,$22.64 ,$17.70 ,$6.58 ,$0.00 ,2,0,20,3,12,51,0,0,732212,1392.385418,241055,226727,28989,96905,53972,89461,201506,62038,494325,20238,8143,16525,14450,15994
CA,CA19,201708,MCD,49634,31.08645284,0.504412298,1.419679313,$311.53 ,$115.83 ,$57.34 ,$88.43 ,$49.92 ,$0.00 ,183,7,2099,719,435,7177,36,112,2291738,5095.099057,896341,819372,75758,168734,134416,335498,532415,114749,1083594,101802,25772,34828,51388,38576
CA,CA2,201708,MCD,11999,29.57363114,0.526127177,1.414969914,$256.53 ,$55.23 ,$84.31 ,$82.07 ,$34.92 ,$0.00 ,25,3,458,2,3,1491,3,24,180216,4176.578436,57468,44057,10782,33928,15883,22446,51676,34263,160443,3448,6076,4616,3242,9708
CA,CA20,201708,MCD,299,26.40468227,0.56187291,0.87590301,$146.38 ,$20.74 ,$71.95 ,$35.55 ,$18.14 ,$0.00 ,0,0,10,3,1,17,0,0,438530,821.7515515,156896,149067,15346,36031,23696,64390,98813,20223,269660,13520,4468,7695,7541,10444
CA,CA21,201708,MCD,239,31.83263598,0.523012552,1.036723849,$134.67 ,$21.97 ,$45.05 ,$53.43 ,$14.24 ,$0.00 ,1,0,7,0,5,23,0,0,641847,2324.181643,263188,238371,17271,57501,43401,116457,130712,38050,249451,23427,13544,12933,11677,12597
CA,CA22,201708,MCD,304,26.88157895,0.536184211,1.127134868,$184.92 ,$58.26 ,$40.57 ,$63.16 ,$22.94 ,$0.00 ,2,0,12,5,3,36,1,0,171365,1234.545845,62685,58539,6792,22175,14964,23303,45990,13426,84511,4555,4913,3992,3786,2411
CA,CA23,201708,MCD,147,31.65986395,0.49659864,1.259333333,$200.82 ,$117.59 ,$23.03 ,$45.46 ,$14.75 ,$0.00 ,1,0,4,0,1,15,0,0,151906,9005.172163,84579,59685,4117,9269,9764,35175,25619,1701,28770,2723,7154,1011,2769,11716
CA,CA24,201708,MCD,498,27.58232932,0.53815261,1.18034739,$309.94 ,$169.58 ,$62.00 ,$65.15 ,$13.20 ,$0.00 ,1,0,31,4,8,50,0,0,428006,8864.022501,193696,163983,16804,39396,35478,79271,91192,17615,138500,10651,26639,6204,11021,9809
CA,CA25,201708,MCD,628,31.40764331,0.488853503,1.361386943,$335.41 ,$113.82 ,$51.63 ,$107.84 ,$62.12 ,$0.00 ,4,2,23,6,23,62,1,0,470990,24672.40534,218386,187277,15591,36021,38019,90963,98766,8104,114440,8163,28551,6986,13481,12724
CA,CA3,201708,MCD,142710,29.94676617,0.525155911,1.199032815,$264.78 ,$99.38 ,$58.25 ,$77.81 ,$29.34 ,$0.00 ,411,32,4028,2181,114,17739,51,99,4518699,27266.44488,1549773,1348982,180356,553160,432652,561952,1186660,340581,3038969,129608,113905,106066,62893,91930
CA,CA4,201708,MCD,114202,26.11390343,0.527223691,1.04989903,$254.85 ,$126.57 ,$38.87 ,$61.22 ,$28.18 ,$0.00 ,367,27,3042,628,434,15251,36,138,13262234,4850.972611,4615697,4338482,441609,1781058,1352330,1739765,2957709,1601964,9307146,1149887,86507,469799,343744,220875
CA,CA5,201708,MCD,157035,27.53810297,0.535918744,1.199137071,$0.80 ,$0.14 ,$0.40 ,$0.18 ,$0.07 ,$0.00 ,502,102,5031,978,18814,5556,96,85,848112,1842.466511,287498,271226,25853,88185,78474,123435,199599,77382,459811,31090,10988,17892,11400,12601
CA,CA6,201708,MCD,1011,27.14441147,0.529179031,1.163406528,$36.06 ,$10.71 ,$5.29 ,$15.10 ,$4.98 ,$0.00 ,8,1,54,5,89,70,1,0,443738,2735.137621,156210,144962,13861,52042,46478,64775,99117,45552,244382,21169,6950,15410,8052,19863
CA,CA7,201708,MCD,2597,22.43473238,0.533692722,0.987204467,$65.83 ,$13.75 ,$9.02 ,$32.44 ,$10.63 ,$0.00 ,5,1,120,21,181,164,1,1,883053,8132.256436,295756,267913,39056,139584,77216,92005,257750,84735,576023,15490,21557,24792,18281,31126
CA,CA8,201708,MCD,262,31.34732824,0.477099237,1.116248092,$111.56 ,$28.52 ,$18.41 ,$57.20 ,$7.43 ,$0.00 ,0,0,13,0,30,16,0,0,281455,3300.636162,121095,105317,6175,17123,20715,52758,50492,9045,86881,7329,9630,3482,4557,16435
CA,CA9,201708,MCD,385,24.11428571,0.581818182,0.520106494,$15.17 ,$0.00 ,$3.39 ,$8.83 ,$2.94 ,$0.00 ,0,0,5,1,6,14,0,0,433212,3281.719108,141155,126052,10475,78816,46650,55515,114125,75432,301974,14534,6567,17221,5984,17741
CA,CA1,201709,MCD,198340,29.62288999,0.535272764,1.574842301,$324.27 ,$119.37 ,$57.15 ,$94.21 ,$53.54 ,$0.00 ,774,25,6216,1380,73,33095,81,90,3302833,4208.762531,1204884,1118980,106962,286008,279602,439595,726344,216965,1787453,255366,42081,75015,61486,89451
CA,CA10,201709,MCD,517,22.42553192,0.541586074,0.827551257,$36.07 ,$0.00 ,$13.39 ,$17.28 ,$5.40 ,$0.00 ,0,0,16,2,20,41,0,0,460477,4824.376542,147791,136106,18321,81345,44779,50391,143528,61208,326860,6561,10023,13317,8274,5426
CA,CA11,201709,MCD,149,24.67785235,0.536912752,1.031315436,$92.76 ,$57.92 ,$7.14 ,$21.76 ,$5.94 ,$0.00 ,1,0,4,0,8,11,0,0,150075,1390.308446,45792,42735,4855,24270,10946,14567,40935,13829,101017,2919,1938,3483,2730,14912
CA,CA12,201709,MCD,933,25.40407288,0.554126474,0.819836013,$67.54 ,$5.53 ,$26.39 ,$25.12 ,$10.50 ,$0.00 ,1,0,24,3,32,61,0,1,978130,5958.095977,328577,304624,41276,147389,92035,114438,279979,108140,686675,23756,12508,28262,25805,16750
CA,CA13,201709,MCD,400,29.67,0.5225,1.0320375,$161.99 ,$73.39 ,$20.64 ,$54.55 ,$13.41 ,$0.00 ,0,0,8,5,5,20,0,0,342954,21389.49918,163854,119622,10594,41422,24903,67475,74845,21273,143965,5802,14241,5844,5879,17935
CA,CA14,201709,MCD,112206,32.27724899,0.511389765,0.319978548,$8.60 ,$3.27 ,$3.21 ,$2.04 ,$0.08 ,$0.00 ,7,1,96,5,22,723,0,1,2255381,3124.860076,789873,749021,60919,189668,113096,295103,502048,188257,1461149,154299,25948,59669,38303,48904
CA,CA15,201709,MCD,912,21.51425439,0.51754386,0.379135965,$17.46 ,$0.00 ,$6.22 ,$9.08 ,$2.16 ,$0.00 ,0,0,9,3,11,25,0,0,269075,1935.645521,84795,79606,14912,48433,23145,29320,80062,34066,193067,3236,5216,7611,5801,5926
CA,CA16,201709,MCD,2672,31.97342814,0.554640719,0.7689375,$96.42 ,$29.49 ,$21.44 ,$33.92 ,$11.57 ,$0.00 ,5,0,60,7,23,112,1,2,4673221,2470.336258,1796567,1692047,128698,373438,232541,689629,936866,360315,2804353,396804,19220,110888,205390,80356
CA,CA17,201709,MCD,910,21.77032967,0.514285714,0.473372528,$37.66 ,$10.85 ,$4.28 ,$12.41 ,$10.12 ,$0.00 ,1,0,10,1,8,18,0,0,539301,1496.015066,181213,172682,26130,73664,35012,67770,146907,48530,309505,12059,7723,11489,11100,5269
CA,CA18,201709,MCD,1298,27.78582435,0.546995378,0.640101695,$58.09 ,$15.83 ,$19.54 ,$15.61 ,$7.11 ,$0.00 ,1,0,16,1,6,54,0,0,732212,1392.385418,241055,226727,28989,96905,53972,89461,201506,62038,494325,20238,8143,16525,14450,15994
CA,CA19,201709,MCD,49570,31.19080089,0.504458342,1.421596409,$317.23 ,$139.10 ,$54.34 ,$78.76 ,$45.04 ,$0.00 ,210,3,1989,740,322,6674,33,107,2291738,5095.099057,896341,819372,75758,168734,134416,335498,532415,114749,1083594,101802,25772,34828,51388,38576
CA,CA2,201709,MCD,11982,29.65339676,0.526122517,1.416129027,$256.00 ,$53.95 ,$91.86 ,$75.93 ,$34.25 ,$0.00 ,26,9,448,5,2,1389,4,27,180216,4176.578436,57468,44057,10782,33928,15883,22446,51676,34263,160443,3448,6076,4616,3242,9708
CA,CA20,201709,MCD,299,26.47826087,0.56187291,0.87590301,$137.75 ,$38.54 ,$39.91 ,$44.18 ,$15.12 ,$0.00 ,1,1,16,3,1,31,0,0,438530,821.7515515,156896,149067,15346,36031,23696,64390,98813,20223,269660,13520,4468,7695,7541,10444
CA,CA21,201709,MCD,239,31.92468619,0.523012552,1.036723849,$80.74 ,$0.00 ,$27.13 ,$41.02 ,$12.59 ,$0.00 ,0,1,7,1,7,17,0,0,641847,2324.181643,263188,238371,17271,57501,43401,116457,130712,38050,249451,23427,13544,12933,11677,12597
CA,CA22,201709,MCD,305,26.9442623,0.537704918,1.124498361,$165.56 ,$26.18 ,$41.25 ,$38.91 ,$59.22 ,$0.00 ,1,0,7,0,3,28,1,0,171365,1234.545845,62685,58539,6792,22175,14964,23303,45990,13426,84511,4555,4913,3992,3786,2411
CA,CA23,201709,MCD,146,31.57534247,0.5,1.253321918,$149.19 ,$41.83 ,$3.57 ,$85.74 ,$18.05 ,$0.00 ,1,0,3,1,3,13,0,0,151906,9005.172163,84579,59685,4117,9269,9764,35175,25619,1701,28770,2723,7154,1011,2769,11716
CA,CA24,201709,MCD,498,27.75702811,0.53815261,1.180953815,$168.89 ,$41.09 ,$37.59 ,$60.84 ,$29.37 ,$0.00 ,4,0,19,4,7,41,1,0,428006,8864.022501,193696,163983,16804,39396,35478,79271,91192,17615,138500,10651,26639,6204,11021,9809
CA,CA25,201709,MCD,628,31.55254777,0.49044586,1.359003185,$393.78 ,$250.68 ,$34.19 ,$79.62 ,$29.29 ,$0.00 ,5,1,34,7,21,68,0,0,470990,24672.40534,218386,187277,15591,36021,38019,90963,98766,8104,114440,8163,28551,6986,13481,12724
CA,CA3,201709,MCD,142522,30.04484922,0.525034732,1.199566818,$256.83 ,$109.68 ,$53.04 ,$66.87 ,$27.25 ,$0.00 ,405,25,4073,2248,109,16298,41,101,4518699,27266.44488,1549773,1348982,180356,553160,432652,561952,1186660,340581,3038969,129608,113905,106066,62893,91930
CA,CA4,201709,MCD,114077,26.2163714,0.527345565,1.050590925,$262.39 ,$140.21 ,$36.15 ,$57.79 ,$28.23 ,$0.00 ,353,21,3240,715,392,14418,30,132,13262234,4850.972611,4615697,4338482,441609,1781058,1352330,1739765,2957709,1601964,9307146,1149887,86507,469799,343744,220875
CA,CA5,201709,MCD,156998,27.62819272,0.535777526,1.198757717,$0.92 ,$0.07 ,$0.42 ,$0.35 ,$0.07 ,$0.00 ,439,99,5199,1277,18459,5239,95,80,848112,1842.466511,287498,271226,25853,88185,78474,123435,199599,77382,459811,31090,10988,17892,11400,12601
CA,CA6,201709,MCD,1010,27.24059406,0.527722772,1.164406931,$72.92 ,$37.36 ,$8.97 ,$13.03 ,$13.56 ,$0.00 ,4,1,46,2,92,41,0,0,443738,2735.137621,156210,144962,13861,52042,46478,64775,99117,45552,244382,21169,6950,15410,8052,19863
CA,CA7,201709,MCD,2594,22.52197379,0.533538936,0.98512953,$58.81 ,$15.14 ,$12.23 ,$22.61 ,$8.83 ,$0.00 ,12,5,127,26,176,157,0,2,883053,8132.256436,295756,267913,39056,139584,77216,92005,257750,84735,576023,15490,21557,24792,18281,31126
CA,CA8,201709,MCD,261,31.73180077,0.475095785,1.125724138,$88.81 ,$27.70 ,$4.78 ,$46.89 ,$9.44 ,$0.00 ,0,1,8,2,19,18,0,0,281455,3300.636162,121095,105317,6175,17123,20715,52758,50492,9045,86881,7329,9630,3482,4557,16435
CA,CA9,201709,MCD,389,24.05655527,0.580976864,0.516917738,$16.33 ,$0.00 ,$5.44 ,$7.93 ,$2.96 ,$0.00 ,0,0,6,0,6,12,0,0,433212,3281.719108,141155,126052,10475,78816,46650,55515,114125,75432,301974,14534,6567,17221,5984,17741
CA,CA1,201710,MCD,198216,29.71472535,0.53515357,1.575481001,$351.76 ,$129.97 ,$59.07 ,$105.60 ,$57.13 ,$0.00 ,766,31,6275,1409,69,35432,104,84,3302833,4208.762531,1204884,1118980,106962,286008,279602,439595,726344,216965,1787453,255366,42081,75015,61486,89451
CA,CA10,201710,MCD,515,22.45242718,0.541747573,0.829728155,$55.09 ,$0.00 ,$20.78 ,$25.35 ,$8.96 ,$0.00 ,2,0,19,6,28,33,0,0,460477,4824.376542,147791,136106,18321,81345,44779,50391,143528,61208,326860,6561,10023,13317,8274,5426
CA,CA11,201710,MCD,147,24.93197279,0.537414966,1.041353742,$46.81 ,$0.00 ,$4.11 ,$33.10 ,$9.60 ,$0.00 ,0,0,3,0,6,15,0,0,150075,1390.308446,45792,42735,4855,24270,10946,14567,40935,13829,101017,2919,1938,3483,2730,14912
CA,CA12,201710,MCD,930,25.45698925,0.552688172,0.82017957,$91.00 ,$17.62 ,$26.54 ,$31.56 ,$15.27 ,$0.00 ,1,0,26,5,21,63,0,1,978130,5958.095977,328577,304624,41276,147389,92035,114438,279979,108140,686675,23756,12508,28262,25805,16750
CA,CA13,201710,MCD,396,29.9040404,0.522727273,1.044191919,$148.77 ,$0.00 ,$42.28 ,$93.00 ,$13.48 ,$0.00 ,3,0,17,1,5,22,0,0,342954,21389.49918,163854,119622,10594,41422,24903,67475,74845,21273,143965,5802,14241,5844,5879,17935
CA,CA14,201710,MCD,112181,32.37462672,0.511334361,0.320258003,$9.59 ,$3.36 ,$3.14 ,$3.04 ,$0.05 ,$0.00 ,11,1,263,11,31,1366,0,0,2255381,3124.860076,789873,749021,60919,189668,113096,295103,502048,188257,1461149,154299,25948,59669,38303,48904
CA,CA15,201710,MCD,912,21.54495614,0.518640351,0.379139254,$18.35 ,$0.00 ,$5.44 ,$11.51 ,$1.40 ,$0.00 ,0,0,6,3,10,27,0,0,269075,1935.645521,84795,79606,14912,48433,23145,29320,80062,34066,193067,3236,5216,7611,5801,5926
CA,CA16,201710,MCD,2667,32.06374203,0.554930634,0.768958005,$260.34 ,$193.75 ,$15.19 ,$39.17 ,$12.23 ,$0.00 ,7,1,56,7,18,152,0,0,4673221,2470.336258,1796567,1692047,128698,373438,232541,689629,936866,360315,2804353,396804,19220,110888,205390,80356
CA,CA17,201710,MCD,907,21.85336273,0.514884234,0.474191841,$177.66 ,$154.15 ,$1.25 ,$10.72 ,$11.55 ,$0.00 ,2,0,12,3,3,32,0,0,539301,1496.015066,181213,172682,26130,73664,35012,67770,146907,48530,309505,12059,7723,11489,11100,5269
CA,CA18,201710,MCD,1300,27.88538462,0.546923077,0.640335385,$179.55 ,$119.09 ,$27.10 ,$27.83 ,$5.53 ,$0.00 ,3,0,26,6,7,50,1,0,732212,1392.385418,241055,226727,28989,96905,53972,89461,201506,62038,494325,20238,8143,16525,14450,15994
CA,CA19,201710,MCD,49535,31.27933784,0.504673463,1.421909983,$299.84 ,$109.04 ,$59.38 ,$85.36 ,$46.07 ,$0.00 ,207,5,2082,768,390,7225,34,110,2291738,5095.099057,896341,819372,75758,168734,134416,335498,532415,114749,1083594,101802,25772,34828,51388,38576
CA,CA2,201710,MCD,11977,29.74977039,0.526175169,1.412927361,$271.93 ,$66.86 ,$82.16 ,$82.42 ,$40.49 ,$0.00 ,42,14,497,3,1,1413,5,29,180216,4176.578436,57468,44057,10782,33928,15883,22446,51676,34263,160443,3448,6076,4616,3242,9708
CA,CA20,201710,MCD,299,26.59197324,0.56187291,0.87590301,$141.03 ,$14.31 ,$75.23 ,$39.39 ,$12.10 ,$0.00 ,1,1,15,2,1,21,0,0,438530,821.7515515,156896,149067,15346,36031,23696,64390,98813,20223,269660,13520,4468,7695,7541,10444
CA,CA21,201710,MCD,239,32.0041841,0.523012552,1.036723849,$148.01 ,$42.80 ,$17.98 ,$71.13 ,$16.09 ,$0.00 ,2,0,6,1,9,14,0,0,641847,2324.181643,263188,238371,17271,57501,43401,116457,130712,38050,249451,23427,13544,12933,11677,12597
CA,CA22,201710,MCD,303,27.16171617,0.537953795,1.130778878,$264.73 ,$87.10 ,$47.17 ,$64.32 ,$66.13 ,$0.00 ,2,0,16,2,1,41,0,1,171365,1234.545845,62685,58539,6792,22175,14964,23303,45990,13426,84511,4555,4913,3992,3786,2411
CA,CA23,201710,MCD,146,31.65068493,0.5,1.253321918,$174.29 ,$35.96 ,$23.84 ,$96.02 ,$18.47 ,$0.00 ,0,0,8,1,3,13,0,0,151906,9005.172163,84579,59685,4117,9269,9764,35175,25619,1701,28770,2723,7154,1011,2769,11716
CA,CA24,201710,MCD,495,27.92323232,0.533333333,1.183309091,$104.96 ,$25.66 ,$24.01 ,$37.01 ,$18.28 ,$0.00 ,0,0,22,8,10,50,0,0,428006,8864.022501,193696,163983,16804,39396,35478,79271,91192,17615,138500,10651,26639,6204,11021,9809
CA,CA25,201710,MCD,627,31.63955343,0.489633174,1.361146731,$282.61 ,$101.02 ,$37.70 ,$67.69 ,$76.20 ,$0.00 ,1,0,16,10,23,60,1,0,470990,24672.40534,218386,187277,15591,36021,38019,90963,98766,8104,114440,8163,28551,6986,13481,12724
CA,CA3,201710,MCD,142508,30.13513627,0.525016139,1.199641024,$273.35 ,$110.67 ,$55.54 ,$77.30 ,$29.84 ,$0.00 ,415,30,4235,2358,122,18293,35,108,4518699,27266.44488,1549773,1348982,180356,553160,432652,561952,1186660,340581,3038969,129608,113905,106066,62893,91930
CA,CA4,201710,MCD,114173,26.30361819,0.52727002,1.049685434,$263.77 ,$135.64 ,$34.84 ,$64.04 ,$29.25 ,$0.00 ,376,17,3258,803,410,15919,27,144,13262234,4850.972611,4615697,4338482,441609,1781058,1352330,1739765,2957709,1601964,9307146,1149887,86507,469799,343744,220875
CA,CA5,201710,MCD,157022,27.71289374,0.535689267,1.198402479,$0.68 ,$0.04 ,$0.42 ,$0.15 ,$0.08 ,$0.00 ,465,134,5195,1164,19311,5615,95,81,848112,1842.466511,287498,271226,25853,88185,78474,123435,199599,77382,459811,31090,10988,17892,11400,12601
CA,CA6,201710,MCD,1009,27.29930624,0.529236868,1.165259663,$184.17 ,$159.57 ,$5.57 ,$7.20 ,$11.83 ,$0.00 ,3,0,44,4,88,55,1,0,443738,2735.137621,156210,144962,13861,52042,46478,64775,99117,45552,244382,21169,6950,15410,8052,19863
CA,CA7,201710,MCD,2601,22.54940408,0.533640907,0.984279508,$49.77 ,$10.52 ,$8.36 ,$21.28 ,$9.61 ,$0.00 ,8,5,104,21,161,155,1,2,883053,8132.256436,295756,267913,39056,139584,77216,92005,257750,84735,576023,15490,21557,24792,18281,31126
CA,CA8,201710,MCD,262,31.68320611,0.477099237,1.121625954,$88.04 ,$28.52 ,$14.90 ,$34.67 ,$9.97 ,$0.00 ,0,0,10,1,24,25,0,0,281455,3300.636162,121095,105317,6175,17123,20715,52758,50492,9045,86881,7329,9630,3482,4557,16435
CA,CA9,201710,MCD,387,24.24806202,0.583979328,0.518751938,$41.24 ,$0.00 ,$23.19 ,$14.44 ,$3.62 ,$0.00 ,0,0,6,1,6,12,0,0,433212,3281.719108,141155,126052,10475,78816,46650,55515,114125,75432,301974,14534,6567,17221,5984,17741
CA,CA1,201711,MCD,193590,29.8172323,0.535611344,1.580081936,$331.73 ,$119.26 ,$54.19 ,$100.75 ,$57.52 ,$0.00 ,783,29,5611,1327,56,31952,82,77,3302833,4208.762531,1204884,1118980,106962,286008,279602,439595,726344,216965,1787453,255366,42081,75015,61486,89451
CA,CA10,201711,MCD,502,22.47808765,0.543824701,0.829944223,$32.62 ,$0.00 ,$8.26 ,$14.43 ,$9.93 ,$0.00 ,1,0,17,5,23,36,0,0,460477,4824.376542,147791,136106,18321,81345,44779,50391,143528,61208,326860,6561,10023,13317,8274,5426
CA,CA11,201711,MCD,140,24.86428571,0.542857143,0.96775,$56.13 ,$19.95 ,$1.54 ,$24.63 ,$10.00 ,$0.00 ,0,1,3,0,6,9,0,0,150075,1390.308446,45792,42735,4855,24270,10946,14567,40935,13829,101017,2919,1938,3483,2730,14912
CA,CA12,201711,MCD,892,25.46860987,0.550448431,0.833992153,$81.32 ,$20.78 ,$20.74 ,$25.44 ,$14.36 ,$0.00 ,0,0,31,10,24,61,0,1,978130,5958.095977,328577,304624,41276,147389,92035,114438,279979,108140,686675,23756,12508,28262,25805,16750
CA,CA13,201711,MCD,381,30.24671916,0.524934383,1.06771916,$156.77 ,$75.77 ,$6.42 ,$62.63 ,$11.96 ,$0.00 ,1,0,13,5,10,25,0,0,342954,21389.49918,163854,119622,10594,41422,24903,67475,74845,21273,143965,5802,14241,5844,5879,17935
CA,CA14,201711,MCD,110037,32.43096413,0.511809664,0.320134918,$9.18 ,$1.20 ,$4.44 ,$3.48 ,$0.06 ,$0.00 ,8,3,119,4,21,1230,0,0,2255381,3124.860076,789873,749021,60919,189668,113096,295103,502048,188257,1461149,154299,25948,59669,38303,48904
CA,CA15,201711,MCD,888,21.64527027,0.522522523,0.36659009,$10.97 ,$0.00 ,$3.25 ,$6.23 ,$1.50 ,$0.00 ,0,0,8,3,8,27,1,0,269075,1935.645521,84795,79606,14912,48433,23145,29320,80062,34066,193067,3236,5216,7611,5801,5926
CA,CA16,201711,MCD,2543,32.28902871,0.555642941,0.771674007,$118.28 ,$50.01 ,$21.55 ,$34.07 ,$12.65 ,$0.00 ,9,1,49,10,27,137,1,1,4673221,2470.336258,1796567,1692047,128698,373438,232541,689629,936866,360315,2804353,396804,19220,110888,205390,80356
CA,CA17,201711,MCD,872,21.83944954,0.519495413,0.457861239,$33.40 ,$10.57 ,$2.92 ,$7.65 ,$12.26 ,$0.00 ,1,1,8,3,9,21,1,0,539301,1496.015066,181213,172682,26130,73664,35012,67770,146907,48530,309505,12059,7723,11489,11100,5269
CA,CA18,201711,MCD,1259,28.06195393,0.546465449,0.651639396,$63.95 ,$3.03 ,$15.01 ,$40.50 ,$5.42 ,$0.00 ,1,0,21,7,13,50,0,0,732212,1392.385418,241055,226727,28989,96905,53972,89461,201506,62038,494325,20238,8143,16525,14450,15994
CA,CA19,201711,MCD,48313,31.37317078,0.505267733,1.428177778,$287.97 ,$112.64 ,$54.35 ,$77.42 ,$43.56 ,$0.00 ,238,5,1845,779,229,6198,25,108,2291738,5095.099057,896341,819372,75758,168734,134416,335498,532415,114749,1083594,101802,25772,34828,51388,38576
CA,CA2,201711,MCD,11742,29.83750639,0.526145461,1.413624425,$262.84 ,$57.80 ,$94.73 ,$76.51 ,$33.80 ,$0.00 ,29,12,458,5,1,1446,2,28,180216,4176.578436,57468,44057,10782,33928,15883,22446,51676,34263,160443,3448,6076,4616,3242,9708
CA,CA20,201711,MCD,285,26.89473684,0.568421053,0.861736842,$193.56 ,$35.03 ,$38.06 ,$43.96 ,$76.51 ,$0.00 ,0,1,10,4,0,28,0,0,438530,821.7515515,156896,149067,15346,36031,23696,64390,98813,20223,269660,13520,4468,7695,7541,10444
CA,CA21,201711,MCD,224,32.08928571,0.526785714,1.081415179,$129.28 ,$0.00 ,$37.52 ,$51.81 ,$39.95 ,$0.00 ,0,0,4,1,3,21,0,0,641847,2324.181643,263188,238371,17271,57501,43401,116457,130712,38050,249451,23427,13544,12933,11677,12597
CA,CA22,201711,MCD,289,27.29065744,0.539792388,1.147273356,$186.70 ,$35.15 ,$50.14 ,$46.36 ,$55.05 ,$0.00 ,1,0,12,2,2,24,0,0,171365,1234.545845,62685,58539,6792,22175,14964,23303,45990,13426,84511,4555,4913,3992,3786,2411
CA,CA23,201711,MCD,145,31.67586207,0.503448276,1.231544828,$96.76 ,$0.00 ,$20.49 ,$63.26 ,$13.00 ,$0.00 ,0,0,7,3,2,11,0,0,151906,9005.172163,84579,59685,4117,9269,9764,35175,25619,1701,28770,2723,7154,1011,2769,11716
CA,CA24,201711,MCD,473,27.93234672,0.536997886,1.206883721,$176.03 ,$75.17 ,$40.09 ,$46.81 ,$13.96 ,$0.00 ,1,1,23,4,12,36,0,0,428006,8864.022501,193696,163983,16804,39396,35478,79271,91192,17615,138500,10651,26639,6204,11021,9809
CA,CA25,201711,MCD,600,31.94166667,0.493333333,1.36346,$265.36 ,$34.24 ,$69.74 ,$57.78 ,$103.60 ,$0.00 ,0,0,26,4,15,49,0,0,470990,24672.40534,218386,187277,15591,36021,38019,90963,98766,8104,114440,8163,28551,6986,13481,12724
CA,CA3,201711,MCD,139245,30.20596072,0.525160688,1.196904672,$258.43 ,$104.61 ,$51.74 ,$73.80 ,$28.27 ,$0.00 ,396,29,3876,2134,111,16144,32,108,4518699,27266.44488,1549773,1348982,180356,553160,432652,561952,1186660,340581,3038969,129608,113905,106066,62893,91930
CA,CA4,201711,MCD,111092,26.36179923,0.526896626,1.049353779,$278.86 ,$154.91 ,$37.22 ,$58.92 ,$27.82 ,$0.00 ,398,18,3046,674,370,14043,25,127,13262234,4850.972611,4615697,4338482,441609,1781058,1352330,1739765,2957709,1601964,9307146,1149887,86507,469799,343744,220875
CA,CA5,201711,MCD,154386,27.75491301,0.536149651,1.201707597,$0.93 ,$0.36 ,$0.37 ,$0.15 ,$0.05 ,$0.00 ,499,130,5008,1129,17842,5323,64,79,848112,1842.466511,287498,271226,25853,88185,78474,123435,199599,77382,459811,31090,10988,17892,11400,12601
CA,CA6,201711,MCD,969,27.3126935,0.527347781,1.157454076,$21.07 ,$0.00 ,$4.93 ,$8.19 ,$7.95 ,$0.00 ,2,1,50,5,94,49,1,0,443738,2735.137621,156210,144962,13861,52042,46478,64775,99117,45552,244382,21169,6950,15410,8052,19863
CA,CA7,201711,MCD,2475,22.61010101,0.533737374,0.994081616,$76.58 ,$34.80 ,$16.38 ,$18.25 ,$7.15 ,$0.00 ,6,2,99,26,150,157,0,1,883053,8132.256436,295756,267913,39056,139584,77216,92005,257750,84735,576023,15490,21557,24792,18281,31126
CA,CA8,201711,MCD,253,31.46245059,0.482213439,1.08826087,$85.89 ,$44.39 ,$15.90 ,$17.28 ,$8.33 ,$0.00 ,0,0,9,2,19,12,0,0,281455,3300.636162,121095,105317,6175,17123,20715,52758,50492,9045,86881,7329,9630,3482,4557,16435
CA,CA9,201711,MCD,368,24.41576087,0.567934783,0.523307065,$38.90 ,$18.93 ,$1.95 ,$14.40 ,$3.63 ,$0.00 ,1,0,9,1,6,15,0,0,433212,3281.719108,141155,126052,10475,78816,46650,55515,114125,75432,301974,14534,6567,17221,5984,17741
CA,CA1,201712,MCD,191180,29.89290198,0.535783032,1.577628915,$338.65 ,$131.51 ,$54.74 ,$94.15 ,$58.24 ,$0.00 ,902,24,6415,1752,49,31726,73,54,3302833,4208.762531,1204884,1118980,106962,286008,279602,439595,726344,216965,1787453,255366,42081,75015,61486,89451
CA,CA10,201712,MCD,486,22.56584362,0.541152263,0.829407407,$23.37 ,$0.00 ,$8.31 ,$8.83 ,$6.23 ,$0.00 ,0,0,20,2,22,26,0,0,460477,4824.376542,147791,136106,18321,81345,44779,50391,143528,61208,326860,6561,10023,13317,8274,5426
CA,CA11,201712,MCD,133,25.34586466,0.541353384,0.979338346,$21.78 ,$0.00 ,$2.67 ,$8.93 ,$10.18 ,$0.00 ,0,0,4,1,7,5,0,0,150075,1390.308446,45792,42735,4855,24270,10946,14567,40935,13829,101017,2919,1938,3483,2730,14912
CA,CA12,201712,MCD,876,25.46347032,0.555936073,0.807136986,$86.96 ,$10.70 ,$31.30 ,$31.18 ,$13.78 ,$0.00 ,1,0,15,5,17,53,0,1,978130,5958.095977,328577,304624,41276,147389,92035,114438,279979,108140,686675,23756,12508,28262,25805,16750
CA,CA13,201712,MCD,371,30.3638814,0.53638814,1.08925876,$107.01 ,$0.00 ,$6.29 ,$88.83 ,$11.89 ,$0.00 ,0,0,11,3,9,21,0,0,342954,21389.49918,163854,119622,10594,41422,24903,67475,74845,21273,143965,5802,14241,5844,5879,17935
CA,CA14,201712,MCD,108089,32.48621044,0.512318552,0.319483472,$16.33 ,$8.32 ,$5.25 ,$2.70 ,$0.06 ,$0.00 ,19,1,104,8,26,840,1,0,2255381,3124.860076,789873,749021,60919,189668,113096,295103,502048,188257,1461149,154299,25948,59669,38303,48904
CA,CA15,201712,MCD,857,21.71645274,0.521586931,0.371775963,$55.23 ,$41.54 ,$1.58 ,$9.89 ,$2.22 ,$0.00 ,2,0,7,3,8,22,0,0,269075,1935.645521,84795,79606,14912,48433,23145,29320,80062,34066,193067,3236,5216,7611,5801,5926
CA,CA16,201712,MCD,2443,32.29144495,0.556283258,0.764732296,$117.50 ,$65.35 ,$13.80 ,$27.78 ,$10.57 ,$0.00 ,8,0,48,10,23,113,0,1,4673221,2470.336258,1796567,1692047,128698,373438,232541,689629,936866,360315,2804353,396804,19220,110888,205390,80356
CA,CA17,201712,MCD,846,21.92789598,0.51891253,0.440307329,$43.63 ,$25.26 ,$3.65 ,$10.00 ,$4.71 ,$0.00 ,1,0,11,1,6,18,0,0,539301,1496.015066,181213,172682,26130,73664,35012,67770,146907,48530,309505,12059,7723,11489,11100,5269
CA,CA18,201712,MCD,1217,28.11914544,0.548890715,0.666359901,$161.01 ,$59.80 ,$50.98 ,$41.69 ,$8.53 ,$0.00 ,2,0,12,3,7,53,0,0,732212,1392.385418,241055,226727,28989,96905,53972,89461,201506,62038,494325,20238,8143,16525,14450,15994
CA,CA19,201712,MCD,47651,31.42318105,0.505445846,1.42196317,$301.00 ,$128.25 ,$54.19 ,$74.02 ,$44.53 ,$0.00 ,210,3,2068,822,129,5878,25,95,2291738,5095.099057,896341,819372,75758,168734,134416,335498,532415,114749,1083594,101802,25772,34828,51388,38576
CA,CA2,201712,MCD,11561,29.96090304,0.526338552,1.417769743,$225.37 ,$58.90 ,$63.90 ,$66.21 ,$36.36 ,$0.00 ,36,10,525,3,1,1371,5,23,180216,4176.578436,57468,44057,10782,33928,15883,22446,51676,34263,160443,3448,6076,4616,3242,9708
CA,CA20,201712,MCD,276,26.94565217,0.565217391,0.876416667,$116.75 ,$0.00 ,$74.54 ,$32.15 ,$10.06 ,$0.00 ,0,1,8,2,0,21,0,0,438530,821.7515515,156896,149067,15346,36031,23696,64390,98813,20223,269660,13520,4468,7695,7541,10444
CA,CA21,201712,MCD,214,32.51869159,0.523364486,1.112266355,$251.08 ,$32.46 ,$152.77 ,$27.55 ,$38.30 ,$0.00 ,0,0,6,1,7,12,0,0,641847,2324.181643,263188,238371,17271,57501,43401,116457,130712,38050,249451,23427,13544,12933,11677,12597
CA,CA22,201712,MCD,285,27.10526316,0.543859649,1.149059649,$120.31 ,$10.73 ,$10.27 ,$33.03 ,$66.28 ,$0.00 ,2,0,8,5,0,21,0,0,171365,1234.545845,62685,58539,6792,22175,14964,23303,45990,13426,84511,4555,4913,3992,3786,2411
CA,CA23,201712,MCD,140,31.46428571,0.521428571,1.254385714,$159.14 ,$94.91 ,$4.08 ,$47.26 ,$12.89 ,$0.00 ,2,0,3,1,2,8,0,0,151906,9005.172163,84579,59685,4117,9269,9764,35175,25619,1701,28770,2723,7154,1011,2769,11716
CA,CA24,201712,MCD,454,27.6784141,0.54185022,1.130907489,$436.10 ,$343.28 ,$9.31 ,$64.61 ,$18.90 ,$0.00 ,3,0,18,5,9,37,0,0,428006,8864.022501,193696,163983,16804,39396,35478,79271,91192,17615,138500,10651,26639,6204,11021,9809
CA,CA25,201712,MCD,585,31.84102564,0.495726496,1.335890598,$220.72 ,$71.24 ,$58.09 ,$53.79 ,$37.60 ,$0.00 ,3,0,29,6,13,54,0,0,470990,24672.40534,218386,187277,15591,36021,38019,90963,98766,8104,114440,8163,28551,6986,13481,12724
CA,CA3,201712,MCD,135858,30.29937876,0.525048212,1.194323345,$254.41 ,$106.08 ,$52.74 ,$67.68 ,$27.91 ,$0.00 ,431,32,4318,2765,99,15155,26,98,4518699,27266.44488,1549773,1348982,180356,553160,432652,561952,1186660,340581,3038969,129608,113905,106066,62893,91930
CA,CA4,201712,MCD,108941,26.43417997,0.526551069,1.047918791,$259.40 ,$136.71 ,$38.15 ,$56.53 ,$28.01 ,$0.00 ,404,11,3454,792,298,13831,27,131,13262234,4850.972611,4615697,4338482,441609,1781058,1352330,1739765,2957709,1601964,9307146,1149887,86507,469799,343744,220875
CA,CA5,201712,MCD,152407,27.80840119,0.53660265,1.202567481,$0.74 ,$0.24 ,$0.32 ,$0.12 ,$0.06 ,$0.00 ,435,93,5085,1157,14858,5544,45,77,848112,1842.466511,287498,271226,25853,88185,78474,123435,199599,77382,459811,31090,10988,17892,11400,12601
CA,CA6,201712,MCD,926,27.33477322,0.529157667,1.171698704,$69.95 ,$30.22 ,$9.44 ,$23.05 ,$7.24 ,$0.00 ,2,2,57,5,74,56,0,0,443738,2735.137621,156210,144962,13861,52042,46478,64775,99117,45552,244382,21169,6950,15410,8052,19863
CA,CA7,201712,MCD,2392,22.82107023,0.536371238,1.000289716,$67.11 ,$26.51 ,$14.88 ,$18.77 ,$6.95 ,$0.00 ,8,2,104,19,120,143,1,0,883053,8132.256436,295756,267913,39056,139584,77216,92005,257750,84735,576023,15490,21557,24792,18281,31126
CA,CA8,201712,MCD,247,31.51012146,0.48582996,1.090607287,$45.04 ,$30.25 ,$1.49 ,$9.25 ,$4.05 ,$0.00 ,0,0,8,2,14,11,0,0,281455,3300.636162,121095,105317,6175,17123,20715,52758,50492,9045,86881,7329,9630,3482,4557,16435
CA,CA9,201712,MCD,358,24.74860335,0.569832402,0.531497207,$16.01 ,$0.00 ,$5.30 ,$7.75 ,$2.95 ,$0.00 ,0,0,11,0,6,14,0,0,433212,3281.719108,141155,126052,10475,78816,46650,55515,114125,75432,301974,14534,6567,17221,5984,17741
CA,CA1,201801,MCD,189163,29.28545223,0.539894165,1.741205601,$357.81 ,$125.83 ,$61.18 ,$109.19 ,$61.61 ,$0.00 ,849,30,6660,1955,58,37974,81,48,3302833,4208.762531,1204884,1118980,106962,286008,279602,439595,726344,216965,1787453,255366,42081,75015,61486,89451
CA,CA10,201801,MCD,383,23.34725849,0.509138381,0.967263708,$98.20 ,$60.69 ,$6.75 ,$17.65 ,$13.11 ,$0.00 ,0,0,11,2,16,26,0,0,460477,4824.376542,147791,136106,18321,81345,44779,50391,143528,61208,326860,6561,10023,13317,8274,5426
CA,CA11,201801,MCD,116,26.25,0.586206897,1.161827586,$27.75 ,$0.00 ,$2.53 ,$11.96 ,$13.27 ,$0.00 ,0,0,3,0,7,11,0,0,150075,1390.308446,45792,42735,4855,24270,10946,14567,40935,13829,101017,2919,1938,3483,2730,14912
CA,CA12,201801,MCD,707,25.48231966,0.57708628,1.231828854,$103.91 ,$30.02 ,$18.17 ,$31.91 ,$23.80 ,$0.00 ,4,0,31,12,31,67,0,1,978130,5958.095977,328577,304624,41276,147389,92035,114438,279979,108140,686675,23756,12508,28262,25805,16750
CA,CA13,201801,MCD,334,29.73952096,0.52994012,1.205035928,$179.87 ,$65.32 ,$22.91 ,$75.27 ,$16.38 ,$0.00 ,3,0,12,1,12,28,0,0,342954,21389.49918,163854,119622,10594,41422,24903,67475,74845,21273,143965,5802,14241,5844,5879,17935
CA,CA14,201801,MCD,97354,31.72255891,0.519269881,1.158190429,$14.88 ,$4.70 ,$6.38 ,$3.75 ,$0.05 ,$0.00 ,17,2,192,9,51,969,0,1,2255381,3124.860076,789873,749021,60919,189668,113096,295103,502048,188257,1461149,154299,25948,59669,38303,48904
CA,CA15,201801,MCD,672,21.52083333,0.53125,0.870587798,$17.73 ,$0.00 ,$4.77 ,$10.93 ,$2.04 ,$0.00 ,0,0,6,2,2,24,0,0,269075,1935.645521,84795,79606,14912,48433,23145,29320,80062,34066,193067,3236,5216,7611,5801,5926
CA,CA16,201801,MCD,2136,31.87734082,0.561797753,1.124958802,$92.44 ,$35.89 ,$18.20 ,$28.10 ,$10.25 ,$0.00 ,2,0,43,11,13,114,0,0,4673221,2470.336258,1796567,1692047,128698,373438,232541,689629,936866,360315,2804353,396804,19220,110888,205390,80356
CA,CA17,201801,MCD,667,21.80809595,0.533733133,0.775721139,$13.47 ,$0.00 ,$2.53 ,$7.88 ,$3.07 ,$0.00 ,0,0,8,1,9,19,0,0,539301,1496.015066,181213,172682,26130,73664,35012,67770,146907,48530,309505,12059,7723,11489,11100,5269
CA,CA18,201801,MCD,1015,26.85615764,0.545812808,1.377633498,$56.87 ,$8.14 ,$13.56 ,$23.94 ,$11.23 ,$0.00 ,0,0,22,5,5,60,0,0,732212,1392.385418,241055,226727,28989,96905,53972,89461,201506,62038,494325,20238,8143,16525,14450,15994
CA,CA19,201801,MCD,45819,30.86560161,0.505576289,1.51962413,$274.32 ,$99.66 ,$54.70 ,$76.20 ,$43.76 ,$0.00 ,171,6,2202,1009,49,6491,29,104,2291738,5095.099057,896341,819372,75758,168734,134416,335498,532415,114749,1083594,101802,25772,34828,51388,38576
CA,CA2,201801,MCD,11144,29.52126705,0.529791816,1.57051705,$240.92 ,$53.34 ,$66.49 ,$77.26 ,$43.83 ,$0.00 ,37,4,493,4,2,1604,4,25,180216,4176.578436,57468,44057,10782,33928,15883,22446,51676,34263,160443,3448,6076,4616,3242,9708
CA,CA20,201801,MCD,261,28.1954023,0.574712644,1.199291188,$100.13 ,$0.00 ,$44.77 ,$43.94 ,$11.42 ,$0.00 ,0,0,10,2,1,25,0,0,438530,821.7515515,156896,149067,15346,36031,23696,64390,98813,20223,269660,13520,4468,7695,7541,10444
CA,CA21,201801,MCD,191,31.17277487,0.570680628,1.346424084,$66.99 ,$0.00 ,$15.03 ,$37.46 ,$14.50 ,$0.00 ,0,0,7,1,7,17,0,0,641847,2324.181643,263188,238371,17271,57501,43401,116457,130712,38050,249451,23427,13544,12933,11677,12597
CA,CA22,201801,MCD,254,23.92519685,0.551181102,1.198472441,$266.93 ,$113.73 ,$26.15 ,$58.34 ,$68.71 ,$0.00 ,3,0,13,6,4,36,0,0,171365,1234.545845,62685,58539,6792,22175,14964,23303,45990,13426,84511,4555,4913,3992,3786,2411
CA,CA23,201801,MCD,107,33.73831776,0.560747664,1.011140187,$158.62 ,$104.05 ,$12.45 ,$29.15 ,$12.98 ,$0.00 ,1,0,2,0,3,10,0,0,151906,9005.172163,84579,59685,4117,9269,9764,35175,25619,1701,28770,2723,7154,1011,2769,11716
CA,CA24,201801,MCD,337,26.70623145,0.53115727,1.38247181,$126.90 ,$26.28 ,$21.28 ,$60.85 ,$18.49 ,$0.00 ,1,0,15,4,4,42,0,0,428006,8864.022501,193696,163983,16804,39396,35478,79271,91192,17615,138500,10651,26639,6204,11021,9809
CA,CA25,201801,MCD,507,33.45167653,0.50295858,1.49781854,$273.38 ,$51.64 ,$37.19 ,$80.64 ,$103.91 ,$0.00 ,0,0,20,11,18,64,0,0,470990,24672.40534,218386,187277,15591,36021,38019,90963,98766,8104,114440,8163,28551,6986,13481,12724
CA,CA3,201801,MCD,130177,29.67757745,0.52551526,1.259658212,$250.51 ,$87.97 ,$50.45 ,$81.11 ,$30.98 ,$0.00 ,383,25,4214,3092,125,17249,39,94,4518699,27266.44488,1549773,1348982,180356,553160,432652,561952,1186660,340581,3038969,129608,113905,106066,62893,91930
CA,CA4,201801,MCD,105457,26.1386347,0.526347232,1.059511801,$258.86 ,$139.08 ,$27.64 ,$62.93 ,$29.21 ,$0.00 ,356,16,3542,936,320,16123,25,120,13262234,4850.972611,4615697,4338482,441609,1781058,1352330,1739765,2957709,1601964,9307146,1149887,86507,469799,343744,220875
CA,CA5,201801,MCD,154053,27.2148741,0.537341045,1.334138848,$1.94 ,$1.37 ,$0.29 ,$0.19 ,$0.09 ,$0.00 ,534,102,6343,1636,20416,7263,72,76,848112,1842.466511,287498,271226,25853,88185,78474,123435,199599,77382,459811,31090,10988,17892,11400,12601
CA,CA6,201801,MCD,830,26.6626506,0.526506024,1.282780723,$66.10 ,$27.51 ,$4.85 ,$26.32 ,$7.42 ,$0.00 ,2,1,57,8,94,59,0,0,443738,2735.137621,156210,144962,13861,52042,46478,64775,99117,45552,244382,21169,6950,15410,8052,19863
CA,CA7,201801,MCD,2037,22.99852725,0.530191458,1.097056456,$64.55 ,$24.07 ,$10.01 ,$17.63 ,$12.84 ,$0.00 ,6,2,88,24,133,156,0,0,883053,8132.256436,295756,267913,39056,139584,77216,92005,257750,84735,576023,15490,21557,24792,18281,31126
CA,CA8,201801,MCD,215,30.58139535,0.48372093,1.173395349,$28.54 ,$0.00 ,$8.50 ,$15.64 ,$4.40 ,$0.00 ,0,0,12,0,23,11,0,0,281455,3300.636162,121095,105317,6175,17123,20715,52758,50492,9045,86881,7329,9630,3482,4557,16435
CA,CA9,201801,MCD,280,24.70357143,0.625,0.8808,$21.62 ,$0.00 ,$1.35 ,$14.93 ,$5.35 ,$0.00 ,0,0,3,0,6,17,1,0,433212,3281.719108,141155,126052,10475,78816,46650,55515,114125,75432,301974,14534,6567,17221,5984,17741
CA,CA1,201802,MCD,192774,29.32014172,0.539699337,1.738110404,$313.74 ,$105.11 ,$57.77 ,$97.41 ,$53.45 ,$0.00 ,646,23,5846,1458,59,35766,105,52,3302833,4208.762531,1204884,1118980,106962,286008,279602,439595,726344,216965,1787453,255366,42081,75015,61486,89451
CA,CA10,201802,MCD,387,23.5503876,0.516795866,0.971552972,$34.21 ,$0.00 ,$11.42 ,$14.75 ,$8.05 ,$0.00 ,1,1,11,3,28,25,0,0,460477,4824.376542,147791,136106,18321,81345,44779,50391,143528,61208,326860,6561,10023,13317,8274,5426
CA,CA11,201802,MCD,122,26.26229508,0.581967213,1.1335,$103.98 ,$48.36 ,$9.89 ,$25.12 ,$20.61 ,$0.00 ,1,0,5,1,4,12,1,0,150075,1390.308446,45792,42735,4855,24270,10946,14567,40935,13829,101017,2919,1938,3483,2730,14912
CA,CA12,201802,MCD,738,25.37804878,0.56504065,1.207154472,$93.77 ,$26.01 ,$18.78 ,$28.33 ,$20.65 ,$0.00 ,2,0,22,8,23,63,0,1,978130,5958.095977,328577,304624,41276,147389,92035,114438,279979,108140,686675,23756,12508,28262,25805,16750
CA,CA13,201802,MCD,342,29.71637427,0.532163743,1.22001462,$154.13 ,$28.96 ,$37.64 ,$74.68 ,$12.85 ,$0.00 ,0,0,9,3,7,24,0,0,342954,21389.49918,163854,119622,10594,41422,24903,67475,74845,21273,143965,5802,14241,5844,5879,17935
CA,CA14,201802,MCD,99364,31.75096615,0.518990781,1.152181142,$14.35 ,$5.25 ,$5.57 ,$3.49 ,$0.05 ,$0.00 ,19,1,362,6,43,1296,0,1,2255381,3124.860076,789873,749021,60919,189668,113096,295103,502048,188257,1461149,154299,25948,59669,38303,48904
CA,CA15,201802,MCD,697,21.57532281,0.530846485,0.86002439,$20.18 ,$7.63 ,$4.31 ,$7.53 ,$0.70 ,$0.00 ,1,0,5,2,3,24,0,0,269075,1935.645521,84795,79606,14912,48433,23145,29320,80062,34066,193067,3236,5216,7611,5801,5926
CA,CA16,201802,MCD,2213,31.8829643,0.558969724,1.134317668,$69.68 ,$17.83 ,$13.45 ,$26.35 ,$12.05 ,$0.00 ,3,0,43,8,10,121,1,1,4673221,2470.336258,1796567,1692047,128698,373438,232541,689629,936866,360315,2804353,396804,19220,110888,205390,80356
CA,CA17,201802,MCD,685,22.04087591,0.534306569,0.779713869,$28.11 ,$14.07 ,$2.04 ,$9.06 ,$2.93 ,$0.00 ,1,0,4,1,9,23,0,0,539301,1496.015066,181213,172682,26130,73664,35012,67770,146907,48530,309505,12059,7723,11489,11100,5269
CA,CA18,201802,MCD,1035,26.81352657,0.54589372,1.370870531,$68.04 ,$17.97 ,$13.46 ,$28.42 ,$8.19 ,$0.00 ,1,0,20,2,6,43,1,0,732212,1392.385418,241055,226727,28989,96905,53972,89461,201506,62038,494325,20238,8143,16525,14450,15994
CA,CA19,201802,MCD,46793,30.83803133,0.50520377,1.511075674,$245.08 ,$93.06 ,$48.79 ,$64.41 ,$38.82 ,$0.00 ,165,5,2056,926,43,5907,12,99,2291738,5095.099057,896341,819372,75758,168734,134416,335498,532415,114749,1083594,101802,25772,34828,51388,38576
CA,CA2,201802,MCD,11393,29.59668217,0.531203371,1.573137365,$220.73 ,$48.85 ,$62.12 ,$74.43 ,$35.33 ,$0.00 ,24,4,428,3,3,1558,8,22,180216,4176.578436,57468,44057,10782,33928,15883,22446,51676,34263,160443,3448,6076,4616,3242,9708
CA,CA20,201802,MCD,268,28.34701493,0.578358209,1.177358209,$170.46 ,$0.00 ,$113.04 ,$48.22 ,$9.19 ,$0.00 ,0,0,11,4,1,21,0,0,438530,821.7515515,156896,149067,15346,36031,23696,64390,98813,20223,269660,13520,4468,7695,7541,10444
CA,CA21,201802,MCD,201,31.2238806,0.567164179,1.309532338,$67.41 ,$0.00 ,$7.96 ,$21.86 ,$37.58 ,$0.00 ,1,0,10,1,4,17,0,0,641847,2324.181643,263188,238371,17271,57501,43401,116457,130712,38050,249451,23427,13544,12933,11677,12597
CA,CA22,201802,MCD,258,23.90697674,0.550387597,1.214744186,$193.29 ,$41.72 ,$19.54 ,$64.76 ,$67.26 ,$0.00 ,1,0,12,4,5,26,0,0,171365,1234.545845,62685,58539,6792,22175,14964,23303,45990,13426,84511,4555,4913,3992,3786,2411
CA,CA23,201802,MCD,111,34.08108108,0.558558559,1.020621622,$52.89 ,$0.00 ,$21.69 ,$24.43 ,$6.76 ,$0.00 ,1,0,7,0,2,12,0,0,151906,9005.172163,84579,59685,4117,9269,9764,35175,25619,1701,28770,2723,7154,1011,2769,11716
CA,CA24,201802,MCD,347,26.97118156,0.527377522,1.379244957,$120.21 ,$34.46 ,$16.81 ,$47.95 ,$20.99 ,$0.00 ,2,0,16,6,5,39,0,0,428006,8864.022501,193696,163983,16804,39396,35478,79271,91192,17615,138500,10651,26639,6204,11021,9809
CA,CA25,201802,MCD,523,33.14340344,0.502868069,1.473275335,$188.63 ,$13.07 ,$30.78 ,$55.46 ,$89.32 ,$0.00 ,1,0,29,9,21,45,0,0,470990,24672.40534,218386,187277,15591,36021,38019,90963,98766,8104,114440,8163,28551,6986,13481,12724
CA,CA3,201802,MCD,133014,29.65063076,0.525651435,1.250507067,$194.48 ,$67.42 ,$37.42 ,$64.08 ,$25.55 ,$0.00 ,305,19,3782,2719,137,16274,20,92,4518699,27266.44488,1549773,1348982,180356,553160,432652,561952,1186660,340581,3038969,129608,113905,106066,62893,91930
CA,CA4,201802,MCD,107063,26.24766726,0.526381663,1.063117706,$218.27 ,$112.95 ,$24.39 ,$55.37 ,$25.55 ,$0.00 ,279,16,3452,946,287,15257,22,112,13262234,4850.972611,4615697,4338482,441609,1781058,1352330,1739765,2957709,1601964,9307146,1149887,86507,469799,343744,220875
CA,CA5,201802,MCD,156402,27.27869848,0.537282132,1.329202958,$0.50 ,$0.14 ,$0.15 ,$0.14 ,$0.06 ,$0.00 ,455,86,6154,1688,19195,7084,54,74,848112,1842.466511,287498,271226,25853,88185,78474,123435,199599,77382,459811,31090,10988,17892,11400,12601
CA,CA6,201802,MCD,855,26.70760234,0.52748538,1.289748538,$55.83 ,$12.74 ,$18.63 ,$16.76 ,$7.70 ,$0.00 ,4,0,44,7,93,47,1,0,443738,2735.137621,156210,144962,13861,52042,46478,64775,99117,45552,244382,21169,6950,15410,8052,19863
CA,CA7,201802,MCD,2085,23.04460432,0.530455636,1.088043645,$73.58 ,$28.21 ,$10.70 ,$22.31 ,$12.36 ,$0.00 ,7,0,95,29,134,149,0,1,883053,8132.256436,295756,267913,39056,139584,77216,92005,257750,84735,576023,15490,21557,24792,18281,31126
CA,CA8,201802,MCD,222,30.88738739,0.490990991,1.179846847,$10.77 ,$0.00 ,$2.30 ,$7.14 ,$1.33 ,$0.00 ,0,0,8,1,18,5,0,0,281455,3300.636162,121095,105317,6175,17123,20715,52758,50492,9045,86881,7329,9630,3482,4557,16435
CA,CA9,201802,MCD,297,24.57575758,0.61952862,0.869754209,$19.16 ,$0.00 ,$3.36 ,$8.79 ,$7.00 ,$0.00 ,0,0,8,2,13,20,0,1,433212,3281.719108,141155,126052,10475,78816,46650,55515,114125,75432,301974,14534,6567,17221,5984,17741
CA,CA1,201803,MCD,195997,29.36011776,0.53951336,1.733115078,$367.47 ,$133.68 ,$64.08 ,$109.28 ,$60.42 ,$0.00 ,819,32,6342,1670,67,38039,127,57,3302833,4208.762531,1204884,1118980,106962,286008,279602,439595,726344,216965,1787453,255366,42081,75015,61486,89451
CA,CA10,201803,MCD,398,23.66331658,0.522613065,0.966298995,$86.68 ,$49.06 ,$7.60 ,$22.20 ,$7.82 ,$0.00 ,2,1,17,4,23,25,0,0,460477,4824.376542,147791,136106,18321,81345,44779,50391,143528,61208,326860,6561,10023,13317,8274,5426
CA,CA11,201803,MCD,122,26.09836066,0.581967213,1.130745902,$74.29 ,$0.00 ,$19.12 ,$46.33 ,$8.83 ,$0.00 ,0,0,4,1,4,12,2,0,150075,1390.308446,45792,42735,4855,24270,10946,14567,40935,13829,101017,2919,1938,3483,2730,14912
CA,CA12,201803,MCD,742,25.40700809,0.564690027,1.200672507,$128.19 ,$34.15 ,$24.80 ,$37.58 ,$31.66 ,$0.00 ,1,0,19,9,26,69,1,1,978130,5958.095977,328577,304624,41276,147389,92035,114438,279979,108140,686675,23756,12508,28262,25805,16750
CA,CA13,201803,MCD,351,29.5014245,0.52991453,1.226732194,$121.69 ,$0.00 ,$11.94 ,$90.19 ,$19.56 ,$0.00 ,1,1,10,4,10,30,0,0,342954,21389.49918,163854,119622,10594,41422,24903,67475,74845,21273,143965,5802,14241,5844,5879,17935
CA,CA14,201803,MCD,101017,31.80900245,0.518714672,1.148547324,$25.50 ,$11.23 ,$9.13 ,$5.08 ,$0.07 ,$0.00 ,30,4,374,4,62,1764,1,1,2255381,3124.860076,789873,749021,60919,189668,113096,295103,502048,188257,1461149,154299,25948,59669,38303,48904
CA,CA15,201803,MCD,712,21.52808989,0.533707865,0.869011236,$42.21 ,$0.00 ,$16.84 ,$21.79 ,$3.58 ,$0.00 ,0,0,8,2,4,31,0,0,269075,1935.645521,84795,79606,14912,48433,23145,29320,80062,34066,193067,3236,5216,7611,5801,5926
CA,CA16,201803,MCD,2283,31.97853701,0.560227771,1.128905826,$74.30 ,$18.85 ,$16.08 ,$32.04 ,$7.33 ,$0.00 ,4,0,47,15,14,146,0,1,4673221,2470.336258,1796567,1692047,128698,373438,232541,689629,936866,360315,2804353,396804,19220,110888,205390,80356
CA,CA17,201803,MCD,695,22.05179856,0.53381295,0.777814389,$35.42 ,$18.55 ,$2.41 ,$11.27 ,$3.20 ,$0.00 ,1,0,5,0,10,31,0,0,539301,1496.015066,181213,172682,26130,73664,35012,67770,146907,48530,309505,12059,7723,11489,11100,5269
CA,CA18,201803,MCD,1056,26.80776515,0.544507576,1.37214678,$83.23 ,$25.46 ,$18.49 ,$27.48 ,$11.80 ,$0.00 ,3,0,24,2,2,53,0,0,732212,1392.385418,241055,226727,28989,96905,53972,89461,201506,62038,494325,20238,8143,16525,14450,15994
CA,CA19,201803,MCD,47502,30.83665951,0.504989264,1.502770957,$286.19 ,$116.19 ,$54.47 ,$73.05 ,$42.47 ,$0.00 ,188,4,2233,939,32,6526,16,110,2291738,5095.099057,896341,819372,75758,168734,134416,335498,532415,114749,1083594,101802,25772,34828,51388,38576
CA,CA2,201803,MCD,11575,29.63507559,0.530453564,1.571734687,$230.42 ,$45.64 ,$72.07 ,$75.56 ,$37.15 ,$0.00 ,29,5,460,6,4,1631,4,30,180216,4176.578436,57468,44057,10782,33928,15883,22446,51676,34263,160443,3448,6076,4616,3242,9708
CA,CA20,201803,MCD,280,28.42857143,0.575,1.149396429,$132.60 ,$0.00 ,$77.73 ,$43.97 ,$10.91 ,$0.00 ,0,0,12,0,2,22,0,0,438530,821.7515515,156896,149067,15346,36031,23696,64390,98813,20223,269660,13520,4468,7695,7541,10444
CA,CA21,201803,MCD,201,31.32338309,0.567164179,1.309532338,$110.49 ,$0.00 ,$11.79 ,$29.68 ,$69.01 ,$0.00 ,0,0,13,0,7,21,0,0,641847,2324.181643,263188,238371,17271,57501,43401,116457,130712,38050,249451,23427,13544,12933,11677,12597
CA,CA22,201803,MCD,271,23.45387454,0.564575646,1.182904059,$236.02 ,$88.26 ,$31.76 ,$55.52 ,$60.49 ,$0.00 ,1,0,15,2,5,28,0,0,171365,1234.545845,62685,58539,6792,22175,14964,23303,45990,13426,84511,4555,4913,3992,3786,2411
CA,CA23,201803,MCD,113,34.26548673,0.566371681,1.075513274,$304.41 ,$191.83 ,$49.26 ,$57.78 ,$5.54 ,$0.00 ,1,0,3,1,0,11,0,0,151906,9005.172163,84579,59685,4117,9269,9764,35175,25619,1701,28770,2723,7154,1011,2769,11716
CA,CA24,201803,MCD,347,27.07492795,0.53314121,1.390659942,$159.65 ,$66.93 ,$19.18 ,$54.05 ,$19.49 ,$0.00 ,1,0,17,4,7,30,0,0,428006,8864.022501,193696,163983,16804,39396,35478,79271,91192,17615,138500,10651,26639,6204,11021,9809
CA,CA25,201803,MCD,529,33.13799622,0.506616257,1.468478261,$226.26 ,$16.44 ,$59.84 ,$65.33 ,$84.65 ,$0.00 ,1,0,23,5,19,74,0,0,470990,24672.40534,218386,187277,15591,36021,38019,90963,98766,8104,114440,8163,28551,6986,13481,12724
CA,CA3,201803,MCD,134969,29.66425624,0.52531322,1.246300914,$245.04 ,$96.18 ,$41.75 ,$77.53 ,$29.59 ,$0.00 ,368,26,3949,2642,120,17661,31,96,4518699,27266.44488,1549773,1348982,180356,553160,432652,561952,1186660,340581,3038969,129608,113905,106066,62893,91930
CA,CA4,201803,MCD,108519,26.33660465,0.526700394,1.063554272,$249.59 ,$135.32 ,$26.30 ,$59.95 ,$28.02 ,$0.00 ,336,18,3406,903,358,15234,24,119,13262234,4850.972611,4615697,4338482,441609,1781058,1352330,1739765,2957709,1601964,9307146,1149887,86507,469799,343744,220875
CA,CA5,201803,MCD,158648,27.33617821,0.537000151,1.32510321,$0.43 ,$0.08 ,$0.15 ,$0.12 ,$0.07 ,$0.00 ,533,95,6183,1719,20399,7390,64,93,848112,1842.466511,287498,271226,25853,88185,78474,123435,199599,77382,459811,31090,10988,17892,11400,12601
CA,CA6,201803,MCD,877,26.69555302,0.532497149,1.275659065,$24.84 ,$3.99 ,$3.60 ,$10.39 ,$6.85 ,$0.00 ,8,3,47,5,98,64,0,0,443738,2735.137621,156210,144962,13861,52042,46478,64775,99117,45552,244382,21169,6950,15410,8052,19863
CA,CA7,201803,MCD,2132,23.01313321,0.529080675,1.076075985,$64.27 ,$9.03 ,$14.23 ,$28.48 ,$12.53 ,$0.00 ,6,2,120,23,147,171,3,3,883053,8132.256436,295756,267913,39056,139584,77216,92005,257750,84735,576023,15490,21557,24792,18281,31126
CA,CA8,201803,MCD,233,30.66094421,0.489270386,1.153364807,$28.03 ,$0.00 ,$7.10 ,$12.99 ,$7.94 ,$0.00 ,0,1,12,1,20,9,0,0,281455,3300.636162,121095,105317,6175,17123,20715,52758,50492,9045,86881,7329,9630,3482,4557,16435
CA,,201803,MCD,308,24.51948052,0.613636364,0.858827922,$45.97 ,$0.00 ,$16.32 ,$25.77 ,$3.88 ,$0.00 ,0,0,6,4,3,15,0,1,433212,3281.719108,141155,126052,10475,78816,46650,55515,114125,75432,301974,14534,6567,17221,5984,17741
CA,CA1,201804,MCD,195973,29.43099305,0.539518199,1.733189424,$349.79 ,$127.65 ,$59.71 ,$104.32 ,$58.10 ,$0.00 ,792,27,5934,1461,62,35837,104,61,3302833,4208.762531,1204884,1118980,106962,286008,279602,439595,726344,216965,1787453,255366,42081,75015,61486,89451
CA,CA10,201804,MCD,398,23.68090452,0.522613065,0.959572864,$30.40 ,$0.00 ,$5.27 ,$17.80 ,$7.33 ,$0.00 ,0,0,11,3,26,26,1,0,460477,4824.376542,147791,136106,18321,81345,44779,50391,143528,61208,326860,6561,10023,13317,8274,5426
CA,CA11,201804,MCD,123,26.35772358,0.577235772,1.125780488,$67.06 ,$0.00 ,$4.93 ,$48.37 ,$13.76 ,$0.00 ,0,0,3,0,5,9,0,0,150075,1390.308446,45792,42735,4855,24270,10946,14567,40935,13829,101017,2919,1938,3483,2730,14912
CA,CA12,201804,MCD,739,25.49661705,0.568335589,1.207664411,$130.15 ,$27.51 ,$50.88 ,$25.15 ,$26.61 ,$0.00 ,2,0,25,3,23,56,0,1,978130,5958.095977,328577,304624,41276,147389,92035,114438,279979,108140,686675,23756,12508,28262,25805,16750
CA,CA13,201804,MCD,350,29.74285714,0.528571429,1.290874286,$163.67 ,$19.89 ,$30.89 ,$95.73 ,$17.16 ,$0.00 ,0,0,13,4,6,30,0,0,342954,21389.49918,163854,119622,10594,41422,24903,67475,74845,21273,143965,5802,14241,5844,5879,17935
CA,CA14,201804,MCD,100978,31.88803502,0.518835786,1.148951653,$43.07 ,$17.16 ,$20.27 ,$5.59 ,$0.05 ,$0.00 ,55,5,274,7,78,1649,2,3,2255381,3124.860076,789873,749021,60919,189668,113096,295103,502048,188257,1461149,154299,25948,59669,38303,48904
CA,CA15,201804,MCD,714,21.61204482,0.533613445,0.86692577,$49.01 ,$6.58 ,$20.81 ,$19.39 ,$2.23 ,$0.00 ,1,0,5,4,5,28,0,0,269075,1935.645521,84795,79606,14912,48433,23145,29320,80062,34066,193067,3236,5216,7611,5801,5926
CA,CA16,201804,MCD,2285,32.05995624,0.558424508,1.127315536,$90.89 ,$28.91 ,$25.53 ,$27.69 ,$8.75 ,$0.00 ,6,0,42,11,13,138,0,0,4673221,2470.336258,1796567,1692047,128698,373438,232541,689629,936866,360315,2804353,396804,19220,110888,205390,80356
CA,CA17,201804,MCD,698,22.14183381,0.535816619,0.77795702,$14.06 ,$0.00 ,$2.65 ,$9.43 ,$1.98 ,$0.00 ,0,0,7,3,7,21,0,0,539301,1496.015066,181213,172682,26130,73664,35012,67770,146907,48530,309505,12059,7723,11489,11100,5269
CA,CA18,201804,MCD,1052,26.96197719,0.545627376,1.369194867,$97.55 ,$4.39 ,$60.14 ,$23.99 ,$9.04 ,$0.00 ,0,0,17,1,4,60,1,0,732212,1392.385418,241055,226727,28989,96905,53972,89461,201506,62038,494325,20238,8143,16525,14450,15994
CA,CA19,201804,MCD,47479,30.92358727,0.505170707,1.504346132,$290.81 ,$96.78 ,$78.26 ,$71.31 ,$44.46 ,$0.00 ,207,6,2135,877,38,6390,20,104,2291738,5095.099057,896341,819372,75758,168734,134416,335498,532415,114749,1083594,101802,25772,34828,51388,38576
CA,CA2,201804,MCD,11559,29.7241976,0.530755256,1.570003547,$226.43 ,$56.01 ,$63.99 ,$72.82 ,$33.61 ,$0.00 ,40,4,439,2,2,1528,4,33,180216,4176.578436,57468,44057,10782,33928,15883,22446,51676,34263,160443,3448,6076,4616,3242,9708
CA,CA20,201804,MCD,278,28.53597122,0.575539568,1.152082734,$197.07 ,$56.18 ,$79.39 ,$50.98 ,$10.52 ,$0.00 ,1,1,13,0,3,27,0,0,438530,821.7515515,156896,149067,15346,36031,23696,64390,98813,20223,269660,13520,4468,7695,7541,10444
CA,CA21,201804,MCD,200,31.43,0.565,1.31195,$90.76 ,$0.00 ,$25.30 ,$55.23 ,$10.23 ,$0.00 ,0,0,7,0,3,21,0,0,641847,2324.181643,263188,238371,17271,57501,43401,116457,130712,38050,249451,23427,13544,12933,11677,12597
CA,CA22,201804,MCD,271,23.60885609,0.560885609,1.182940959,$167.21 ,$13.42 ,$19.66 ,$50.33 ,$83.80 ,$0.00 ,1,0,11,4,1,34,0,0,171365,1234.545845,62685,58539,6792,22175,14964,23303,45990,13426,84511,4555,4913,3992,3786,2411
CA,CA23,201804,MCD,113,34.34513274,0.566371681,1.075513274,$75.90 ,$0.00 ,$13.02 ,$42.52 ,$20.36 ,$0.00 ,0,0,7,1,3,10,0,0,151906,9005.172163,84579,59685,4117,9269,9764,35175,25619,1701,28770,2723,7154,1011,2769,11716
CA,CA24,201804,MCD,344,27.32848837,0.531976744,1.399531977,$668.13 ,$522.20 ,$16.58 ,$113.09 ,$16.27 ,$0.00 ,1,0,13,7,2,39,0,0,428006,8864.022501,193696,163983,16804,39396,35478,79271,91192,17615,138500,10651,26639,6204,11021,9809
CA,CA25,201804,MCD,532,33.31578947,0.505639098,1.472107143,$217.94 ,$41.34 ,$49.05 ,$91.32 ,$36.23 ,$0.00 ,1,0,23,3,14,59,0,0,470990,24672.40534,218386,187277,15591,36021,38019,90963,98766,8104,114440,8163,28551,6986,13481,12724
CA,CA3,201804,MCD,134971,29.7432856,0.525446207,1.246900379,$221.73 ,$85.50 ,$42.60 ,$66.86 ,$26.77 ,$0.00 ,321,30,3753,2190,137,16933,20,104,4518699,27266.44488,1549773,1348982,180356,553160,432652,561952,1186660,340581,3038969,129608,113905,106066,62893,91930
CA,CA4,201804,MCD,108584,26.40660687,0.5267719,1.062896808,$218.89 ,$111.37 ,$26.42 ,$56.32 ,$24.77 ,$0.00 ,334,10,3049,751,320,13717,26,116,13262234,4850.972611,4615697,4338482,441609,1781058,1352330,1739765,2957709,1601964,9307146,1149887,86507,469799,343744,220875
CA,CA5,201804,MCD,158693,27.40633172,0.537074729,1.324412066,$0.89 ,$0.47 ,$0.15 ,$0.18 ,$0.10 ,$0.00 ,491,86,5172,1229,18665,6796,62,86,848112,1842.466511,287498,271226,25853,88185,78474,123435,199599,77382,459811,31090,10988,17892,11400,12601
CA,CA6,201804,MCD,876,26.74543379,0.534246575,1.288452055,$61.23 ,$37.68 ,$2.76 ,$15.42 ,$5.37 ,$0.00 ,2,0,38,3,81,57,0,0,443738,2735.137621,156210,144962,13861,52042,46478,64775,99117,45552,244382,21169,6950,15410,8052,19863
CA,CA7,201804,MCD,2144,23.15018657,0.53125,1.090586287,$68.60 ,$10.00 ,$33.66 ,$18.12 ,$6.82 ,$0.00 ,2,3,82,20,133,150,0,4,883053,8132.256436,295756,267913,39056,139584,77216,92005,257750,84735,576023,15490,21557,24792,18281,31126
CA,CA8,201804,MCD,233,30.74248927,0.489270386,1.153364807,$21.66 ,$0.00 ,$8.54 ,$10.10 ,$3.02 ,$0.00 ,1,0,7,3,13,11,0,0,281455,3300.636162,121095,105317,6175,17123,20715,52758,50492,9045,86881,7329,9630,3482,4557,16435
CA,CA9,201804,MCD,306,24.61764706,0.614379085,0.861571895,$23.73 ,$0.00 ,$3.15 ,$17.20 ,$3.38 ,$0.00 ,0,0,4,2,3,17,0,1,433212,3281.719108,141155,126052,10475,78816,46650,55515,114125,75432,301974,14534,6567,17221,5984,17741
CA,CA1,201805,MCD,196073,29.52111204,0.539492944,1.73318205,$356.35 ,$119.42 ,$64.02 ,$111.28 ,$61.63 ,$0.00 ,776,33,5998,1501,61,36732,117,68,3302833,4208.762531,1204884,1118980,106962,286008,279602,439595,726344,216965,1787453,255366,42081,75015,61486,89451
CA,CA10,201805,MCD,398,23.75125628,0.522613065,0.966057789,$31.19 ,$0.00 ,$8.67 ,$18.31 ,$4.21 ,$0.00 ,0,0,10,3,27,22,0,0,460477,4824.376542,147791,136106,18321,81345,44779,50391,143528,61208,326860,6561,10023,13317,8274,5426
CA,CA11,201805,MCD,123,26.40650407,0.577235772,1.125780488,$71.52 ,$0.00 ,$14.24 ,$45.05 ,$12.23 ,$0.00 ,0,0,6,0,4,7,0,0,150075,1390.308446,45792,42735,4855,24270,10946,14567,40935,13829,101017,2919,1938,3483,2730,14912
CA,CA12,201805,MCD,737,25.63093623,0.568521031,1.207906377,$289.17 ,$191.02 ,$39.95 ,$44.94 ,$13.25 ,$0.00 ,4,0,23,7,31,60,1,1,978130,5958.095977,328577,304624,41276,147389,92035,114438,279979,108140,686675,23756,12508,28262,25805,16750
CA,CA13,201805,MCD,349,29.83954155,0.52722063,1.291464183,$136.21 ,$0.00 ,$12.96 ,$65.55 ,$57.69 ,$0.00 ,1,0,13,3,7,31,0,0,342954,21389.49918,163854,119622,10594,41422,24903,67475,74845,21273,143965,5802,14241,5844,5879,17935
CA,CA14,201805,MCD,100950,31.95292719,0.518761763,1.148076939,$95.07 ,$32.03 ,$49.98 ,$13.00 ,$0.07 ,$0.00 ,116,15,620,8,104,2818,4,2,2255381,3124.860076,789873,749021,60919,189668,113096,295103,502048,188257,1461149,154299,25948,59669,38303,48904
CA,CA15,201805,MCD,712,21.73314607,0.53511236,0.869030899,$62.06 ,$12.81 ,$24.01 ,$23.09 ,$2.16 ,$0.00 ,1,0,15,2,6,23,0,0,269075,1935.645521,84795,79606,14912,48433,23145,29320,80062,34066,193067,3236,5216,7611,5801,5926
CA,CA16,201805,MCD,2289,32.13193534,0.558759284,1.127048493,$138.67 ,$44.40 ,$46.25 ,$37.33 ,$10.69 ,$0.00 ,10,0,53,10,18,168,1,0,4673221,2470.336258,1796567,1692047,128698,373438,232541,689629,936866,360315,2804353,396804,19220,110888,205390,80356
CA,CA17,201805,MCD,696,22.18247126,0.53591954,0.778945402,$53.45 ,$8.06 ,$25.45 ,$16.73 ,$3.21 ,$0.00 ,3,0,13,2,12,36,0,0,539301,1496.015066,181213,172682,26130,73664,35012,67770,146907,48530,309505,12059,7723,11489,11100,5269
CA,CA18,201805,MCD,1053,27.04653371,0.545109212,1.368417854,$162.67 ,$34.62 ,$88.60 ,$31.25 ,$8.21 ,$0.00 ,2,0,19,8,7,60,0,0,732212,1392.385418,241055,226727,28989,96905,53972,89461,201506,62038,494325,20238,8143,16525,14450,15994
CA,CA19,201805,MCD,47505,31.00105252,0.505062625,1.503140133,$284.92 ,$93.29 ,$77.12 ,$70.32 ,$44.19 ,$0.00 ,186,7,2133,876,25,6435,32,115,2291738,5095.099057,896341,819372,75758,168734,134416,335498,532415,114749,1083594,101802,25772,34828,51388,38576
CA,CA2,201805,MCD,11572,29.79243,0.529986174,1.570255531,$230.53 ,$45.25 ,$65.84 ,$78.53 ,$40.92 ,$0.00 ,32,3,512,12,2,1568,2,32,180216,4176.578436,57468,44057,10782,33928,15883,22446,51676,34263,160443,3448,6076,4616,3242,9708
CA,CA20,201805,MCD,278,28.60071942,0.575539568,1.152082734,$150.05 ,$26.08 ,$61.77 ,$51.75 ,$10.44 ,$0.00 ,1,0,16,2,1,20,0,0,438530,821.7515515,156896,149067,15346,36031,23696,64390,98813,20223,269660,13520,4468,7695,7541,10444
CA,CA21,201805,MCD,199,31.48743719,0.567839196,1.317165829,$66.46 ,$13.57 ,$17.17 ,$26.26 ,$9.46 ,$0.00 ,0,0,4,1,5,15,0,0,641847,2324.181643,263188,238371,17271,57501,43401,116457,130712,38050,249451,23427,13544,12933,11677,12597
CA,CA22,201805,MCD,272,23.69485294,0.5625,1.179661765,$189.26 ,$45.45 ,$29.10 ,$39.09 ,$75.62 ,$0.00 ,0,0,14,1,3,35,0,0,171365,1234.545845,62685,58539,6792,22175,14964,23303,45990,13426,84511,4555,4913,3992,3786,2411
CA,CA23,201805,MCD,112,34.49107143,0.571428571,1.084276786,$114.00 ,$0.00 ,$25.05 ,$77.25 ,$11.71 ,$0.00 ,0,0,5,3,3,16,0,0,151906,9005.172163,84579,59685,4117,9269,9764,35175,25619,1701,28770,2723,7154,1011,2769,11716
CA,CA24,201805,MCD,349,27.29799427,0.53008596,1.388916905,$165.59 ,$65.22 ,$15.82 ,$64.87 ,$19.68 ,$0.00 ,5,0,25,6,3,49,0,0,428006,8864.022501,193696,163983,16804,39396,35478,79271,91192,17615,138500,10651,26639,6204,11021,9809
CA,CA25,201805,MCD,531,33.36723164,0.504708098,1.474286252,$180.09 ,$25.78 ,$48.22 ,$70.65 ,$35.43 ,$0.00 ,2,0,31,8,18,55,0,0,470990,24672.40534,218386,187277,15591,36021,38019,90963,98766,8104,114440,8163,28551,6986,13481,12724
CA,CA3,201805,MCD,135077,29.81583837,0.525515077,1.246489269,$237.83 ,$94.46 ,$45.06 ,$67.77 ,$30.54 ,$0.00 ,405,25,3728,2161,132,16958,32,110,4518699,27266.44488,1549773,1348982,180356,553160,432652,561952,1186660,340581,3038969,129608,113905,106066,62893,91930
CA,CA4,201805,MCD,108553,26.48805653,0.526710455,1.063234678,$212.06 ,$102.22 ,$26.32 ,$56.51 ,$27.01 ,$0.00 ,318,14,2988,679,339,13997,21,117,13262234,4850.972611,4615697,4338482,441609,1781058,1352330,1739765,2957709,1601964,9307146,1149887,86507,469799,343744,220875
CA,CA5,201805,MCD,158817,27.48263725,0.537115044,1.324786698,$0.72 ,$0.12 ,$0.31 ,$0.17 ,$0.11 ,$0.00 ,559,96,5409,1427,19449,7577,86,89,848112,1842.466511,287498,271226,25853,88185,78474,123435,199599,77382,459811,31090,10988,17892,11400,12601
CA,CA6,201805,MCD,878,26.85079727,0.531890661,1.28843508,$41.64 ,$19.25 ,$3.02 ,$11.88 ,$7.49 ,$0.00 ,3,0,43,5,90,61,1,0,443738,2735.137621,156210,144962,13861,52042,46478,64775,99117,45552,244382,21169,6950,15410,8052,19863
CA,CA7,201805,MCD,2135,23.23138173,0.531147541,1.091437002,$155.80 ,$76.48 ,$43.38 ,$25.54 ,$10.40 ,$0.00 ,8,0,80,20,133,151,0,4,883053,8132.256436,295756,267913,39056,139584,77216,92005,257750,84735,576023,15490,21557,24792,18281,31126
CA,CA8,201805,MCD,233,30.85407725,0.489270386,1.153364807,$8.60 ,$0.00 ,$0.38 ,$4.76 ,$3.47 ,$0.00 ,1,0,7,1,17,12,0,0,281455,3300.636162,121095,105317,6175,17123,20715,52758,50492,9045,86881,7329,9630,3482,4557,16435
CA,CA9,201805,MCD,305,24.76065574,0.613114754,0.863921312,$59.56 ,$4.43 ,$12.21 ,$37.86 ,$5.06 ,$0.00 ,1,0,8,2,5,15,0,1,433212,3281.719108,141155,126052,10475,78816,46650,55515,114125,75432,301974,14534,6567,17221,5984,17741
CA,CA1,201806,MCD,196038,29.59636397,0.539487242,1.732599756,$343.64 ,$122.93 ,$60.66 ,$104.75 ,$55.30 ,$0.00 ,747,24,5633,1351,50,33721,99,72,3302833,4208.762531,1204884,1118980,106962,286008,279602,439595,726344,216965,1787453,255366,42081,75015,61486,89451
CA,CA10,201806,MCD,395,23.88101266,0.521518987,0.966691139,$50.90 ,$23.93 ,$2.43 ,$19.83 ,$4.72 ,$0.00 ,1,1,12,5,30,23,0,0,460477,4824.376542,147791,136106,18321,81345,44779,50391,143528,61208,326860,6561,10023,13317,8274,5426
CA,CA11,201806,MCD,123,26.48780488,0.577235772,1.125780488,$155.47 ,$57.96 ,$25.12 ,$53.04 ,$19.36 ,$0.00 ,1,0,5,0,7,9,0,0,150075,1390.308446,45792,42735,4855,24270,10946,14567,40935,13829,101017,2919,1938,3483,2730,14912
CA,CA12,201806,MCD,743,25.68506057,0.566621804,1.204737551,$97.37 ,$7.49 ,$36.32 ,$24.31 ,$29.25 ,$0.00 ,0,0,22,3,14,59,0,1,978130,5958.095977,328577,304624,41276,147389,92035,114438,279979,108140,686675,23756,12508,28262,25805,16750
CA,CA13,201806,MCD,348,29.92528736,0.528735632,1.294804598,$201.84 ,$26.16 ,$38.17 ,$100.49 ,$37.01 ,$0.00 ,1,0,10,1,7,31,0,0,342954,21389.49918,163854,119622,10594,41422,24903,67475,74845,21273,143965,5802,14241,5844,5879,17935
CA,CA14,201806,MCD,100987,32.04994702,0.518898472,1.148905938,$147.51 ,$52.67 ,$65.20 ,$29.60 ,$0.05 ,$0.00 ,282,12,1956,7,89,8591,14,36,2255381,3124.860076,789873,749021,60919,189668,113096,295103,502048,188257,1461149,154299,25948,59669,38303,48904
CA,CA15,201806,MCD,712,21.8244382,0.53511236,0.869030899,$114.02 ,$32.35 ,$42.50 ,$38.30 ,$0.88 ,$0.00 ,2,0,19,3,5,54,0,0,269075,1935.645521,84795,79606,14912,48433,23145,29320,80062,34066,193067,3236,5216,7611,5801,5926
CA,CA16,201806,MCD,2286,32.22922135,0.559055118,1.128538495,$163.91 ,$58.55 ,$42.17 ,$52.86 ,$10.32 ,$0.00 ,11,1,61,13,15,240,0,3,4673221,2470.336258,1796567,1692047,128698,373438,232541,689629,936866,360315,2804353,396804,19220,110888,205390,80356
CA,CA17,201806,MCD,697,22.29842181,0.535150646,0.778626973,$92.46 ,$21.76 ,$42.74 ,$26.00 ,$1.96 ,$0.00 ,0,0,17,2,7,46,0,0,539301,1496.015066,181213,172682,26130,73664,35012,67770,146907,48530,309505,12059,7723,11489,11100,5269
CA,CA18,201806,MCD,1056,27.06534091,0.543560606,1.373416667,$163.90 ,$37.38 ,$77.75 ,$39.10 ,$9.67 ,$0.00 ,4,0,39,4,6,101,0,0,732212,1392.385418,241055,226727,28989,96905,53972,89461,201506,62038,494325,20238,8143,16525,14450,15994
CA,CA19,201806,MCD,47491,31.07515108,0.50529574,1.502129962,$267.43 ,$100.20 ,$55.86 ,$70.51 ,$40.85 ,$0.00 ,198,5,1910,637,26,6135,32,115,2291738,5095.099057,896341,819372,75758,168734,134416,335498,532415,114749,1083594,101802,25772,34828,51388,38576
CA,CA2,201806,MCD,11565,29.86009512,0.530393428,1.573496498,$242.83 ,$68.76 ,$63.07 ,$70.92 ,$40.08 ,$0.00 ,45,7,422,13,3,1517,8,37,180216,4176.578436,57468,44057,10782,33928,15883,22446,51676,34263,160443,3448,6076,4616,3242,9708
CA,CA20,201806,MCD,280,28.68928571,0.575,1.149396429,$227.06 ,$83.91 ,$76.23 ,$56.78 ,$10.14 ,$0.00 ,0,0,12,3,3,28,0,0,438530,821.7515515,156896,149067,15346,36031,23696,64390,98813,20223,269660,13520,4468,7695,7541,10444
CA,CA21,201806,MCD,200,31.54,0.57,1.31471,$84.74 ,$0.00 ,$28.56 ,$48.78 ,$7.40 ,$0.00 ,0,1,5,0,3,18,1,0,641847,2324.181643,263188,238371,17271,57501,43401,116457,130712,38050,249451,23427,13544,12933,11677,12597
CA,CA22,201806,MCD,267,23.83146067,0.561797753,1.19646442,$287.02 ,$107.56 ,$38.81 ,$58.82 ,$81.83 ,$0.00 ,0,0,17,0,3,30,1,0,171365,1234.545845,62685,58539,6792,22175,14964,23303,45990,13426,84511,4555,4913,3992,3786,2411
CA,CA23,201806,MCD,112,34.24107143,0.5625,1.076723214,$122.38 ,$0.00 ,$27.19 ,$82.80 ,$12.39 ,$0.00 ,0,0,3,1,5,8,0,0,151906,9005.172163,84579,59685,4117,9269,9764,35175,25619,1701,28770,2723,7154,1011,2769,11716
CA,CA24,201806,MCD,347,27.48414986,0.530259366,1.396066282,$173.18 ,$37.38 ,$40.01 ,$73.28 ,$22.51 ,$0.00 ,1,0,26,1,7,47,0,0,428006,8864.022501,193696,163983,16804,39396,35478,79271,91192,17615,138500,10651,26639,6204,11021,9809
CA,CA25,201806,MCD,524,33.6851145,0.505725191,1.491711832,$166.07 ,$21.63 ,$54.31 ,$55.88 ,$34.25 ,$0.00 ,0,1,32,4,12,67,0,0,470990,24672.40534,218386,187277,15591,36021,38019,90963,98766,8104,114440,8163,28551,6986,13481,12724
CA,CA3,201806,MCD,135001,29.90575625,0.525544255,1.247485848,$222.76 ,$87.58 ,$41.35 ,$66.61 ,$27.22 ,$0.00 ,318,23,3443,1742,113,15584,34,102,4518699,27266.44488,1549773,1348982,180356,553160,432652,561952,1186660,340581,3038969,129608,113905,106066,62893,91930
CA,CA4,201806,MCD,108505,26.56494171,0.526584028,1.063342344,$215.84 ,$111.91 ,$24.07 ,$54.17 ,$25.70 ,$0.00 ,264,15,2701,540,291,12238,33,108,13262234,4850.972611,4615697,4338482,441609,1781058,1352330,1739765,2957709,1601964,9307146,1149887,86507,469799,343744,220875
CA,CA5,201806,MCD,158698,27.56867131,0.537076712,1.325283198,$0.78 ,$0.38 ,$0.14 ,$0.19 ,$0.08 ,$0.00 ,549,84,4960,1112,18182,7065,84,94,848112,1842.466511,287498,271226,25853,88185,78474,123435,199599,77382,459811,31090,10988,17892,11400,12601
CA,CA6,201806,MCD,877,26.95210946,0.531356899,1.288375143,$142.98 ,$102.65 ,$11.68 ,$20.95 ,$7.70 ,$0.00 ,6,4,41,7,89,57,0,0,443738,2735.137621,156210,144962,13861,52042,46478,64775,99117,45552,244382,21169,6950,15410,8052,19863
CA,CA7,201806,MCD,2137,23.25456247,0.53111839,1.086661207,$69.20 ,$25.90 ,$13.33 ,$22.88 ,$7.09 ,$0.00 ,11,1,85,25,110,149,0,5,883053,8132.256436,295756,267913,39056,139584,77216,92005,257750,84735,576023,15490,21557,24792,18281,31126
CA,CA8,201806,MCD,233,30.93562232,0.489270386,1.153364807,$21.15 ,$0.00 ,$6.94 ,$10.91 ,$3.30 ,$0.00 ,0,1,6,0,10,11,0,0,281455,3300.636162,121095,105317,6175,17123,20715,52758,50492,9045,86881,7329,9630,3482,4557,16435
CA,CA9,201806,MCD,306,24.68300654,0.611111111,0.853509804,$189.75 ,$13.24 ,$134.02 ,$39.59 ,$2.91 ,$0.00 ,1,0,11,1,2,17,0,1,433212,3281.719108,141155,126052,10475,78816,46650,55515,114125,75432,301974,14534,6567,17221,5984,17741
CA,CA1,201807,MCD,195991,29.68460286,0.539458445,1.733652601,$362.86 ,$135.31 ,$64.52 ,$105.68 ,$57.35 ,$0.00 ,855,34,5984,1345,60,32969,106,66,3302833,4208.762531,1204884,1118980,106962,286008,279602,439595,726344,216965,1787453,255366,42081,75015,61486,89451
CA,CA10,201807,MCD,398,23.87437186,0.522613065,0.962650754,$74.61 ,$38.27 ,$5.57 ,$23.62 ,$7.15 ,$0.00 ,0,0,12,6,16,22,0,0,460477,4824.376542,147791,136106,18321,81345,44779,50391,143528,61208,326860,6561,10023,13317,8274,5426
CA,CA11,201807,MCD,123,26.53658537,0.577235772,1.125780488,$84.59 ,$0.00 ,$7.35 ,$60.78 ,$16.45 ,$0.00 ,0,1,7,0,7,10,0,0,150075,1390.308446,45792,42735,4855,24270,10946,14567,40935,13829,101017,2919,1938,3483,2730,14912
CA,CA12,201807,MCD,744,25.72043011,0.565860215,1.203577957,$406.10 ,$287.81 ,$51.28 ,$49.82 ,$17.20 ,$0.00 ,5,0,31,2,21,75,1,1,978130,5958.095977,328577,304624,41276,147389,92035,114438,279979,108140,686675,23756,12508,28262,25805,16750
CA,CA13,201807,MCD,349,29.79083095,0.53008596,1.274060172,$185.65 ,$52.58 ,$27.91 ,$69.98 ,$35.18 ,$0.00 ,3,0,15,3,6,40,0,0,342954,21389.49918,163854,119622,10594,41422,24903,67475,74845,21273,143965,5802,14241,5844,5879,17935
CA,CA14,201807,MCD,100971,32.13701954,0.518752909,1.149617672,$192.01 ,$65.20 ,$77.07 ,$49.66 ,$0.07 ,$0.00 ,406,14,2864,9,83,15139,32,46,2255381,3124.860076,789873,749021,60919,189668,113096,295103,502048,188257,1461149,154299,25948,59669,38303,48904
CA,CA15,201807,MCD,712,21.87219101,0.532303371,0.868474719,$93.84 ,$8.63 ,$31.18 ,$51.98 ,$2.05 ,$0.00 ,0,0,28,2,7,87,0,0,269075,1935.645521,84795,79606,14912,48433,23145,29320,80062,34066,193067,3236,5216,7611,5801,5926
CA,CA16,201807,MCD,2285,32.32210066,0.557986871,1.129587746,$157.74 ,$38.68 ,$57.22 ,$50.77 ,$11.06 ,$0.00 ,9,0,80,10,13,308,1,3,4673221,2470.336258,1796567,1692047,128698,373438,232541,689629,936866,360315,2804353,396804,19220,110888,205390,80356
CA,CA17,201807,MCD,696,22.42672414,0.53591954,0.77966954,$115.94 ,$26.31 ,$57.42 ,$30.49 ,$1.72 ,$0.00 ,2,0,18,1,11,74,0,1,539301,1496.015066,181213,172682,26130,73664,35012,67770,146907,48530,309505,12059,7723,11489,11100,5269
CA,CA18,201807,MCD,1050,27.22095238,0.543809524,1.373801905,$166.91 ,$32.17 ,$86.24 ,$41.73 ,$6.77 ,$0.00 ,4,0,35,0,5,156,0,1,732212,1392.385418,241055,226727,28989,96905,53972,89461,201506,62038,494325,20238,8143,16525,14450,15994
CA,CA19,201807,MCD,47470,31.16107015,0.50518222,1.501215905,$307.25 ,$132.57 ,$56.14 ,$75.30 ,$43.24 ,$0.00 ,184,3,1948,696,26,5909,26,118,2291738,5095.099057,896341,819372,75758,168734,134416,335498,532415,114749,1083594,101802,25772,34828,51388,38576
CA,CA2,201807,MCD,11571,29.93924466,0.530464091,1.574749892,$278.03 ,$96.73 ,$69.83 ,$74.81 ,$36.66 ,$0.00 ,32,8,385,11,4,1401,3,35,180216,4176.578436,57468,44057,10782,33928,15883,22446,51676,34263,160443,3448,6076,4616,3242,9708
CA,CA20,201807,MCD,279,28.76702509,0.573476703,1.15062724,$620.06 ,$470.29 ,$65.40 ,$72.83 ,$11.55 ,$0.00 ,2,0,7,2,2,27,0,0,438530,821.7515515,156896,149067,15346,36031,23696,64390,98813,20223,269660,13520,4468,7695,7541,10444
CA,CA21,201807,MCD,201,31.62189055,0.567164179,1.309532338,$62.12 ,$0.00 ,$22.91 ,$33.04 ,$6.16 ,$0.00 ,0,0,7,2,4,21,0,0,641847,2324.181643,263188,238371,17271,57501,43401,116457,130712,38050,249451,23427,13544,12933,11677,12597
CA,CA22,201807,MCD,271,23.81549816,0.564575646,1.183195572,$255.97 ,$29.30 ,$88.05 ,$54.59 ,$84.03 ,$0.00 ,2,0,11,3,1,30,2,0,171365,1234.545845,62685,58539,6792,22175,14964,23303,45990,13426,84511,4555,4913,3992,3786,2411
CA,CA23,201807,MCD,112,34.36607143,0.5625,1.076723214,$118.49 ,$0.00 ,$45.94 ,$49.63 ,$22.91 ,$0.00 ,0,0,5,0,3,15,0,0,151906,9005.172163,84579,59685,4117,9269,9764,35175,25619,1701,28770,2723,7154,1011,2769,11716
CA,CA24,201807,MCD,347,27.57348703,0.530259366,1.396066282,$519.73 ,$381.05 ,$37.20 ,$77.16 ,$24.33 ,$0.00 ,1,1,17,3,4,43,0,0,428006,8864.022501,193696,163983,16804,39396,35478,79271,91192,17615,138500,10651,26639,6204,11021,9809
CA,CA25,201807,MCD,529,33.59168242,0.506616257,1.473506616,$156.57 ,$6.71 ,$44.83 ,$61.63 ,$43.40 ,$0.00 ,0,0,19,4,13,64,0,0,470990,24672.40534,218386,187277,15591,36021,38019,90963,98766,8104,114440,8163,28551,6986,13481,12724
CA,CA3,201807,MCD,134944,29.98746888,0.525492056,1.247603769,$220.89 ,$82.38 ,$40.86 ,$68.78 ,$28.88 ,$0.00 ,357,30,3507,1729,97,15409,46,101,4518699,27266.44488,1549773,1348982,180356,553160,432652,561952,1186660,340581,3038969,129608,113905,106066,62893,91930
CA,CA4,201807,MCD,108558,26.64325982,0.526667772,1.063013707,$214.88 ,$110.33 ,$26.22 ,$53.01 ,$25.33 ,$0.00 ,294,15,2809,612,297,11884,25,117,13262234,4850.972611,4615697,4338482,441609,1781058,1352330,1739765,2957709,1601964,9307146,1149887,86507,469799,343744,220875
CA,CA5,201807,MCD,158796,27.64192423,0.537085317,1.324935452,$0.38 ,$0.03 ,$0.15 ,$0.11 ,$0.08 ,$0.00 ,527,126,5199,946,16850,7077,60,91,848112,1842.466511,287498,271226,25853,88185,78474,123435,199599,77382,459811,31090,10988,17892,11400,12601
CA,CA6,201807,MCD,876,27.00342466,0.533105023,1.274284247,$124.99 ,$97.67 ,$4.01 ,$17.18 ,$6.13 ,$0.00 ,5,0,38,2,74,53,1,0,443738,2735.137621,156210,144962,13861,52042,46478,64775,99117,45552,244382,21169,6950,15410,8052,19863
CA,CA7,201807,MCD,2136,23.35674157,0.530898876,1.09122706,$75.23 ,$23.72 ,$15.37 ,$27.97 ,$8.18 ,$0.00 ,9,1,93,14,108,155,1,5,883053,8132.256436,295756,267913,39056,139584,77216,92005,257750,84735,576023,15490,21557,24792,18281,31126
CA,CA8,201807,MCD,231,30.93506494,0.493506494,1.144021645,$219.56 ,$173.16 ,$27.41 ,$15.44 ,$3.55 ,$0.00 ,1,0,11,0,10,17,0,0,281455,3300.636162,121095,105317,6175,17123,20715,52758,50492,9045,86881,7329,9630,3482,4557,16435
CA,CA9,201807,MCD,305,24.56721312,0.613114754,0.851429508,$84.29 ,$0.00 ,$48.37 ,$33.49 ,$2.43 ,$0.00 ,0,0,14,0,6,27,0,1,433212,3281.719108,141155,126052,10475,78816,46650,55515,114125,75432,301974,14534,6567,17221,5984,17741
CA,CA1,201808,MCD,196039,29.75677289,0.539535501,1.732028862,$383.66 ,$143.83 ,$64.87 ,$114.42 ,$60.55 ,$0.00 ,824,24,5969,1459,63,35309,124,71,3302833,4208.762531,1204884,1118980,106962,286008,279602,439595,726344,216965,1787453,255366,42081,75015,61486,89451
CA,CA10,201808,MCD,399,23.94987469,0.523809524,0.964255639,$142.12 ,$71.29 ,$26.57 ,$37.19 ,$7.06 ,$0.00 ,2,0,15,5,22,30,1,0,460477,4824.376542,147791,136106,18321,81345,44779,50391,143528,61208,326860,6561,10023,13317,8274,5426
CA,CA11,201808,MCD,123,26.6097561,0.577235772,1.125780488,$67.37 ,$0.00 ,$26.78 ,$25.84 ,$14.74 ,$0.00 ,0,0,4,0,6,9,1,0,150075,1390.308446,45792,42735,4855,24270,10946,14567,40935,13829,101017,2919,1938,3483,2730,14912
CA,CA12,201808,MCD,743,25.85464334,0.565275909,1.204485868,$350.30 ,$206.64 ,$71.58 ,$49.92 ,$22.16 ,$0.00 ,6,1,22,9,23,76,1,1,978130,5958.095977,328577,304624,41276,147389,92035,114438,279979,108140,686675,23756,12508,28262,25805,16750
CA,CA13,201808,MCD,351,29.84615385,0.52991453,1.288131054,$314.04 ,$110.75 ,$48.33 ,$125.94 ,$29.01 ,$0.00 ,2,0,11,3,10,51,0,0,342954,21389.49918,163854,119622,10594,41422,24903,67475,74845,21273,143965,5802,14241,5844,5879,17935
CA,CA14,201808,MCD,100994,32.2113987,0.518743688,1.149461324,$192.72 ,$62.36 ,$80.74 ,$49.58 ,$0.04 ,$0.00 ,415,21,2877,8,110,16087,39,47,2255381,3124.860076,789873,749021,60919,189668,113096,295103,502048,188257,1461149,154299,25948,59669,38303,48904
CA,CA15,201808,MCD,713,21.8569425,0.534361851,0.856762973,$153.12 ,$54.48 ,$34.47 ,$59.27 ,$4.90 ,$0.00 ,1,0,19,1,3,104,0,0,269075,1935.645521,84795,79606,14912,48433,23145,29320,80062,34066,193067,3236,5216,7611,5801,5926
CA,CA16,201808,MCD,2278,32.41966637,0.559262511,1.121616769,$154.51 ,$29.61 ,$60.80 ,$51.98 ,$12.11 ,$0.00 ,7,1,74,8,13,274,3,2,4673221,2470.336258,1796567,1692047,128698,373438,232541,689629,936866,360315,2804353,396804,19220,110888,205390,80356
CA,CA17,201808,MCD,697,22.48350072,0.535150646,0.778715925,$145.69 ,$36.59 ,$60.13 ,$46.66 ,$2.31 ,$0.00 ,1,0,25,2,8,98,0,1,539301,1496.015066,181213,172682,26130,73664,35012,67770,146907,48530,309505,12059,7723,11489,11100,5269
CA,CA18,201808,MCD,1053,27.33903134,0.545109212,1.377525166,$210.10 ,$41.07 ,$108.71 ,$52.79 ,$7.53 ,$0.00 ,4,0,28,3,6,168,0,1,732212,1392.385418,241055,226727,28989,96905,53972,89461,201506,62038,494325,20238,8143,16525,14450,15994
CA,CA19,201808,MCD,47514,31.24963169,0.505240561,1.5021444,$326.83 ,$144.00 ,$57.51 ,$80.84 ,$44.49 ,$0.00 ,195,4,1906,709,24,6203,24,123,2291738,5095.099057,896341,819372,75758,168734,134416,335498,532415,114749,1083594,101802,25772,34828,51388,38576
CA,CA2,201808,MCD,11585,30.02071644,0.530599914,1.573541735,$253.99 ,$50.18 ,$78.56 ,$85.15 ,$40.09 ,$0.00 ,35,8,456,9,4,1617,0,36,180216,4176.578436,57468,44057,10782,33928,15883,22446,51676,34263,160443,3448,6076,4616,3242,9708
CA,CA20,201808,MCD,280,28.84642857,0.575,1.149396429,$170.67 ,$26.71 ,$58.93 ,$68.26 ,$16.77 ,$0.00 ,3,0,13,1,0,40,0,0,438530,821.7515515,156896,149067,15346,36031,23696,64390,98813,20223,269660,13520,4468,7695,7541,10444
CA,CA21,201808,MCD,201,31.72636816,0.567164179,1.309532338,$115.52 ,$31.48 ,$21.35 ,$51.95 ,$10.74 ,$0.00 ,1,0,12,1,7,22,0,0,641847,2324.181643,263188,238371,17271,57501,43401,116457,130712,38050,249451,23427,13544,12933,11677,12597
CA,CA22,201808,MCD,271,23.88191882,0.564575646,1.183195572,$208.32 ,$26.48 ,$39.74 ,$61.55 ,$80.55 ,$0.00 ,0,0,14,1,3,34,0,0,171365,1234.545845,62685,58539,6792,22175,14964,23303,45990,13426,84511,4555,4913,3992,3786,2411
CA,CA23,201808,MCD,113,34.69911504,0.566371681,1.075513274,$132.87 ,$27.43 ,$27.21 ,$60.27 ,$17.95 ,$0.00 ,0,0,6,0,3,12,0,0,151906,9005.172163,84579,59685,4117,9269,9764,35175,25619,1701,28770,2723,7154,1011,2769,11716
CA,CA24,201808,MCD,347,27.55907781,0.53314121,1.391097983,$315.96 ,$170.25 ,$30.45 ,$93.33 ,$21.93 ,$0.00 ,2,0,14,5,4,45,0,0,428006,8864.022501,193696,163983,16804,39396,35478,79271,91192,17615,138500,10651,26639,6204,11021,9809
CA,CA25,201808,MCD,529,33.6483932,0.504725898,1.447981096,$309.05 ,$96.40 ,$37.28 ,$135.26 ,$40.11 ,$0.00 ,2,0,21,1,12,63,0,0,470990,24672.40534,218386,187277,15591,36021,38019,90963,98766,8104,114440,8163,28551,6986,13481,12724
CA,CA3,201808,MCD,135077,30.05575339,0.525529883,1.247175152,$269.46 ,$125.22 ,$44.69 ,$69.32 ,$30.23 ,$0.00 ,372,24,3660,2018,135,17259,40,106,4518699,27266.44488,1549773,1348982,180356,553160,432652,561952,1186660,340581,3038969,129608,113905,106066,62893,91930
CA,CA4,201808,MCD,108474,26.72433947,0.526725298,1.062476197,$247.78 ,$135.26 ,$26.71 ,$58.56 ,$27.26 ,$0.00 ,274,17,2813,650,301,13104,27,117,13262234,4850.972611,4615697,4338482,441609,1781058,1352330,1739765,2957709,1601964,9307146,1149887,86507,469799,343744,220875
CA,CA5,201808,MCD,158764,27.7317213,0.537080195,1.32518336,$0.78 ,$0.40 ,$0.14 ,$0.15 ,$0.09 ,$0.00 ,530,123,5001,985,17834,7288,74,92,848112,1842.466511,287498,271226,25853,88185,78474,123435,199599,77382,459811,31090,10988,17892,11400,12601
CA,CA6,201808,MCD,881,27.07264472,0.532349603,1.285391601,$56.59 ,$19.27 ,$7.51 ,$18.03 ,$11.78 ,$0.00 ,3,2,61,8,83,57,0,0,443738,2735.137621,156210,144962,13861,52042,46478,64775,99117,45552,244382,21169,6950,15410,8052,19863
CA,CA7,201808,MCD,2140,23.48878505,0.530841122,1.084395794,$49.66 ,$9.40 ,$12.49 ,$21.28 ,$6.50 ,$0.00 ,3,2,94,11,108,135,1,5,883053,8132.256436,295756,267913,39056,139584,77216,92005,257750,84735,576023,15490,21557,24792,18281,31126
CA,CA8,201808,MCD,233,31.10300429,0.489270386,1.153364807,$67.92 ,$48.35 ,$6.34 ,$8.10 ,$5.13 ,$0.00 ,1,0,10,3,12,18,0,0,281455,3300.636162,121095,105317,6175,17123,20715,52758,50492,9045,86881,7329,9630,3482,4557,16435
CA,CA9,201808,MCD,307,24.80781759,0.615635179,0.860247557,$124.79 ,$68.04 ,$19.00 ,$34.27 ,$3.47 ,$0.00 ,3,0,11,0,1,35,0,1,433212,3281.719108,141155,126052,10475,78816,46650,55515,114125,75432,301974,14534,6567,17221,5984,17741
CA,CA1,201809,MCD,195780,29.852559,0.539442231,1.732544402,$344.60 ,$131.17 ,$59.19 ,$100.89 ,$53.35 ,$0.00 ,796,23,5999,1552,46,32864,104,68,3302833,4208.762531,1204884,1118980,106962,286008,279602,439595,726344,216965,1787453,255366,42081,75015,61486,89451
CA,CA10,201809,MCD,397,23.84382872,0.523929471,0.953002519,$124.86 ,$69.74 ,$11.82 ,$34.33 ,$8.97 ,$0.00 ,2,0,12,7,16,22,1,0,460477,4824.376542,147791,136106,18321,81345,44779,50391,143528,61208,326860,6561,10023,13317,8274,5426
CA,CA11,201809,MCD,123,26.74796748,0.577235772,1.125780488,$48.29 ,$0.00 ,$7.84 ,$28.88 ,$11.56 ,$0.00 ,0,0,5,0,7,9,0,0,150075,1390.308446,45792,42735,4855,24270,10946,14567,40935,13829,101017,2919,1938,3483,2730,14912
CA,CA12,201809,MCD,741,25.81781377,0.564102564,1.196991903,$230.40 ,$109.43 ,$55.46 ,$47.95 ,$17.56 ,$0.00 ,1,0,28,7,22,74,0,1,978130,5958.095977,328577,304624,41276,147389,92035,114438,279979,108140,686675,23756,12508,28262,25805,16750
CA,CA13,201809,MCD,349,29.98853868,0.52722063,1.281813754,$110.71 ,$0.00 ,$15.65 ,$70.04 ,$25.02 ,$0.00 ,0,0,14,1,5,40,0,0,342954,21389.49918,163854,119622,10594,41422,24903,67475,74845,21273,143965,5802,14241,5844,5879,17935
CA,CA14,201809,MCD,101012,32.30055835,0.518809646,1.148127896,$182.97 ,$61.63 ,$74.83 ,$46.44 ,$0.06 ,$0.00 ,394,20,2887,15,96,15245,39,50,2255381,3124.860076,789873,749021,60919,189668,113096,295103,502048,188257,1461149,154299,25948,59669,38303,48904
CA,CA15,201809,MCD,709,22,0.530324401,0.870538787,$131.95 ,$29.81 ,$44.77 ,$52.70 ,$4.66 ,$0.00 ,2,1,24,3,3,98,0,0,269075,1935.645521,84795,79606,14912,48433,23145,29320,80062,34066,193067,3236,5216,7611,5801,5926
CA,CA16,201809,MCD,2276,32.57293497,0.559314587,1.133794376,$171.74 ,$34.40 ,$74.87 ,$53.85 ,$8.62 ,$0.00 ,5,0,77,8,11,278,2,2,4673221,2470.336258,1796567,1692047,128698,373438,232541,689629,936866,360315,2804353,396804,19220,110888,205390,80356
CA,CA17,201809,MCD,698,22.5730659,0.535816619,0.77795702,$112.53 ,$21.92 ,$58.05 ,$31.28 ,$1.28 ,$0.00 ,1,1,17,2,5,77,1,1,539301,1496.015066,181213,172682,26130,73664,35012,67770,146907,48530,309505,12059,7723,11489,11100,5269
CA,CA18,201809,MCD,1052,27.39163498,0.543726236,1.378380228,$194.48 ,$38.23 ,$97.43 ,$51.18 ,$7.64 ,$0.00 ,6,0,34,8,5,147,1,1,732212,1392.385418,241055,226727,28989,96905,53972,89461,201506,62038,494325,20238,8143,16525,14450,15994
CA,CA19,201809,MCD,47463,31.34007543,0.505362072,1.501765459,$319.16 ,$154.26 ,$58.51 ,$65.84 ,$40.54 ,$0.00 ,206,4,1994,628,16,5156,16,100,2291738,5095.099057,896341,819372,75758,168734,134416,335498,532415,114749,1083594,101802,25772,34828,51388,38576
CA,CA2,201809,MCD,11558,30.11957086,0.530455096,1.573528292,$233.14 ,$60.20 ,$63.10 ,$74.08 ,$35.77 ,$0.00 ,31,3,437,7,2,1486,1,39,180216,4176.578436,57468,44057,10782,33928,15883,22446,51676,34263,160443,3448,6076,4616,3242,9708
CA,CA20,201809,MCD,278,29.04316547,0.575539568,1.15671223,$108.65 ,$0.00 ,$46.24 ,$45.57 ,$16.84 ,$0.00 ,0,1,14,1,3,27,0,0,438530,821.7515515,156896,149067,15346,36031,23696,64390,98813,20223,269660,13520,4468,7695,7541,10444
CA,CA21,201809,MCD,200,31.825,0.565,1.3145,$53.08 ,$0.00 ,$10.98 ,$37.05 ,$5.05 ,$0.00 ,0,0,7,3,3,18,0,0,641847,2324.181643,263188,238371,17271,57501,43401,116457,130712,38050,249451,23427,13544,12933,11677,12597
CA,CA22,201809,MCD,272,23.97794118,0.5625,1.179661765,$263.53 ,$115.94 ,$31.50 ,$44.69 ,$71.40 ,$0.00 ,2,0,11,3,4,20,0,0,171365,1234.545845,62685,58539,6792,22175,14964,23303,45990,13426,84511,4555,4913,3992,3786,2411
CA,CA23,201809,MCD,113,34.77876106,0.566371681,1.075513274,$77.08 ,$0.00 ,$6.50 ,$58.76 ,$11.82 ,$0.00 ,0,0,2,0,2,9,0,0,151906,9005.172163,84579,59685,4117,9269,9764,35175,25619,1701,28770,2723,7154,1011,2769,11716
CA,CA24,201809,MCD,345,27.51594203,0.536231884,1.378284058,$209.62 ,$108.00 ,$21.73 ,$57.79 ,$22.10 ,$0.00 ,0,1,17,3,4,43,0,0,428006,8864.022501,193696,163983,16804,39396,35478,79271,91192,17615,138500,10651,26639,6204,11021,9809
CA,CA25,201809,MCD,529,33.67863894,0.502835539,1.442448015,$251.05 ,$75.68 ,$62.05 ,$70.81 ,$42.52 ,$0.00 ,5,0,25,4,13,57,1,0,470990,24672.40534,218386,187277,15591,36021,38019,90963,98766,8104,114440,8163,28551,6986,13481,12724
CA,CA3,201809,MCD,134453,30.17015611,0.525492179,1.249354094,$244.52 ,$114.04 ,$41.94 ,$63.29 ,$25.25 ,$0.00 ,353,23,3727,1912,96,15346,23,110,4518699,27266.44488,1549773,1348982,180356,553160,432652,561952,1186660,340581,3038969,129608,113905,106066,62893,91930
CA,CA4,201809,MCD,108201,26.8402695,0.526815834,1.064930426,$218.96 ,$116.72 ,$26.95 ,$50.36 ,$24.93 ,$0.00 ,318,8,2780,776,293,12190,17,119,13262234,4850.972611,4615697,4338482,441609,1781058,1352330,1739765,2957709,1601964,9307146,1149887,86507,469799,343744,220875
CA,CA5,201809,MCD,158712,27.8155401,0.537136448,1.325405187,$0.79 ,$0.44 ,$0.19 ,$0.12 ,$0.04 ,$0.00 ,587,90,5070,1235,16464,6361,70,94,848112,1842.466511,287498,271226,25853,88185,78474,123435,199599,77382,459811,31090,10988,17892,11400,12601
CA,CA6,201809,MCD,876,27.19063927,0.53196347,1.290724886,$23.41 ,$0.00 ,$8.53 ,$6.70 ,$8.19 ,$0.00 ,2,1,42,5,71,49,1,0,443738,2735.137621,156210,144962,13861,52042,46478,64775,99117,45552,244382,21169,6950,15410,8052,19863
CA,CA7,201809,MCD,2131,23.44814641,0.531206007,1.089489442,$63.72 ,$22.72 ,$11.58 ,$22.92 ,$6.51 ,$0.00 ,4,1,55,23,106,148,1,5,883053,8132.256436,295756,267913,39056,139584,77216,92005,257750,84735,576023,15490,21557,24792,18281,31126
CA,CA8,201809,MCD,231,31.27272727,0.489177489,1.161961039,$26.34 ,$0.00 ,$11.31 ,$11.82 ,$3.21 ,$0.00 ,1,0,7,3,15,14,0,0,281455,3300.636162,121095,105317,6175,17123,20715,52758,50492,9045,86881,7329,9630,3482,4557,16435
CA,CA9,201809,MCD,307,24.97068404,0.61237785,0.853781759,$130.03 ,$86.07 ,$13.10 ,$29.04 ,$1.81 ,$0.00 ,1,0,7,0,4,20,0,0,433212,3281.719108,141155,126052,10475,78816,46650,55515,114125,75432,301974,14534,6567,17221,5984,17741
CA,CA1,201810,MCD,195959,29.94372803,0.539515919,1.733818983,$384.47 ,$137.88 ,$67.01 ,$119.37 ,$60.21 ,$0.00 ,802,43,5924,1535,53,36557,93,78,3302833,4208.762531,1204884,1118980,106962,286008,279602,439595,726344,216965,1787453,255366,42081,75015,61486,89451
CA,CA10,201810,MCD,397,24.20403023,0.523929471,0.967748111,$59.30 ,$15.04 ,$8.54 ,$13.33 ,$22.39 ,$0.00 ,1,0,10,4,23,27,0,0,460477,4824.376542,147791,136106,18321,81345,44779,50391,143528,61208,326860,6561,10023,13317,8274,5426
CA,CA11,201810,MCD,123,26.84552846,0.577235772,1.125780488,$67.65 ,$0.00 ,$7.72 ,$43.01 ,$16.93 ,$0.00 ,0,0,4,1,7,12,0,0,150075,1390.308446,45792,42735,4855,24270,10946,14567,40935,13829,101017,2919,1938,3483,2730,14912
CA,CA12,201810,MCD,737,26.11261873,0.563093623,1.21146133,$228.95 ,$57.68 ,$113.18 ,$41.22 ,$16.87 ,$0.00 ,7,0,28,1,26,68,0,1,978130,5958.095977,328577,304624,41276,147389,92035,114438,279979,108140,686675,23756,12508,28262,25805,16750
CA,CA13,201810,MCD,349,29.98853868,0.52722063,1.281891118,$217.28 ,$3.87 ,$78.98 ,$117.12 ,$17.31 ,$0.00 ,1,0,20,2,5,44,0,0,342954,21389.49918,163854,119622,10594,41422,24903,67475,74845,21273,143965,5802,14241,5844,5879,17935
CA,CA14,201810,MCD,100942,32.39583127,0.518693903,1.14927172,$203.53 ,$67.43 ,$81.06 ,$54.97 ,$0.06 ,$0.00 ,414,11,2859,18,122,17017,47,53,2255381,3124.860076,789873,749021,60919,189668,113096,295103,502048,188257,1461149,154299,25948,59669,38303,48904
CA,CA15,201810,MCD,711,22.05766526,0.534458509,0.865466948,$116.86 ,$23.14 ,$32.37 ,$57.16 ,$4.20 ,$0.00 ,1,0,24,2,6,96,2,0,269075,1935.645521,84795,79606,14912,48433,23145,29320,80062,34066,193067,3236,5216,7611,5801,5926
CA,CA16,201810,MCD,2279,32.54585344,0.557700746,1.130698552,$199.56 ,$91.18 ,$45.35 ,$53.06 ,$9.97 ,$0.00 ,14,0,76,9,11,322,0,2,4673221,2470.336258,1796567,1692047,128698,373438,232541,689629,936866,360315,2804353,396804,19220,110888,205390,80356
CA,CA17,201810,MCD,690,22.56956522,0.537681159,0.773453623,$137.01 ,$26.56 ,$65.03 ,$44.05 ,$1.37 ,$0.00 ,1,0,29,1,8,92,1,1,539301,1496.015066,181213,172682,26130,73664,35012,67770,146907,48530,309505,12059,7723,11489,11100,5269
CA,CA18,201810,MCD,1051,27.40913416,0.544243578,1.375727878,$212.53 ,$45.05 ,$106.11 ,$53.75 ,$7.62 ,$0.00 ,3,0,41,2,2,167,1,1,732212,1392.385418,241055,226727,28989,96905,53972,89461,201506,62038,494325,20238,8143,16525,14450,15994
CA,CA19,201810,MCD,47451,31.4367242,0.505236981,1.501750985,$308.78 ,$123.64 ,$62.34 ,$79.71 ,$43.09 ,$0.00 ,224,4,2064,797,21,6542,18,121,2291738,5095.099057,896341,819372,75758,168734,134416,335498,532415,114749,1083594,101802,25772,34828,51388,38576
CA,CA2,201810,MCD,11580,30.18955095,0.530224525,1.573713558,$277.65 ,$79.96 ,$67.18 ,$85.11 ,$45.41 ,$0.00 ,47,7,414,15,3,1656,3,38,180216,4176.578436,57468,44057,10782,33928,15883,22446,51676,34263,160443,3448,6076,4616,3242,9708
CA,CA20,201810,MCD,276,29.34782609,0.576086957,1.163967391,$170.71 ,$58.76 ,$40.57 ,$54.88 ,$16.50 ,$0.00 ,0,0,10,3,1,32,0,0,438530,821.7515515,156896,149067,15346,36031,23696,64390,98813,20223,269660,13520,4468,7695,7541,10444
CA,CA21,201810,MCD,201,31.86069652,0.567164179,1.309532338,$69.22 ,$0.00 ,$19.45 ,$39.48 ,$10.28 ,$0.00 ,0,0,6,1,4,29,0,0,641847,2324.181643,263188,238371,17271,57501,43401,116457,130712,38050,249451,23427,13544,12933,11677,12597
CA,CA22,201810,MCD,271,24.04428044,0.560885609,1.176833948,$367.65 ,$135.01 ,$132.33 ,$46.88 ,$53.42 ,$0.00 ,3,0,16,3,2,34,0,0,171365,1234.545845,62685,58539,6792,22175,14964,23303,45990,13426,84511,4555,4913,3992,3786,2411
CA,CA23,201810,MCD,113,34.85840708,0.566371681,1.075513274,$146.49 ,$52.57 ,$11.43 ,$56.20 ,$26.29 ,$0.00 ,0,0,6,2,1,17,0,0,151906,9005.172163,84579,59685,4117,9269,9764,35175,25619,1701,28770,2723,7154,1011,2769,11716
CA,CA24,201810,MCD,349,27.75358166,0.53008596,1.388916905,$339.61 ,$197.47 ,$17.21 ,$62.97 ,$61.96 ,$0.00 ,1,0,12,3,0,41,0,0,428006,8864.022501,193696,163983,16804,39396,35478,79271,91192,17615,138500,10651,26639,6204,11021,9809
CA,CA25,201810,MCD,528,33.8655303,0.503787879,1.467613636,$241.48 ,$72.17 ,$52.18 ,$73.84 ,$43.29 ,$0.00 ,6,0,26,6,14,64,1,0,470990,24672.40534,218386,187277,15591,36021,38019,90963,98766,8104,114440,8163,28551,6986,13481,12724
CA,CA3,201810,MCD,134916,30.23548727,0.525467698,1.247446167,$279.65 ,$132.98 ,$42.63 ,$73.67 ,$30.37 ,$0.00 ,415,32,3673,2082,117,17737,37,115,4518699,27266.44488,1549773,1348982,180356,553160,432652,561952,1186660,340581,3038969,129608,113905,106066,62893,91930
CA,CA4,201810,MCD,108291,26.91983637,0.526562688,1.064249513,$235.77 ,$120.20 ,$28.76 ,$59.29 ,$27.52 ,$0.00 ,291,14,2972,780,303,13934,35,125,13262234,4850.972611,4615697,4338482,441609,1781058,1352330,1739765,2957709,1601964,9307146,1149887,86507,469799,343744,220875
CA,CA5,201810,MCD,158757,27.90109413,0.537185762,1.324211644,$0.33 ,$0.03 ,$0.14 ,$0.11 ,$0.05 ,$0.00 ,593,72,4917,1112,18347,7439,64,103,848112,1842.466511,287498,271226,25853,88185,78474,123435,199599,77382,459811,31090,10988,17892,11400,12601
CA,CA6,201810,MCD,876,27.20890411,0.533105023,1.289545662,$34.82 ,$0.00 ,$11.09 ,$14.10 ,$9.63 ,$0.00 ,4,1,41,1,78,54,1,0,443738,2735.137621,156210,144962,13861,52042,46478,64775,99117,45552,244382,21169,6950,15410,8052,19863
CA,CA7,201810,MCD,2137,23.59382312,0.53111839,1.089511465,$84.36 ,$36.04 ,$10.28 ,$28.06 ,$9.98 ,$0.00 ,14,0,78,19,149,154,0,5,883053,8132.256436,295756,267913,39056,139584,77216,92005,257750,84735,576023,15490,21557,24792,18281,31126
CA,CA8,201810,MCD,231,31.34632035,0.489177489,1.161961039,$26.79 ,$0.00 ,$6.44 ,$16.13 ,$4.22 ,$0.00 ,0,0,7,1,11,22,0,0,281455,3300.636162,121095,105317,6175,17123,20715,52758,50492,9045,86881,7329,9630,3482,4557,16435
CA,CA9,201810,MCD,305,25.20983607,0.613114754,0.856055738,$43.76 ,$0.00 ,$16.79 ,$25.84 ,$1.14 ,$0.00 ,0,0,6,0,2,23,0,1,433212,3281.719108,141155,126052,10475,78816,46650,55515,114125,75432,301974,14534,6567,17221,5984,17741
CA,CA1,201811,MCD,192578,30.00108528,0.540191507,1.737271526,$361.73 ,$134.93 ,$61.50 ,$111.41 ,$53.88 ,$0.00 ,818,27,5598,1486,46,33010,99,74,3302833,4208.762531,1204884,1118980,106962,286008,279602,439595,726344,216965,1787453,255366,42081,75015,61486,89451
CA,CA10,201811,MCD,385,24.13506494,0.522077922,0.948153247,$28.57 ,$0.00 ,$6.01 ,$17.40 ,$5.16 ,$0.00 ,0,0,10,4,19,21,0,0,460477,4824.376542,147791,136106,18321,81345,44779,50391,143528,61208,326860,6561,10023,13317,8274,5426
CA,CA11,201811,MCD,117,27.07692308,0.555555556,1.130367521,$89.14 ,$0.00 ,$11.25 ,$70.03 ,$7.86 ,$0.00 ,0,0,6,0,5,10,0,0,150075,1390.308446,45792,42735,4855,24270,10946,14567,40935,13829,101017,2919,1938,3483,2730,14912
CA,CA12,201811,MCD,710,26.11971831,0.561971831,1.23774507,$182.76 ,$56.02 ,$56.73 ,$45.02 ,$25.00 ,$0.00 ,2,1,19,6,24,74,0,1,978130,5958.095977,328577,304624,41276,147389,92035,114438,279979,108140,686675,23756,12508,28262,25805,16750
CA,CA13,201811,MCD,348,29.97413793,0.525862069,1.286833333,$167.53 ,$27.44 ,$20.62 ,$97.01 ,$22.45 ,$0.00 ,0,0,17,0,3,55,0,0,342954,21389.49918,163854,119622,10594,41422,24903,67475,74845,21273,143965,5802,14241,5844,5879,17935
CA,CA14,201811,MCD,98859,32.47928868,0.51862754,1.153789043,$214.10 ,$85.86 ,$76.75 ,$51.44 ,$0.05 ,$0.00 ,423,15,2845,7,102,15414,25,45,2255381,3124.860076,789873,749021,60919,189668,113096,295103,502048,188257,1461149,154299,25948,59669,38303,48904
CA,CA15,201811,MCD,691,22.16931983,0.535455861,0.873926194,$124.56 ,$45.23 ,$32.88 ,$42.95 ,$3.51 ,$0.00 ,6,0,24,3,6,92,0,0,269075,1935.645521,84795,79606,14912,48433,23145,29320,80062,34066,193067,3236,5216,7611,5801,5926
CA,CA16,201811,MCD,2222,32.64536454,0.562106211,1.137674618,$219.13 ,$85.58 ,$70.07 ,$54.44 ,$9.05 ,$0.00 ,14,1,78,5,5,286,0,2,4673221,2470.336258,1796567,1692047,128698,373438,232541,689629,936866,360315,2804353,396804,19220,110888,205390,80356
CA,CA17,201811,MCD,667,22.31634183,0.536731634,0.768658171,$71.26 ,$14.72 ,$28.42 ,$26.35 ,$1.76 ,$0.00 ,1,0,17,1,6,76,0,1,539301,1496.015066,181213,172682,26130,73664,35012,67770,146907,48530,309505,12059,7723,11489,11100,5269
CA,CA18,201811,MCD,1019,27.49656526,0.543670265,1.392554465,$404.63 ,$211.07 ,$100.20 ,$73.28 ,$20.08 ,$0.00 ,6,0,37,3,8,146,0,1,732212,1392.385418,241055,226727,28989,96905,53972,89461,201506,62038,494325,20238,8143,16525,14450,15994
CA,CA19,201811,MCD,46520,31.54729149,0.505180568,1.504883513,$307.80 ,$141.38 ,$61.45 ,$68.91 ,$36.06 ,$0.00 ,208,6,1909,771,26,5863,10,104,2291738,5095.099057,896341,819372,75758,168734,134416,335498,532415,114749,1083594,101802,25772,34828,51388,38576
CA,CA2,201811,MCD,11398,30.28004913,0.53105808,1.580462888,$260.38 ,$71.28 ,$71.53 ,$77.75 ,$39.82 ,$0.00 ,38,7,420,26,19,1407,0,6,180216,4176.578436,57468,44057,10782,33928,15883,22446,51676,34263,160443,3448,6076,4616,3242,9708
CA,CA20,201811,MCD,268,29.54850746,0.589552239,1.183141791,$138.91 ,$0.00 ,$58.12 ,$63.86 ,$16.93 ,$0.00 ,0,0,13,2,5,33,0,0,438530,821.7515515,156896,149067,15346,36031,23696,64390,98813,20223,269660,13520,4468,7695,7541,10444
CA,CA21,201811,MCD,190,32.81052632,0.568421053,1.361731579,$96.38 ,$0.00 ,$8.97 ,$77.95 ,$9.46 ,$0.00 ,0,0,5,0,5,21,0,0,641847,2324.181643,263188,238371,17271,57501,43401,116457,130712,38050,249451,23427,13544,12933,11677,12597
CA,CA22,201811,MCD,267,24.04868914,0.565543071,1.18135206,$336.96 ,$136.73 ,$95.40 ,$47.54 ,$57.28 ,$0.00 ,2,0,12,4,2,25,0,0,171365,1234.545845,62685,58539,6792,22175,14964,23303,45990,13426,84511,4555,4913,3992,3786,2411
CA,CA23,201811,MCD,107,35.40186916,0.579439252,1.113831776,$396.47 ,$132.89 ,$59.00 ,$168.04 ,$36.54 ,$0.00 ,3,2,3,1,2,14,0,0,151906,9005.172163,84579,59685,4117,9269,9764,35175,25619,1701,28770,2723,7154,1011,2769,11716
CA,CA24,201811,MCD,340,27.62647059,0.532352941,1.363138235,$278.96 ,$132.94 ,$23.81 ,$61.98 ,$60.23 ,$0.00 ,2,0,20,4,3,44,0,0,428006,8864.022501,193696,163983,16804,39396,35478,79271,91192,17615,138500,10651,26639,6204,11021,9809
CA,CA25,201811,MCD,513,33.97855751,0.502923977,1.504479532,$276.61 ,$93.67 ,$37.20 ,$114.77 ,$30.98 ,$0.00 ,2,0,18,1,14,48,1,0,470990,24672.40534,218386,187277,15591,36021,38019,90963,98766,8104,114440,8163,28551,6986,13481,12724
CA,CA3,201811,MCD,132542,30.29684176,0.525508895,1.241743764,$238.26 ,$104.79 ,$40.06 ,$66.47 ,$26.95 ,$0.00 ,380,27,3421,1974,81,15616,29,117,4518699,27266.44488,1549773,1348982,180356,553160,432652,561952,1186660,340581,3038969,129608,113905,106066,62893,91930
CA,CA4,201811,MCD,105712,26.9897741,0.526354624,1.063285947,$219.31 ,$113.26 ,$24.34 ,$55.58 ,$26.14 ,$0.00 ,315,11,2713,755,266,12464,28,117,13262234,4850.972611,4615697,4338482,441609,1781058,1352330,1739765,2957709,1601964,9307146,1149887,86507,469799,343744,220875
CA,CA5,201811,MCD,156697,27.961199,0.536985392,1.326217834,$0.58 ,$0.30 ,$0.06 ,$0.14 ,$0.08 ,$0.00 ,536,71,4794,1061,16187,6485,69,107,848112,1842.466511,287498,271226,25853,88185,78474,123435,199599,77382,459811,31090,10988,17892,11400,12601
CA,CA6,201811,MCD,843,27.30130486,0.539739027,1.29782325,$43.56 ,$21.18 ,$5.14 ,$11.26 ,$5.99 ,$0.00 ,10,0,45,4,67,53,0,0,443738,2735.137621,156210,144962,13861,52042,46478,64775,99117,45552,244382,21169,6950,15410,8052,19863
CA,CA7,201811,MCD,2085,23.60047962,0.52853717,1.085870983,$82.17 ,$16.34 ,$34.58 ,$19.36 ,$11.89 ,$0.00 ,7,0,89,12,124,135,0,2,883053,8132.256436,295756,267913,39056,139584,77216,92005,257750,84735,576023,15490,21557,24792,18281,31126
CA,CA8,201811,MCD,226,31.43362832,0.482300885,1.176424779,$25.43 ,$0.00 ,$3.48 ,$17.62 ,$4.33 ,$0.00 ,0,0,10,3,15,19,0,0,281455,3300.636162,121095,105317,6175,17123,20715,52758,50492,9045,86881,7329,9630,3482,4557,16435
CA,CA9,201811,MCD,294,25.15306122,0.605442177,0.820945578,$61.78 ,$0.00 ,$28.37 ,$30.51 ,$2.89 ,$0.00 ,0,0,9,0,6,25,0,1,433212,3281.719108,141155,126052,10475,78816,46650,55515,114125,75432,301974,14534,6567,17221,5984,17741
CA,CA1,201812,MCD,189406,30.07179287,0.540642852,1.73705541,$364.97 ,$141.57 ,$68.78 ,$101.89 ,$52.74 ,$0.00 ,915,24,5790,1555,40,30352,55,72,3302833,4208.762531,1204884,1118980,106962,286008,279602,439595,726344,216965,1787453,255366,42081,75015,61486,89451
CA,CA10,201812,MCD,364,24.38461539,0.527472528,0.966483517,$35.08 ,$0.00 ,$7.25 ,$14.04 ,$13.79 ,$0.00 ,0,2,11,5,17,17,0,0,460477,4824.376542,147791,136106,18321,81345,44779,50391,143528,61208,326860,6561,10023,13317,8274,5426
CA,CA11,201812,MCD,109,27.33944954,0.550458716,1.149825688,$43.22 ,$0.00 ,$3.68 ,$16.51 ,$23.03 ,$0.00 ,0,0,3,1,2,5,0,0,150075,1390.308446,45792,42735,4855,24270,10946,14567,40935,13829,101017,2919,1938,3483,2730,14912
CA,CA12,201812,MCD,694,26.26368876,0.569164265,1.220514409,$215.70 ,$86.90 ,$70.82 ,$34.46 ,$23.52 ,$0.00 ,6,1,28,7,18,47,0,1,978130,5958.095977,328577,304624,41276,147389,92035,114438,279979,108140,686675,23756,12508,28262,25805,16750
CA,CA13,201812,MCD,335,30.13432836,0.537313433,1.315035821,$216.95 ,$18.58 ,$25.15 ,$147.56 ,$25.67 ,$0.00 ,2,0,12,1,5,49,0,0,342954,21389.49918,163854,119622,10594,41422,24903,67475,74845,21273,143965,5802,14241,5844,5879,17935
CA,CA14,201812,MCD,96897,32.56502265,0.519242082,1.155137197,$194.21 ,$68.05 ,$76.76 ,$49.35 ,$0.05 ,$0.00 ,393,13,2929,24,61,14837,22,57,2255381,3124.860076,789873,749021,60919,189668,113096,295103,502048,188257,1461149,154299,25948,59669,38303,48904
CA,CA15,201812,MCD,665,22.21353384,0.532330827,0.877461654,$99.18 ,$20.13 ,$35.74 ,$42.06 ,$1.26 ,$0.00 ,3,3,24,3,2,91,0,0,269075,1935.645521,84795,79606,14912,48433,23145,29320,80062,34066,193067,3236,5216,7611,5801,5926
CA,CA16,201812,MCD,2136,32.80430712,0.561797753,1.153948502,$234.91 ,$114.30 ,$63.40 ,$46.39 ,$10.81 ,$0.00 ,11,0,80,5,15,248,0,2,4673221,2470.336258,1796567,1692047,128698,373438,232541,689629,936866,360315,2804353,396804,19220,110888,205390,80356
CA,CA17,201812,MCD,645,22.19069767,0.537984496,0.777682171,$98.64 ,$32.15 ,$34.32 ,$31.43 ,$0.74 ,$0.00 ,1,0,23,0,2,61,1,0,539301,1496.015066,181213,172682,26130,73664,35012,67770,146907,48530,309505,12059,7723,11489,11100,5269
CA,CA18,201812,MCD,977,27.68065507,0.54247697,1.429809621,$313.25 ,$88.10 ,$143.77 ,$61.21 ,$20.17 ,$0.00 ,7,0,43,0,6,118,0,1,732212,1392.385418,241055,226727,28989,96905,53972,89461,201506,62038,494325,20238,8143,16525,14450,15994
CA,CA19,201812,MCD,45511,31.59113181,0.504559337,1.496419855,$307.85 ,$152.32 ,$52.91 ,$66.15 ,$36.47 ,$0.00 ,188,5,1953,733,20,5386,7,85,2291738,5095.099057,896341,819372,75758,168734,134416,335498,532415,114749,1083594,101802,25772,34828,51388,38576
CA,CA2,201812,MCD,11159,30.35567703,0.53176808,1.579536338,$251.37 ,$75.16 ,$59.76 ,$74.78 ,$41.67 ,$0.00 ,40,4,439,30,43,1261,1,22,180216,4176.578436,57468,44057,10782,33928,15883,22446,51676,34263,160443,3448,6076,4616,3242,9708
CA,CA20,201812,MCD,246,29.19512195,0.581300813,1.199020325,$311.44 ,$136.20 ,$93.16 ,$65.17 ,$16.91 ,$0.00 ,2,0,15,1,1,28,0,0,438530,821.7515515,156896,149067,15346,36031,23696,64390,98813,20223,269660,13520,4468,7695,7541,10444
CA,CA21,201812,MCD,182,32.86263736,0.554945055,1.254543956,$242.10 ,$114.03 ,$40.36 ,$74.91 ,$12.79 ,$0.00 ,0,0,5,3,4,24,0,0,641847,2324.181643,263188,238371,17271,57501,43401,116457,130712,38050,249451,23427,13544,12933,11677,12597
CA,CA22,201812,MCD,258,23.92635659,0.565891473,1.167922481,$205.72 ,$38.66 ,$71.99 ,$35.26 ,$59.81 ,$0.00 ,0,0,9,5,1,25,0,0,171365,1234.545845,62685,58539,6792,22175,14964,23303,45990,13426,84511,4555,4913,3992,3786,2411
CA,CA23,201812,MCD,101,35.87128713,0.584158416,1.160772277,$124.90 ,$0.00 ,$14.76 ,$85.45 ,$24.70 ,$0.00 ,0,0,8,1,1,16,0,0,151906,9005.172163,84579,59685,4117,9269,9764,35175,25619,1701,28770,2723,7154,1011,2769,11716
CA,CA24,201812,MCD,331,27.1510574,0.534743202,1.348610272,$95.84 ,$4.55 ,$29.27 ,$44.33 ,$17.69 ,$0.00 ,0,0,18,1,1,35,0,0,428006,8864.022501,193696,163983,16804,39396,35478,79271,91192,17615,138500,10651,26639,6204,11021,9809
CA,CA25,201812,MCD,493,33.98174442,0.511156187,1.515046653,$333.93 ,$162.13 ,$59.55 ,$82.01 ,$30.24 ,$0.00 ,4,0,24,10,8,50,0,0,470990,24672.40534,218386,187277,15591,36021,38019,90963,98766,8104,114440,8163,28551,6986,13481,12724
CA,CA3,201812,MCD,129062,30.42875517,0.525863539,1.23944333,$235.39 ,$104.19 ,$40.87 ,$64.19 ,$26.13 ,$0.00 ,371,28,3408,1989,67,13855,26,102,4518699,27266.44488,1549773,1348982,180356,553160,432652,561952,1186660,340581,3038969,129608,113905,106066,62893,91930
CA,CA4,201812,MCD,103132,27.02405655,0.526325486,1.058142798,$218.08 ,$119.34 ,$25.77 ,$47.75 ,$25.22 ,$0.00 ,285,14,2808,672,235,10809,18,110,13262234,4850.972611,4615697,4338482,441609,1781058,1352330,1739765,2957709,1601964,9307146,1149887,86507,469799,343744,220875
CA,CA5,201812,MCD,154666,28.03550877,0.537002315,1.329672591,$0.33 ,$0.06 ,$0.09 ,$0.14 ,$0.05 ,$0.00 ,605,75,4851,1247,15298,6080,63,107,848112,1842.466511,287498,271226,25853,88185,78474,123435,199599,77382,459811,31090,10988,17892,11400,12601
CA,CA6,201812,MCD,805,27.35900621,0.540372671,1.238329193,$37.91 ,$13.60 ,$5.49 ,$9.28 ,$9.55 ,$0.00 ,2,1,31,4,63,42,0,0,443738,2735.137621,156210,144962,13861,52042,46478,64775,99117,45552,244382,21169,6950,15410,8052,19863
CA,CA7,201812,MCD,2003,23.5097354,0.531702446,1.087514229,$46.51 ,$12.08 ,$8.69 ,$15.50 ,$10.24 ,$0.00 ,7,1,83,13,111,112,0,3,883053,8132.256436,295756,267913,39056,139584,77216,92005,257750,84735,576023,15490,21557,24792,18281,31126
CA,CA8,201812,MCD,216,31.57407407,0.481481482,1.192638889,$22.28 ,$0.00 ,$2.96 ,$15.74 ,$3.58 ,$0.00 ,1,0,5,3,9,20,0,0,281455,3300.636162,121095,105317,6175,17123,20715,52758,50492,9045,86881,7329,9630,3482,4557,16435
CA,CA9,201812,MCD,285,25.38245614,0.607017544,0.818564912,$106.07 ,$56.84 ,$18.94 ,$26.72 ,$3.58 ,$0.00 ,1,0,9,0,3,21,0,1,433212,3281.719108,141155,126052,10475,78816,46650,55515,114125,75432,301974,14534,6567,17221,5984,17741
CA,CA1,201901,MCD,183051,29.48607219,0.541226216,1.856798493,$378.18 ,$135.19 ,$68.39 ,$117.45 ,$57.16 ,$0.00 ,792,27,6009,1696,58,36128,117,64,3302833,4208.762531,1204884,1118980,106962,286008,279602,439595,726344,216965,1787453,255366,42081,75015,61486,89451
CA,CA10,201901,MCD,280,24.53214286,0.539285714,1.287957143,$75.92 ,$26.04 ,$18.19 ,$23.26 ,$8.42 ,$0.00 ,1,1,7,2,19,14,0,0,460477,4824.376542,147791,136106,18321,81345,44779,50391,143528,61208,326860,6561,10023,13317,8274,5426
CA,CA11,201901,MCD,87,22.17241379,0.471264368,1.468988506,$37.18 ,$0.00 ,$8.27 ,$18.41 ,$10.50 ,$0.00 ,0,0,2,0,2,10,0,0,150075,1390.308446,45792,42735,4855,24270,10946,14567,40935,13829,101017,2919,1938,3483,2730,14912
CA,CA12,201901,MCD,540,26.46296296,0.540740741,1.17397037,$68.62 ,$26.01 ,$9.06 ,$23.80 ,$9.74 ,$0.00 ,1,1,18,4,15,27,0,0,978130,5958.095977,328577,304624,41276,147389,92035,114438,279979,108140,686675,23756,12508,28262,25805,16750
CA,CA13,201901,MCD,289,28.02768166,0.512110727,1.328114187,$32.35 ,$0.00 ,$5.90 ,$17.36 ,$9.08 ,$0.00 ,1,0,3,2,3,19,0,0,342954,21389.49918,163854,119622,10594,41422,24903,67475,74845,21273,143965,5802,14241,5844,5879,17935
CA,CA14,201901,MCD,92494,31.84182758,0.519785067,1.217128495,$12.55 ,$7.22 ,$2.80 ,$2.48 ,$0.05 ,$0.00 ,21,5,113,9,46,533,0,3,2255381,3124.860076,789873,749021,60919,189668,113096,295103,502048,188257,1461149,154299,25948,59669,38303,48904
CA,CA15,201901,MCD,574,22.12369338,0.510452962,0.911006969,$17.35 ,$0.00 ,$4.16 ,$9.36 ,$3.83 ,$0.00 ,0,0,5,3,3,11,0,0,269075,1935.645521,84795,79606,14912,48433,23145,29320,80062,34066,193067,3236,5216,7611,5801,5926
CA,CA16,201901,MCD,1899,32.33491311,0.55450237,1.14021327,$70.35 ,$24.52 ,$14.43 ,$22.65 ,$8.75 ,$0.00 ,2,0,41,9,11,97,0,0,4673221,2470.336258,1796567,1692047,128698,373438,232541,689629,936866,360315,2804353,396804,19220,110888,205390,80356
CA,CA17,201901,MCD,598,21.77257525,0.513377926,0.773107023,$29.79 ,$11.86 ,$1.91 ,$14.83 ,$1.20 ,$0.00 ,0,0,6,1,5,14,0,0,539301,1496.015066,181213,172682,26130,73664,35012,67770,146907,48530,309505,12059,7723,11489,11100,5269
CA,CA18,201901,MCD,875,27.33142857,0.542857143,1.381846857,$50.76 ,$6.07 ,$7.22 ,$29.95 ,$7.52 ,$0.00 ,0,0,16,2,8,35,2,0,732212,1392.385418,241055,226727,28989,96905,53972,89461,201506,62038,494325,20238,8143,16525,14450,15994
CA,CA19,201901,MCD,40764,30.61963988,0.499337651,1.393196178,$243.83 ,$99.48 ,$49.37 ,$62.72 ,$32.25 ,$0.00 ,164,2,1930,678,19,4650,11,57,2291738,5095.099057,896341,819372,75758,168734,134416,335498,532415,114749,1083594,101802,25772,34828,51388,38576
CA,CA2,201901,MCD,11222,29.77348066,0.530921404,1.697651132,$255.56 ,$56.22 ,$75.05 ,$84.32 ,$39.97 ,$0.00 ,43,8,463,27,1,1464,6,31,180216,4176.578436,57468,44057,10782,33928,15883,22446,51676,34263,160443,3448,6076,4616,3242,9708
CA,CA20,201901,MCD,185,29.97837838,0.589189189,1.469956757,$203.81 ,$0.00 ,$121.19 ,$55.82 ,$26.79 ,$0.00 ,0,0,8,1,1,8,0,0,438530,821.7515515,156896,149067,15346,36031,23696,64390,98813,20223,269660,13520,4468,7695,7541,10444
CA,CA21,201901,MCD,167,31.65269461,0.526946108,1.322221557,$92.25 ,$0.00 ,$11.95 ,$65.19 ,$15.11 ,$0.00 ,0,0,7,2,1,16,0,0,641847,2324.181643,263188,238371,17271,57501,43401,116457,130712,38050,249451,23427,13544,12933,11677,12597
CA,CA22,201901,MCD,228,23.68421053,0.574561404,1.122004386,$147.74 ,$12.66 ,$20.69 ,$45.83 ,$68.55 ,$0.00 ,1,0,14,3,1,23,0,0,171365,1234.545845,62685,58539,6792,22175,14964,23303,45990,13426,84511,4555,4913,3992,3786,2411
CA,CA23,201901,MCD,93,31.75268817,0.569892473,1.466956989,$159.94 ,$0.00 ,$7.96 ,$103.42 ,$48.56 ,$0.00 ,0,0,3,1,2,7,0,1,151906,9005.172163,84579,59685,4117,9269,9764,35175,25619,1701,28770,2723,7154,1011,2769,11716
CA,CA24,201901,MCD,287,24.8815331,0.540069686,1.239390244,$53.16 ,$0.00 ,$10.90 ,$33.79 ,$8.48 ,$0.00 ,0,0,15,2,2,27,1,0,428006,8864.022501,193696,163983,16804,39396,35478,79271,91192,17615,138500,10651,26639,6204,11021,9809
CA,CA25,201901,MCD,380,32.65789474,0.515789474,1.457047368,$126.27 ,$12.45 ,$20.11 ,$57.68 ,$36.03 ,$0.00 ,1,0,13,2,12,38,0,0,470990,24672.40534,218386,187277,15591,36021,38019,90963,98766,8104,114440,8163,28551,6986,13481,12724
CA,CA3,201901,MCD,115902,29.99806733,0.523407707,1.296918397,$211.70 ,$78.36 ,$40.01 ,$67.35 ,$25.97 ,$0.00 ,313,20,3249,1904,104,14392,37,86,4518699,27266.44488,1549773,1348982,180356,553160,432652,561952,1186660,340581,3038969,129608,113905,106066,62893,91930
CA,CA4,201901,MCD,88834,26.69934935,0.526048585,1.159725691,$213.79 ,$102.43 ,$28.70 ,$56.11 ,$26.56 ,$0.00 ,233,9,2544,742,236,11673,18,94,13262234,4850.972611,4615697,4338482,441609,1781058,1352330,1739765,2957709,1601964,9307146,1149887,86507,469799,343744,220875
CA,CA5,201901,MCD,157343,27.53875292,0.537087764,1.44753724,$0.21 ,$0.00 ,$0.09 ,$0.08 ,$0.04 ,$0.00 ,668,76,5732,1506,19417,7539,58,100,848112,1842.466511,287498,271226,25853,88185,78474,123435,199599,77382,459811,31090,10988,17892,11400,12601
CA,,201901,MCD,636,25.96383648,0.55345912,1.114718554,$39.43 ,$28.65 ,$1.67 ,$5.56 ,$3.54 ,$0.00 ,1,0,28,2,58,33,0,0,443738,2735.137621,156210,144962,13861,52042,46478,64775,99117,45552,244382,21169,6950,15410,8052,19863
CA,CA7,201901,MCD,1537,22.82563435,0.528952505,1.142607027,$53.50 ,$3.83 ,$20.96 ,$19.44 ,$9.27 ,$0.00 ,2,2,83,14,108,106,0,2,883053,8132.256436,295756,267913,39056,139584,77216,92005,257750,84735,576023,15490,21557,24792,18281,31126
CA,CA8,201901,MCD,212,29.61792453,0.509433962,0.98115566,$22.05 ,$0.00 ,$3.30 ,$12.64 ,$6.11 ,$0.00 ,0,0,4,2,9,16,0,0,281455,3300.636162,121095,105317,6175,17123,20715,52758,50492,9045,86881,7329,9630,3482,4557,16435
CA,CA9,201901,MCD,232,26.02586207,0.61637931,0.93525,$30.99 ,$0.00 ,$5.30 ,$24.01 ,$1.68 ,$0.00 ,1,0,5,1,4,7,0,1,433212,3281.719108,141155,126052,10475,78816,46650,55515,114125,75432,301974,14534,6567,17221,5984,17741
CA,CA1,201902,MCD,185830,29.51860302,0.541075176,1.851888823,$348.71 ,$126.19 ,$62.90 ,$108.32 ,$51.29 ,$0.00 ,747,23,5648,1811,44,35145,82,60,3302833,4208.762531,1204884,1118980,106962,286008,279602,439595,726344,216965,1787453,255366,42081,75015,61486,89451
CA,CA10,201902,MCD,289,24.83044983,0.546712803,1.293055363,$56.71 ,$0.00 ,$19.34 ,$27.86 ,$9.51 ,$0.00 ,0,0,9,3,14,16,0,0,460477,4824.376542,147791,136106,18321,81345,44779,50391,143528,61208,326860,6561,10023,13317,8274,5426
CA,CA11,201902,MCD,89,22.69662921,0.483146067,1.46088764,$35.79 ,$0.00 ,$4.69 ,$24.53 ,$6.58 ,$0.00 ,0,0,5,0,2,10,0,0,150075,1390.308446,45792,42735,4855,24270,10946,14567,40935,13829,101017,2919,1938,3483,2730,14912
CA,CA12,201902,MCD,558,26.61648746,0.535842294,1.169973118,$83.97 ,$40.31 ,$6.20 ,$31.10 ,$6.36 ,$0.00 ,4,0,17,4,23,42,0,0,978130,5958.095977,328577,304624,41276,147389,92035,114438,279979,108140,686675,23756,12508,28262,25805,16750
CA,CA13,201902,MCD,296,27.45945946,0.513513514,1.235422297,$122.24 ,$67.52 ,$7.13 ,$39.91 ,$7.68 ,$0.00 ,2,0,12,3,2,16,0,0,342954,21389.49918,163854,119622,10594,41422,24903,67475,74845,21273,143965,5802,14241,5844,5879,17935
CA,,201902,MCD,94220,31.86177033,0.519900234,1.213611282,$16.76 ,$10.30 ,$3.31 ,$3.11 ,$0.04 ,$0.00 ,24,4,165,9,36,601,0,0,2255381,3124.860076,789873,749021,60919,189668,113096,295103,502048,188257,1461149,154299,25948,59669,38303,48904
CA,CA15,201902,MCD,594,21.95286195,0.506734007,0.902131313,$9.47 ,$0.00 ,$0.25 ,$7.45 ,$1.76 ,$0.00 ,1,0,5,1,6,14,0,0,269075,1935.645521,84795,79606,14912,48433,23145,29320,80062,34066,193067,3236,5216,7611,5801,5926
CA,,201902,MCD,1952,32.47028689,0.551229508,1.158222848,$78.33 ,$26.34 ,$16.60 ,$27.72 ,$7.67 ,$0.00 ,2,0,37,8,13,89,0,0,4673221,2470.336258,1796567,1692047,128698,373438,232541,689629,936866,360315,2804353,396804,19220,110888,205390,80356
CA,CA17,201902,MCD,608,21.72697368,0.513157895,0.781822368,$10.67 ,$0.00 ,$1.77 ,$7.38 ,$1.53 ,$0.00 ,0,0,9,0,4,16,0,0,539301,1496.015066,181213,172682,26130,73664,35012,67770,146907,48530,309505,12059,7723,11489,11100,5269
CA,CA18,201902,MCD,903,27.47397564,0.545957918,1.363530454,$79.11 ,$16.75 ,$31.47 ,$21.86 ,$9.03 ,$0.00 ,2,0,14,9,4,26,1,1,732212,1392.385418,241055,226727,28989,96905,53972,89461,201506,62038,494325,20238,8143,16525,14450,15994
CA,CA19,201902,MCD,41422,30.64262952,0.499541307,1.38758609,$245.86 ,$102.80 ,$53.61 ,$62.67 ,$26.78 ,$0.00 ,149,1,1902,718,16,3913,10,45,2291738,5095.099057,896341,819372,75758,168734,134416,335498,532415,114749,1083594,101802,25772,34828,51388,38576
CA,CA2,201902,MCD,11360,29.81496479,0.530985916,1.703663028,$229.29 ,$51.71 ,$62.57 ,$75.60 ,$39.42 ,$0.00 ,34,3,445,18,2,1560,2,28,180216,4176.578436,57468,44057,10782,33928,15883,22446,51676,34263,160443,3448,6076,4616,3242,9708
CA,,201902,MCD,196,29.95918367,0.586734694,1.45930102,$189.73 ,$0.00 ,$117.65 ,$45.45 ,$26.63 ,$0.00 ,0,0,9,1,1,15,0,0,438530,821.7515515,156896,149067,15346,36031,23696,64390,98813,20223,269660,13520,4468,7695,7541,10444
CA,CA21,201902,MCD,181,31.08839779,0.519337017,1.270580111,$82.53 ,$19.84 ,$18.97 ,$34.31 ,$9.41 ,$0.00 ,2,0,4,2,4,17,0,0,641847,2324.181643,263188,238371,17271,57501,43401,116457,130712,38050,249451,23427,13544,12933,11677,12597
CA,CA22,201902,MCD,236,23.41949153,0.576271186,1.082033898,$214.45 ,$82.71 ,$16.68 ,$45.77 ,$69.30 ,$0.00 ,1,0,12,3,2,23,0,0,171365,1234.545845,62685,58539,6792,22175,14964,23303,45990,13426,84511,4555,4913,3992,3786,2411
CA,CA23,201902,MCD,97,31.74226804,0.567010309,1.431731959,$218.05 ,$0.00 ,$143.77 ,$57.72 ,$16.56 ,$0.00 ,0,0,4,1,1,8,0,1,151906,9005.172163,84579,59685,4117,9269,9764,35175,25619,1701,28770,2723,7154,1011,2769,11716
CA,CA24,201902,MCD,288,25.07291667,0.541666667,1.246177083,$122.62 ,$37.37 ,$24.01 ,$51.10 ,$10.13 ,$0.00 ,1,0,10,3,3,23,0,0,428006,8864.022501,193696,163983,16804,39396,35478,79271,91192,17615,138500,10651,26639,6204,11021,9809
CA,CA25,201902,MCD,385,32.92207792,0.51948052,1.450755844,$174.08 ,$57.97 ,$42.44 ,$42.81 ,$30.86 ,$0.00 ,1,0,6,1,9,38,0,0,470990,24672.40534,218386,187277,15591,36021,38019,90963,98766,8104,114440,8163,28551,6986,13481,12724
CA,CA3,201902,MCD,118582,29.99018401,0.523013611,1.292637871,$203.78 ,$78.30 ,$38.84 ,$64.74 ,$21.90 ,$0.00 ,284,22,3429,2255,70,13396,40,83,4518699,27266.44488,1549773,1348982,180356,553160,432652,561952,1186660,340581,3038969,129608,113905,106066,62893,91930
CA,CA4,201902,MCD,89901,26.78835608,0.526579237,1.163353322,$199.58 ,$99.60 ,$26.08 ,$50.10 ,$23.80 ,$0.00 ,228,9,2576,889,250,11579,11,86,13262234,4850.972611,4615697,4338482,441609,1781058,1352330,1739765,2957709,1601964,9307146,1149887,86507,469799,343744,220875
CA,,201902,MCD,159548,27.59491188,0.537505954,1.44354724,$0.29 ,$0.10 ,$0.06 ,$0.10 ,$0.03 ,$0.00 ,570,70,5752,1762,19076,7082,70,104,848112,1842.466511,287498,271226,25853,88185,78474,123435,199599,77382,459811,31090,10988,17892,11400,12601
CA,CA6,201902,MCD,654,26.00764526,0.555045872,1.128327217,$24.16 ,$10.14 ,$1.28 ,$7.17 ,$5.57 ,$0.00 ,5,0,32,4,53,41,0,0,443738,2735.137621,156210,144962,13861,52042,46478,64775,99117,45552,244382,21169,6950,15410,8052,19863
CA,CA7,201902,MCD,1571,22.84914068,0.527052833,1.143939529,$58.16 ,$10.86 ,$16.22 ,$22.66 ,$8.42 ,$0.00 ,6,1,67,18,89,90,1,2,883053,8132.256436,295756,267913,39056,139584,77216,92005,257750,84735,576023,15490,21557,24792,18281,31126
CA,CA8,201902,MCD,216,30.0462963,0.509259259,1.021287037,$31.76 ,$15.00 ,$4.08 ,$11.50 ,$1.18 ,$0.00 ,0,1,6,0,15,16,1,0,281455,3300.636162,121095,105317,6175,17123,20715,52758,50492,9045,86881,7329,9630,3482,4557,16435
CA,,201902,MCD,251,26.04780877,0.617529881,0.915187251,$53.43 ,$27.43 ,$5.22 ,$19.10 ,$1.68 ,$0.00 ,1,0,6,1,5,9,0,1,433212,3281.719108,141155,126052,10475,78816,46650,55515,114125,75432,301974,14534,6567,17221,5984,17741
CA,CA1,201903,MCD,188638,29.54083483,0.541004464,1.844310611,$381.72 ,$136.83 ,$70.36 ,$120.09 ,$54.44 ,$0.00 ,869,30,6823,2072,43,37763,113,66,3302833,4208.762531,1204884,1118980,106962,286008,279602,439595,726344,216965,1787453,255366,42081,75015,61486,89451
CA,CA10,201903,MCD,301,24.49833887,0.548172758,1.290850498,$56.79 ,$0.00 ,$19.93 ,$26.01 ,$10.85 ,$0.00 ,1,0,12,1,15,20,0,0,460477,4824.376542,147791,136106,18321,81345,44779,50391,143528,61208,326860,6561,10023,13317,8274,5426
CA,CA11,201903,MCD,96,22.36458333,0.489583333,1.396489583,$59.15 ,$0.00 ,$29.59 ,$25.50 ,$4.05 ,$0.00 ,0,0,4,0,2,8,0,0,150075,1390.308446,45792,42735,4855,24270,10946,14567,40935,13829,101017,2919,1938,3483,2730,14912
CA,CA12,201903,MCD,570,26.47192983,0.535087719,1.1619,$70.42 ,$17.06 ,$13.09 ,$32.06 ,$8.21 ,$0.00 ,2,1,30,5,17,38,1,0,978130,5958.095977,328577,304624,41276,147389,92035,114438,279979,108140,686675,23756,12508,28262,25805,16750
CA,CA13,201903,MCD,303,27.71287129,0.504950495,1.271231023,$94.68 ,$30.19 ,$7.35 ,$50.49 ,$6.66 ,$0.00 ,0,0,9,3,6,21,0,0,342954,21389.49918,163854,119622,10594,41422,24903,67475,74845,21273,143965,5802,14241,5844,5879,17935
CA,CA14,201903,MCD,95676,31.90007944,0.519827334,1.21329509,$25.28 ,$11.09 ,$6.02 ,$8.14 ,$0.04 ,$0.00 ,50,4,751,10,36,868,1,1,2255381,3124.860076,789873,749021,60919,189668,113096,295103,502048,188257,1461149,154299,25948,59669,38303,48904
CA,CA15,201903,MCD,601,22.06655574,0.505823627,0.902738769,$35.85 ,$8.99 ,$14.52 ,$10.76 ,$1.59 ,$0.00 ,0,0,12,2,5,24,0,0,269075,1935.645521,84795,79606,14912,48433,23145,29320,80062,34066,193067,3236,5216,7611,5801,5926
CA,CA16,201903,MCD,2000,32.4295,0.5485,1.1505505,$98.98 ,$45.40 ,$17.42 ,$26.02 ,$10.14 ,$0.00 ,6,0,43,17,15,116,0,0,4673221,2470.336258,1796567,1692047,128698,373438,232541,689629,936866,360315,2804353,396804,19220,110888,205390,80356
CA,CA17,201903,MCD,622,21.71221865,0.512861736,0.784731511,$20.81 ,$0.00 ,$3.67 ,$12.51 ,$4.63 ,$0.00 ,0,0,11,4,9,19,0,0,539301,1496.015066,181213,172682,26130,73664,35012,67770,146907,48530,309505,12059,7723,11489,11100,5269
CA,CA18,201903,MCD,925,27.53621622,0.545945946,1.349418378,$51.63 ,$9.36 ,$3.06 ,$29.75 ,$9.45 ,$0.00 ,0,0,15,6,7,45,1,2,732212,1392.385418,241055,226727,28989,96905,53972,89461,201506,62038,494325,20238,8143,16525,14450,15994
CA,CA19,201903,MCD,42077,30.63588184,0.499108777,1.379451482,$266.47 ,$108.67 ,$60.84 ,$68.70 ,$28.25 ,$0.00 ,178,4,2177,1004,19,4948,10,49,2291738,5095.099057,896341,819372,75758,168734,134416,335498,532415,114749,1083594,101802,25772,34828,51388,38576
CA,CA2,201903,MCD,11480,29.90557491,0.531097561,1.705317596,$296.89 ,$89.29 ,$73.74 ,$91.31 ,$42.56 ,$0.00 ,42,6,474,26,2,1616,6,32,180216,4176.578436,57468,44057,10782,33928,15883,22446,51676,34263,160443,3448,6076,4616,3242,9708
CA,,201903,MCD,202,30.0049505,0.579207921,1.449792079,$220.32 ,$19.99 ,$138.27 ,$44.32 ,$17.74 ,$0.00 ,0,0,15,3,2,13,0,0,438530,821.7515515,156896,149067,15346,36031,23696,64390,98813,20223,269660,13520,4468,7695,7541,10444
CA,CA21,201903,MCD,185,31.14594595,0.524324324,1.253281081,$68.49 ,$0.00 ,$7.72 ,$42.97 ,$17.80 ,$0.00 ,0,0,6,4,3,16,0,0,641847,2324.181643,263188,238371,17271,57501,43401,116457,130712,38050,249451,23427,13544,12933,11677,12597
CA,CA22,201903,MCD,240,23.91666667,0.570833333,1.032470833,$172.26 ,$0.00 ,$66.84 ,$48.64 ,$56.78 ,$0.00 ,0,0,11,7,0,22,0,0,171365,1234.545845,62685,58539,6792,22175,14964,23303,45990,13426,84511,4555,4913,3992,3786,2411
CA,CA23,201903,MCD,98,31.90816327,0.56122449,1.419061225,$132.85 ,$0.00 ,$27.40 ,$73.72 ,$31.73 ,$0.00 ,0,0,6,3,2,8,0,1,151906,9005.172163,84579,59685,4117,9269,9764,35175,25619,1701,28770,2723,7154,1011,2769,11716
CA,CA24,201903,MCD,296,25.31756757,0.543918919,1.268766892,$114.47 ,$36.32 ,$13.45 ,$49.31 ,$15.38 ,$0.00 ,1,0,17,2,7,29,1,0,428006,8864.022501,193696,163983,16804,39396,35478,79271,91192,17615,138500,10651,26639,6204,11021,9809
CA,CA25,201903,MCD,394,32.97208122,0.52284264,1.475068528,$102.28 ,$0.00 ,$24.27 ,$49.77 ,$28.24 ,$0.00 ,0,0,14,10,13,38,0,0,470990,24672.40534,218386,187277,15591,36021,38019,90963,98766,8104,114440,8163,28551,6986,13481,12724
CA,CA3,201903,MCD,120959,30.01564993,0.52283005,1.290065245,$244.76 ,$100.98 ,$46.84 ,$73.58 ,$23.36 ,$0.00 ,368,27,3768,2553,95,14760,48,94,4518699,27266.44488,1549773,1348982,180356,553160,432652,561952,1186660,340581,3038969,129608,113905,106066,62893,91930
CA,CA4,201903,MCD,90793,26.87985858,0.526637516,1.165713205,$243.02 ,$125.98 ,$35.31 ,$55.57 ,$26.17 ,$0.00 ,294,6,3097,1008,256,12201,24,88,13262234,4850.972611,4615697,4338482,441609,1781058,1352330,1739765,2957709,1601964,9307146,1149887,86507,469799,343744,220875
CA,CA5,201903,MCD,161644,27.65615798,0.53719903,1.44136946,$0.36 ,$0.16 ,$0.07 ,$0.09 ,$0.04 ,$0.00 ,670,86,6466,1993,20502,7621,76,116,848112,1842.466511,287498,271226,25853,88185,78474,123435,199599,77382,459811,31090,10988,17892,11400,12601
CA,CA6,201903,MCD,665,26.1112782,0.547368421,1.211875188,$16.52 ,$0.00 ,$2.71 ,$9.88 ,$3.93 ,$0.00 ,2,0,35,3,53,41,0,0,443738,2735.137621,156210,144962,13861,52042,46478,64775,99117,45552,244382,21169,6950,15410,8052,19863
CA,CA7,201903,MCD,1592,22.9290201,0.525753769,1.147226131,$71.48 ,$22.37 ,$16.19 ,$25.96 ,$6.96 ,$0.00 ,13,1,93,25,111,117,0,2,883053,8132.256436,295756,267913,39056,139584,77216,92005,257750,84735,576023,15490,21557,24792,18281,31126
CA,CA8,201903,MCD,222,30.2972973,0.509009009,1.070995496,$37.71 ,$0.00 ,$13.65 ,$20.94 ,$3.11 ,$0.00 ,0,0,10,0,17,14,0,0,281455,3300.636162,121095,105317,6175,17123,20715,52758,50492,9045,86881,7329,9630,3482,4557,16435
CA,CA9,201903,MCD,254,26.21653543,0.614173228,0.895291339,$55.48 ,$0.00 ,$28.00 ,$24.65 ,$2.83 ,$0.00 ,0,0,12,1,6,9,0,1,433212,3281.719108,141155,126052,10475,78816,46650,55515,114125,75432,301974,14534,6567,17221,5984,17741
CA,CA1,201904,MCD,188587,29.62172366,0.540970481,1.843845721,$394.82 ,$142.38 ,$71.86 ,$123.64 ,$56.95 ,$0.00 ,855,20,6168,1828,53,37237,105,71,3302833,4208.762531,1204884,1118980,106962,286008,279602,439595,726344,216965,1787453,255366,42081,75015,61486,89451
CA,CA10,201904,MCD,300,24.38666667,0.55,1.28888,$74.44 ,$20.73 ,$20.16 ,$30.21 ,$3.35 ,$0.00 ,0,0,10,6,22,14,0,0,460477,4824.376542,147791,136106,18321,81345,44779,50391,143528,61208,326860,6561,10023,13317,8274,5426
CA,CA11,201904,MCD,95,22.03157895,0.494736842,1.405210526,$28.68 ,$0.00 ,$1.05 ,$13.97 ,$13.65 ,$0.00 ,1,0,3,1,3,8,0,0,150075,1390.308446,45792,42735,4855,24270,10946,14567,40935,13829,101017,2919,1938,3483,2730,14912
CA,CA12,201904,MCD,570,26.54736842,0.535087719,1.1619,$76.16 ,$34.74 ,$9.28 ,$22.59 ,$9.54 ,$0.00 ,3,1,23,6,22,42,0,0,978130,5958.095977,328577,304624,41276,147389,92035,114438,279979,108140,686675,23756,12508,28262,25805,16750
CA,CA13,201904,MCD,306,28.03267974,0.506535948,1.282918301,$52.23 ,$2.29 ,$9.85 ,$31.67 ,$8.43 ,$0.00 ,1,0,10,2,3,15,0,0,342954,21389.49918,163854,119622,10594,41422,24903,67475,74845,21273,143965,5802,14241,5844,5879,17935
CA,CA14,201904,MCD,95640,31.9774885,0.519855709,1.213234274,$28.36 ,$9.94 ,$8.46 ,$9.90 ,$0.05 ,$0.00 ,45,2,472,14,62,1289,0,6,2255381,3124.860076,789873,749021,60919,189668,113096,295103,502048,188257,1461149,154299,25948,59669,38303,48904
CA,CA15,201904,MCD,598,22.20735786,0.505016722,0.903787625,$21.29 ,$4.52 ,$4.09 ,$10.24 ,$2.43 ,$0.00 ,0,0,12,0,3,18,0,0,269075,1935.645521,84795,79606,14912,48433,23145,29320,80062,34066,193067,3236,5216,7611,5801,5926
CA,CA16,201904,MCD,1994,32.55967904,0.548645938,1.1527999,$83.50 ,$18.76 ,$27.91 ,$30.04 ,$6.79 ,$0.00 ,1,0,33,8,16,107,0,0,4673221,2470.336258,1796567,1692047,128698,373438,232541,689629,936866,360315,2804353,396804,19220,110888,205390,80356
CA,CA17,201904,MCD,621,21.77455717,0.512077295,0.780450886,$63.30 ,$10.60 ,$30.16 ,$20.66 ,$1.89 ,$0.00 ,0,0,11,2,5,22,0,0,539301,1496.015066,181213,172682,26130,73664,35012,67770,146907,48530,309505,12059,7723,11489,11100,5269
CA,CA18,201904,MCD,923,27.65547129,0.543878657,1.352086674,$80.83 ,$5.28 ,$38.10 ,$28.50 ,$8.95 ,$0.00 ,0,0,22,2,7,39,0,1,732212,1392.385418,241055,226727,28989,96905,53972,89461,201506,62038,494325,20238,8143,16525,14450,15994
CA,CA19,201904,MCD,42062,30.709001,0.499120346,1.37904907,$251.09 ,$93.96 ,$61.49 ,$66.09 ,$29.56 ,$0.00 ,173,1,1937,887,13,4910,9,45,2291738,5095.099057,896341,819372,75758,168734,134416,335498,532415,114749,1083594,101802,25772,34828,51388,38576
CA,CA2,201904,MCD,11485,29.96499782,0.531388768,1.702914062,$285.12 ,$69.66 ,$80.50 ,$89.70 ,$45.27 ,$0.00 ,27,9,442,19,3,1297,2,4,180216,4176.578436,57468,44057,10782,33928,15883,22446,51676,34263,160443,3448,6076,4616,3242,9708
CA,CA20,201904,MCD,202,30.07425743,0.579207921,1.449792079,$335.96 ,$103.75 ,$159.99 ,$50.21 ,$22.01 ,$0.00 ,3,0,9,1,3,14,1,0,438530,821.7515515,156896,149067,15346,36031,23696,64390,98813,20223,269660,13520,4468,7695,7541,10444
CA,CA21,201904,MCD,186,31.22580645,0.52688172,1.258456989,$267.45 ,$193.80 ,$7.65 ,$54.97 ,$11.03 ,$0.00 ,3,0,5,1,3,27,0,0,641847,2324.181643,263188,238371,17271,57501,43401,116457,130712,38050,249451,23427,13544,12933,11677,12597
CA,CA22,201904,MCD,241,24.0746888,0.572614108,1.121373444,$131.47 ,$0.00 ,$20.48 ,$44.73 ,$66.26 ,$0.00 ,0,0,16,2,2,19,0,0,171365,1234.545845,62685,58539,6792,22175,14964,23303,45990,13426,84511,4555,4913,3992,3786,2411
CA,CA23,201904,MCD,96,31.53125,0.5625,1.425291667,$124.73 ,$0.00 ,$34.74 ,$66.98 ,$23.02 ,$0.00 ,0,0,5,0,3,11,0,1,151906,9005.172163,84579,59685,4117,9269,9764,35175,25619,1701,28770,2723,7154,1011,2769,11716
CA,CA24,201904,MCD,294,25.44897959,0.547619048,1.276595238,$186.06 ,$86.36 ,$23.46 ,$68.50 ,$7.74 ,$0.00 ,2,0,19,4,2,39,1,0,428006,8864.022501,193696,163983,16804,39396,35478,79271,91192,17615,138500,10651,26639,6204,11021,9809
CA,CA25,201904,MCD,392,32.94132653,0.520408163,1.481872449,$223.02 ,$102.14 ,$34.72 ,$55.78 ,$30.38 ,$0.00 ,3,0,19,4,11,48,0,0,470990,24672.40534,218386,187277,15591,36021,38019,90963,98766,8104,114440,8163,28551,6986,13481,12724
CA,CA3,201904,MCD,120949,30.08484568,0.522955957,1.289054155,$237.93 ,$85.46 ,$50.12 ,$76.72 ,$25.62 ,$0.00 ,357,26,3486,2165,98,15270,39,97,4518699,27266.44488,1549773,1348982,180356,553160,432652,561952,1186660,340581,3038969,129608,113905,106066,62893,91930
CA,CA4,201904,MCD,90721,26.96570805,0.526482292,1.166493094,$237.41 ,$124.28 ,$30.72 ,$57.15 ,$25.26 ,$0.00 ,249,9,2635,797,252,11836,23,102,13262234,4850.972611,4615697,4338482,441609,1781058,1352330,1739765,2957709,1601964,9307146,1149887,86507,469799,343744,220875
CA,CA5,201904,MCD,161788,27.70667169,0.537184464,1.440032808,$0.43 ,$0.16 ,$0.05 ,$0.18 ,$0.03 ,$0.00 ,561,71,5560,1458,19603,7466,84,119,848112,1842.466511,287498,271226,25853,88185,78474,123435,199599,77382,459811,31090,10988,17892,11400,12601
CA,CA6,201904,MCD,666,26.16666667,0.548048048,1.21031982,$15.22 ,$0.00 ,$2.57 ,$8.23 ,$4.43 ,$0.00 ,0,0,35,6,52,43,0,0,443738,2735.137621,156210,144962,13861,52042,46478,64775,99117,45552,244382,21169,6950,15410,8052,19863
CA,CA7,201904,MCD,1597,22.98497182,0.524733876,1.143501565,$80.47 ,$46.94 ,$9.78 ,$18.56 ,$5.18 ,$0.00 ,3,0,54,15,91,83,2,0,883053,8132.256436,295756,267913,39056,139584,77216,92005,257750,84735,576023,15490,21557,24792,18281,31126
CA,CA8,201904,MCD,223,30.29147982,0.511210762,1.070807175,$31.68 ,$0.00 ,$12.32 ,$18.67 ,$0.69 ,$0.00 ,0,0,8,2,15,21,0,0,281455,3300.636162,121095,105317,6175,17123,20715,52758,50492,9045,86881,7329,9630,3482,4557,16435
CA,CA9,201904,MCD,253,26.39525692,0.612648221,0.911371542,$54.25 ,$0.00 ,$33.54 ,$18.28 ,$2.44 ,$0.00 ,0,0,2,0,1,8,0,1,433212,3281.719108,141155,126052,10475,78816,46650,55515,114125,75432,301974,14534,6567,17221,5984,17741
CA,CA1,201905,MCD,188703,29.69767306,0.5409029,1.843566864,$399.70 ,$143.47 ,$71.60 ,$124.48 ,$60.16 ,$0.00 ,847,38,6039,1626,48,36362,105,70,3302833,4208.762531,1204884,1118980,106962,286008,279602,439595,726344,216965,1787453,255366,42081,75015,61486,89451
CA,CA10,201905,MCD,300,24.67333333,0.546666667,1.176526667,$52.96 ,$0.00 ,$23.54 ,$19.37 ,$10.05 ,$0.00 ,1,0,6,2,23,13,0,0,460477,4824.376542,147791,136106,18321,81345,44779,50391,143528,61208,326860,6561,10023,13317,8274,5426
CA,CA11,201905,MCD,96,22.52083333,0.489583333,1.396489583,$32.41 ,$0.00 ,$2.49 ,$17.53 ,$12.40 ,$0.00 ,0,0,2,0,5,9,0,0,150075,1390.308446,45792,42735,4855,24270,10946,14567,40935,13829,101017,2919,1938,3483,2730,14912
CA,CA12,201905,MCD,570,26.62631579,0.535087719,1.1619,$162.82 ,$47.81 ,$26.91 ,$78.85 ,$9.24 ,$0.00 ,2,0,22,4,20,53,0,0,978130,5958.095977,328577,304624,41276,147389,92035,114438,279979,108140,686675,23756,12508,28262,25805,16750
CA,CA13,201905,MCD,307,28.09771987,0.508143323,1.280732899,$144.13 ,$43.27 ,$31.85 ,$58.35 ,$10.66 ,$0.00 ,2,0,19,3,8,26,0,0,342954,21389.49918,163854,119622,10594,41422,24903,67475,74845,21273,143965,5802,14241,5844,5879,17935
CA,CA14,201905,MCD,95667,32.05807645,0.519918049,1.212911506,$86.89 ,$24.65 ,$45.78 ,$16.39 ,$0.06 ,$0.00 ,110,3,874,15,69,2067,0,1,2255381,3124.860076,789873,749021,60919,189668,113096,295103,502048,188257,1461149,154299,25948,59669,38303,48904
CA,CA15,201905,MCD,600,22.22333333,0.506666667,0.904061667,$24.44 ,$0.00 ,$12.84 ,$9.83 ,$1.78 ,$0.00 ,0,0,11,0,7,22,0,0,269075,1935.645521,84795,79606,14912,48433,23145,29320,80062,34066,193067,3236,5216,7611,5801,5926
CA,CA16,201905,MCD,1997,32.59339009,0.549323986,1.149723085,$162.52 ,$79.02 ,$49.18 ,$28.89 ,$5.42 ,$0.00 ,3,0,40,9,13,101,1,0,4673221,2470.336258,1796567,1692047,128698,373438,232541,689629,936866,360315,2804353,396804,19220,110888,205390,80356
CA,CA17,201905,MCD,622,21.87942122,0.512861736,0.784731511,$139.30 ,$99.17 ,$11.75 ,$25.78 ,$2.60 ,$0.00 ,0,0,13,1,3,21,0,0,539301,1496.015066,181213,172682,26130,73664,35012,67770,146907,48530,309505,12059,7723,11489,11100,5269
CA,CA18,201905,MCD,923,27.74539545,0.54496208,1.350096425,$200.49 ,$82.35 ,$56.72 ,$52.42 ,$9.00 ,$0.00 ,2,0,20,2,8,43,0,1,732212,1392.385418,241055,226727,28989,96905,53972,89461,201506,62038,494325,20238,8143,16525,14450,15994
CA,CA19,201905,MCD,42105,30.78301864,0.499061869,1.379765942,$255.47 ,$98.38 ,$63.93 ,$63.22 ,$29.94 ,$0.00 ,163,2,2025,669,22,4179,7,45,2291738,5095.099057,896341,819372,75758,168734,134416,335498,532415,114749,1083594,101802,25772,34828,51388,38576
CA,CA2,201905,MCD,11486,30.04414069,0.531690754,1.706958732,$284.33 ,$64.78 ,$81.49 ,$94.44 ,$43.62 ,$0.00 ,25,7,433,29,3,1649,3,33,180216,4176.578436,57468,44057,10782,33928,15883,22446,51676,34263,160443,3448,6076,4616,3242,9708
CA,CA20,201905,MCD,202,30.17326733,0.579207921,1.449792079,$154.49 ,$0.00 ,$107.93 ,$33.10 ,$13.45 ,$0.00 ,0,0,10,1,2,10,0,0,438530,821.7515515,156896,149067,15346,36031,23696,64390,98813,20223,269660,13520,4468,7695,7541,10444
CA,CA21,201905,MCD,186,31.27419355,0.52688172,1.258456989,$117.58 ,$48.66 ,$18.14 ,$38.45 ,$12.34 ,$0.00 ,1,0,11,1,3,22,0,0,641847,2324.181643,263188,238371,17271,57501,43401,116457,130712,38050,249451,23427,13544,12933,11677,12597
CA,CA22,201905,MCD,242,24.03305785,0.578512397,1.116818182,$132.54 ,$29.31 ,$13.68 ,$26.30 ,$63.25 ,$0.00 ,0,1,15,2,1,14,0,0,171365,1234.545845,62685,58539,6792,22175,14964,23303,45990,13426,84511,4555,4913,3992,3786,2411
CA,CA23,201905,MCD,97,31.71134021,0.556701031,1.422804124,$343.33 ,$126.29 ,$50.22 ,$131.35 ,$35.46 ,$0.00 ,1,0,6,1,2,13,0,1,151906,9005.172163,84579,59685,4117,9269,9764,35175,25619,1701,28770,2723,7154,1011,2769,11716
CA,CA24,201905,MCD,295,25.49830509,0.545762712,1.272667797,$147.18 ,$69.99 ,$16.68 ,$48.80 ,$11.70 ,$0.00 ,2,0,15,3,4,24,0,0,428006,8864.022501,193696,163983,16804,39396,35478,79271,91192,17615,138500,10651,26639,6204,11021,9809
CA,CA25,201905,MCD,394,32.96192893,0.520304569,1.475875635,$170.10 ,$56.25 ,$33.93 ,$50.32 ,$29.61 ,$0.00 ,1,0,18,3,6,39,1,0,470990,24672.40534,218386,187277,15591,36021,38019,90963,98766,8104,114440,8163,28551,6986,13481,12724
CA,CA3,201905,MCD,121057,30.15865254,0.522885913,1.288542563,$251.61 ,$94.21 ,$56.93 ,$75.45 ,$25.01 ,$0.00 ,296,20,3392,2035,92,14730,36,97,4518699,27266.44488,1549773,1348982,180356,553160,432652,561952,1186660,340581,3038969,129608,113905,106066,62893,91930
CA,CA4,201905,MCD,90788,27.04802397,0.526655505,1.165983192,$232.66 ,$115.08 ,$32.31 ,$59.79 ,$25.48 ,$0.00 ,256,8,2571,813,230,11669,22,85,13262234,4850.972611,4615697,4338482,441609,1781058,1352330,1739765,2957709,1601964,9307146,1149887,86507,469799,343744,220875
CA,CA5,201905,MCD,161848,27.78751668,0.537108892,1.4396212,$0.67 ,$0.05 ,$0.14 ,$0.43 ,$0.05 ,$0.00 ,563,102,5614,1459,19470,7707,89,117,848112,1842.466511,287498,271226,25853,88185,78474,123435,199599,77382,459811,31090,10988,17892,11400,12601
CA,CA6,201905,MCD,667,26.26236882,0.550224888,1.194134933,$20.83 ,$4.95 ,$4.32 ,$7.28 ,$4.28 ,$0.00 ,8,0,41,6,57,40,0,0,443738,2735.137621,156210,144962,13861,52042,46478,64775,99117,45552,244382,21169,6950,15410,8052,19863
CA,CA7,201905,MCD,1600,23.085,0.52375,1.141814375,$60.78 ,$18.36 ,$17.50 ,$19.84 ,$5.08 ,$0.00 ,4,4,63,12,105,98,0,2,883053,8132.256436,295756,267913,39056,139584,77216,92005,257750,84735,576023,15490,21557,24792,18281,31126
CA,CA8,201905,MCD,222,30.42792793,0.513513514,1.075157658,$42.98 ,$20.41 ,$7.21 ,$14.06 ,$1.31 ,$0.00 ,2,0,7,0,17,22,0,0,281455,3300.636162,121095,105317,6175,17123,20715,52758,50492,9045,86881,7329,9630,3482,4557,16435
CA,CA9,201905,MCD,256,26.484375,0.61328125,0.905277344,$92.19 ,$39.10 ,$9.32 ,$41.53 ,$2.23 ,$0.00 ,0,0,9,0,3,13,0,1,433212,3281.719108,141155,126052,10475,78816,46650,55515,114125,75432,301974,14534,6567,17221,5984,17741
CA,CA1,201906,MCD,188710,29.771178,0.541036511,1.842667469,$370.06 ,$136.37 ,$68.44 ,$111.18 ,$54.06 ,$0.00 ,774,43,5837,1448,45,32054,111,60,3302833,4208.762531,1204884,1118980,106962,286008,279602,439595,726344,216965,1787453,255366,42081,75015,61486,89451
CA,CA10,201906,MCD,298,24.72818792,0.550335571,1.284533557,$64.65 ,$0.00 ,$26.18 ,$31.70 ,$6.77 ,$0.00 ,0,0,8,3,14,23,0,0,460477,4824.376542,147791,136106,18321,81345,44779,50391,143528,61208,326860,6561,10023,13317,8274,5426
CA,CA11,201906,MCD,96,22.59375,0.489583333,1.396489583,$33.48 ,$0.00 ,$4.78 ,$26.11 ,$2.59 ,$0.00 ,0,0,4,0,3,11,0,0,150075,1390.308446,45792,42735,4855,24270,10946,14567,40935,13829,101017,2919,1938,3483,2730,14912
CA,CA12,201906,MCD,566,26.72438163,0.533568905,1.168466431,$209.83 ,$131.27 ,$35.45 ,$35.96 ,$7.14 ,$0.00 ,7,0,20,1,19,44,0,0,978130,5958.095977,328577,304624,41276,147389,92035,114438,279979,108140,686675,23756,12508,28262,25805,16750
CA,CA13,201906,MCD,304,28.22039474,0.506578947,1.287572368,$124.03 ,$0.00 ,$86.61 ,$26.70 ,$10.72 ,$0.00 ,0,0,14,3,5,27,0,0,342954,21389.49918,163854,119622,10594,41422,24903,67475,74845,21273,143965,5802,14241,5844,5879,17935
CA,CA14,201906,MCD,95690,32.13350402,0.51975128,1.213975368,$161.78 ,$52.65 ,$71.03 ,$38.07 ,$0.03 ,$0.00 ,266,4,1948,20,71,7957,13,20,2255381,3124.860076,789873,749021,60919,189668,113096,295103,502048,188257,1461149,154299,25948,59669,38303,48904
CA,CA15,201906,MCD,599,22.33222037,0.504173623,0.904016695,$123.63 ,$48.32 ,$42.83 ,$30.19 ,$2.29 ,$0.00 ,2,0,19,0,3,48,0,0,269075,1935.645521,84795,79606,14912,48433,23145,29320,80062,34066,193067,3236,5216,7611,5801,5926
CA,CA16,201906,MCD,1995,32.67017544,0.55037594,1.150328321,$134.85 ,$31.08 ,$58.93 ,$35.15 ,$9.69 ,$0.00 ,3,0,65,9,10,149,0,0,4673221,2470.336258,1796567,1692047,128698,373438,232541,689629,936866,360315,2804353,396804,19220,110888,205390,80356
CA,CA17,201906,MCD,622,21.96784566,0.512861736,0.784731511,$83.74 ,$3.29 ,$44.42 ,$35.15 ,$0.88 ,$0.00 ,0,0,17,3,8,34,1,0,539301,1496.015066,181213,172682,26130,73664,35012,67770,146907,48530,309505,12059,7723,11489,11100,5269
CA,CA18,201906,MCD,920,27.74456522,0.545652174,1.30811087,$238.33 ,$59.51 ,$113.77 ,$58.57 ,$6.48 ,$0.00 ,5,0,34,2,12,71,0,1,732212,1392.385418,241055,226727,28989,96905,53972,89461,201506,62038,494325,20238,8143,16525,14450,15994
CA,CA19,201906,MCD,42097,30.86576241,0.498919163,1.379783381,$267.96 ,$122.01 ,$57.04 ,$63.05 ,$25.86 ,$0.00 ,171,2,1907,452,18,3617,10,43,2291738,5095.099057,896341,819372,75758,168734,134416,335498,532415,114749,1083594,101802,25772,34828,51388,38576
CA,CA2,201906,MCD,11478,30.12719986,0.531625719,1.705675379,$250.03 ,$45.30 ,$76.92 ,$85.76 ,$42.04 ,$0.00 ,31,5,421,26,3,1508,2,27,180216,4176.578436,57468,44057,10782,33928,15883,22446,51676,34263,160443,3448,6076,4616,3242,9708
CA,CA20,201906,MCD,201,30.3880597,0.582089552,1.456134328,$268.45 ,$78.87 ,$118.88 ,$61.24 ,$9.46 ,$0.00 ,2,0,13,0,0,22,0,0,438530,821.7515515,156896,149067,15346,36031,23696,64390,98813,20223,269660,13520,4468,7695,7541,10444
CA,CA21,201906,MCD,186,31.36021505,0.52688172,1.258456989,$37.41 ,$0.00 ,$0.31 ,$26.64 ,$10.47 ,$0.00 ,0,0,3,0,4,17,0,0,641847,2324.181643,263188,238371,17271,57501,43401,116457,130712,38050,249451,23427,13544,12933,11677,12597
CA,CA22,201906,MCD,241,23.9253112,0.576763486,1.118834025,$216.30 ,$74.92 ,$10.19 ,$68.78 ,$62.42 ,$0.00 ,1,1,14,1,1,16,0,0,171365,1234.545845,62685,58539,6792,22175,14964,23303,45990,13426,84511,4555,4913,3992,3786,2411
CA,CA23,201906,MCD,98,32.17346939,0.56122449,1.419061225,$94.30 ,$0.00 ,$12.90 ,$57.36 ,$24.04 ,$0.00 ,0,0,2,0,2,11,0,1,151906,9005.172163,84579,59685,4117,9269,9764,35175,25619,1701,28770,2723,7154,1011,2769,11716
CA,CA24,201906,MCD,293,25.62457338,0.546075085,1.274784983,$169.98 ,$39.42 ,$76.20 ,$44.09 ,$10.27 ,$0.00 ,1,0,18,3,3,26,0,0,428006,8864.022501,193696,163983,16804,39396,35478,79271,91192,17615,138500,10651,26639,6204,11021,9809
CA,CA25,201906,MCD,394,33.0964467,0.517766498,1.475736041,$273.24 ,$54.94 ,$98.40 ,$78.40 ,$41.50 ,$0.00 ,1,0,21,6,9,42,0,0,470990,24672.40534,218386,187277,15591,36021,38019,90963,98766,8104,114440,8163,28551,6986,13481,12724
CA,CA3,201906,MCD,120986,30.25017771,0.522911742,1.289765733,$233.68 ,$89.02 ,$48.75 ,$74.02 ,$21.89 ,$0.00 ,312,17,3185,1600,74,13361,34,103,4518699,27266.44488,1549773,1348982,180356,553160,432652,561952,1186660,340581,3038969,129608,113905,106066,62893,91930
CA,CA4,201906,MCD,90276,27.12873854,0.526684833,1.166361292,$264.28 ,$109.75 ,$31.05 ,$100.91 ,$22.57 ,$0.00 ,274,10,2384,630,197,10099,16,94,13262234,4850.972611,4615697,4338482,441609,1781058,1352330,1739765,2957709,1601964,9307146,1149887,86507,469799,343744,220875
CA,CA5,201906,MCD,161726,27.87582083,0.537198719,1.441041422,$0.36 ,$0.00 ,$0.21 ,$0.09 ,$0.05 ,$0.00 ,576,82,5144,1166,16745,6755,73,108,848112,1842.466511,287498,271226,25853,88185,78474,123435,199599,77382,459811,31090,10988,17892,11400,12601
CA,CA6,201906,MCD,665,26.33533835,0.547368421,1.214559399,$14.82 ,$0.00 ,$1.90 ,$8.27 ,$4.64 ,$0.00 ,2,0,24,4,57,32,0,0,443738,2735.137621,156210,144962,13861,52042,46478,64775,99117,45552,244382,21169,6950,15410,8052,19863
CA,CA7,201906,MCD,1600,23.1575,0.524375,1.131484375,$51.14 ,$16.27 ,$9.81 ,$16.44 ,$8.61 ,$0.00 ,3,0,67,12,85,79,0,1,883053,8132.256436,295756,267913,39056,139584,77216,92005,257750,84735,576023,15490,21557,24792,18281,31126
CA,CA8,201906,MCD,220,30.7,0.509090909,1.080622727,$22.22 ,$0.00 ,$5.29 ,$15.86 ,$1.07 ,$0.00 ,0,0,8,1,18,23,0,0,281455,3300.636162,121095,105317,6175,17123,20715,52758,50492,9045,86881,7329,9630,3482,4557,16435
CA,CA9,201906,MCD,256,26.55859375,0.61328125,0.905277344,$65.63 ,$0.00 ,$24.25 ,$38.61 ,$2.77 ,$0.00 ,0,0,6,1,6,12,0,0,433212,3281.719108,141155,126052,10475,78816,46650,55515,114125,75432,301974,14534,6567,17221,5984,17741
CA,CA1,201907,MCD,188636,29.85803346,0.540898874,1.844295458,$394.18 ,$147.17 ,$72.21 ,$116.04 ,$58.77 ,$0.00 ,792,31,5820,1474,37,33427,107,68,3302833,4208.762531,1204884,1118980,106962,286008,279602,439595,726344,216965,1787453,255366,42081,75015,61486,89451
CA,CA10,201907,MCD,300,24.7,0.546666667,1.283403333,$133.45 ,$53.29 ,$25.49 ,$50.54 ,$4.13 ,$0.00 ,1,1,9,2,17,30,1,0,460477,4824.376542,147791,136106,18321,81345,44779,50391,143528,61208,326860,6561,10023,13317,8274,5426
CA,CA11,201907,MCD,94,22.55319149,0.478723404,1.415914894,$34.03 ,$0.00 ,$12.36 ,$14.40 ,$7.27 ,$0.00 ,0,0,6,1,2,8,0,0,150075,1390.308446,45792,42735,4855,24270,10946,14567,40935,13829,101017,2919,1938,3483,2730,14912
CA,CA12,201907,MCD,568,26.70070423,0.533450704,1.160924296,$234.37 ,$121.45 ,$59.72 ,$48.57 ,$4.62 ,$0.00 ,5,0,23,4,13,75,0,0,978130,5958.095977,328577,304624,41276,147389,92035,114438,279979,108140,686675,23756,12508,28262,25805,16750
CA,CA13,201907,MCD,304,28.14802632,0.506578947,1.280552632,$220.41 ,$103.69 ,$60.68 ,$46.19 ,$9.85 ,$0.00 ,4,0,15,1,3,34,0,0,342954,21389.49918,163854,119622,10594,41422,24903,67475,74845,21273,143965,5802,14241,5844,5879,17935
CA,CA14,201907,MCD,95674,32.21593118,0.519848653,1.213713454,$210.33 ,$58.28 ,$90.60 ,$61.40 ,$0.05 ,$0.00 ,395,6,2781,24,92,15408,42,53,2255381,3124.860076,789873,749021,60919,189668,113096,295103,502048,188257,1461149,154299,25948,59669,38303,48904
CA,CA15,201907,MCD,599,22.32220367,0.505843072,0.902320534,$143.21 ,$17.08 ,$75.32 ,$47.91 ,$2.90 ,$0.00 ,2,0,22,1,4,78,0,0,269075,1935.645521,84795,79606,14912,48433,23145,29320,80062,34066,193067,3236,5216,7611,5801,5926
CA,CA16,201907,MCD,1992,32.76455823,0.548192771,1.149074799,$157.32 ,$34.43 ,$63.77 ,$52.74 ,$6.38 ,$0.00 ,2,0,64,2,9,267,1,0,4673221,2470.336258,1796567,1692047,128698,373438,232541,689629,936866,360315,2804353,396804,19220,110888,205390,80356
CA,CA17,201907,MCD,620,22.06290323,0.512903226,0.786783871,$110.62 ,$39.22 ,$29.92 ,$41.02 ,$0.47 ,$0.00 ,0,0,23,1,3,72,0,0,539301,1496.015066,181213,172682,26130,73664,35012,67770,146907,48530,309505,12059,7723,11489,11100,5269
CA,CA18,201907,MCD,921,27.78610206,0.545059718,1.268841477,$213.66 ,$45.40 ,$84.62 ,$77.53 ,$6.11 ,$0.00 ,3,0,33,1,6,127,0,2,732212,1392.385418,241055,226727,28989,96905,53972,89461,201506,62038,494325,20238,8143,16525,14450,15994
CA,CA19,201907,MCD,42095,30.95391377,0.499085402,1.37920076,$268.69 ,$102.14 ,$61.54 ,$78.97 ,$26.04 ,$0.00 ,154,3,1792,539,18,4545,8,47,2291738,5095.099057,896341,819372,75758,168734,134416,335498,532415,114749,1083594,101802,25772,34828,51388,38576
CA,CA2,201907,MCD,11469,30.17673729,0.531432557,1.703437527,$297.32 ,$71.66 ,$91.34 ,$90.45 ,$43.86 ,$0.00 ,24,2,410,17,1,1588,8,35,180216,4176.578436,57468,44057,10782,33928,15883,22446,51676,34263,160443,3448,6076,4616,3242,9708
CA,CA20,201907,MCD,202,30.37623762,0.579207921,1.449792079,$354.24 ,$53.79 ,$169.55 ,$106.89 ,$24.01 ,$0.00 ,2,0,14,0,1,24,0,0,438530,821.7515515,156896,149067,15346,36031,23696,64390,98813,20223,269660,13520,4468,7695,7541,10444
CA,CA21,201907,MCD,186,31.40322581,0.52688172,1.258456989,$85.47 ,$0.00 ,$16.54 ,$52.75 ,$16.18 ,$0.00 ,0,0,6,2,1,19,0,0,641847,2324.181643,263188,238371,17271,57501,43401,116457,130712,38050,249451,23427,13544,12933,11677,12597
CA,CA22,201907,MCD,243,24.30864198,0.576131687,1.117930041,$243.48 ,$136.47 ,$18.79 ,$76.32 ,$11.91 ,$0.00 ,1,1,9,3,1,16,0,0,171365,1234.545845,62685,58539,6792,22175,14964,23303,45990,13426,84511,4555,4913,3992,3786,2411
CA,CA23,201907,MCD,98,32.31632653,0.56122449,1.419061225,$89.11 ,$0.00 ,$17.08 ,$42.13 ,$29.89 ,$0.00 ,1,0,5,1,1,11,0,0,151906,9005.172163,84579,59685,4117,9269,9764,35175,25619,1701,28770,2723,7154,1011,2769,11716
CA,CA24,201907,MCD,292,25.68493151,0.54109589,1.26990411,$165.64 ,$25.15 ,$67.66 ,$56.55 ,$16.28 ,$0.00 ,0,0,12,3,8,30,0,0,428006,8864.022501,193696,163983,16804,39396,35478,79271,91192,17615,138500,10651,26639,6204,11021,9809
CA,CA25,201907,MCD,388,33.6056701,0.518041237,1.495407217,$162.83 ,$28.92 ,$37.47 ,$53.34 ,$43.09 ,$0.00 ,0,0,16,3,13,43,0,0,470990,24672.40534,218386,187277,15591,36021,38019,90963,98766,8104,114440,8163,28551,6986,13481,12724
CA,CA3,201907,MCD,120968,30.33301369,0.522791151,1.289328657,$278.91 ,$119.23 ,$59.25 ,$74.71 ,$25.72 ,$0.00 ,351,14,3292,1530,82,14363,53,101,4518699,27266.44488,1549773,1348982,180356,553160,432652,561952,1186660,340581,3038969,129608,113905,106066,62893,91930
CA,CA4,201907,MCD,90714,27.22727473,0.526511895,1.168221124,$245.94 ,$127.35 ,$30.35 ,$63.19 ,$25.04 ,$0.00 ,307,11,2376,610,227,10545,25,90,13262234,4850.972611,4615697,4338482,441609,1781058,1352330,1739765,2957709,1601964,9307146,1149887,86507,469799,343744,220875
CA,CA5,201907,MCD,161745,27.95857059,0.537104702,1.441261622,$0.87 ,$0.27 ,$0.49 ,$0.08 ,$0.04 ,$0.00 ,638,82,5197,1134,17877,7293,80,105,848112,1842.466511,287498,271226,25853,88185,78474,123435,199599,77382,459811,31090,10988,17892,11400,12601
CA,CA6,201907,MCD,664,26.47138554,0.548192771,1.216510542,$60.10 ,$26.68 ,$9.83 ,$16.36 ,$7.23 ,$0.00 ,2,0,31,1,59,49,1,0,443738,2735.137621,156210,144962,13861,52042,46478,64775,99117,45552,244382,21169,6950,15410,8052,19863
CA,CA7,201907,MCD,1602,23.23907616,0.524344569,1.130726592,$70.09 ,$20.39 ,$13.55 ,$17.49 ,$18.66 ,$0.00 ,5,0,56,13,95,88,1,0,883053,8132.256436,295756,267913,39056,139584,77216,92005,257750,84735,576023,15490,21557,24792,18281,31126
CA,CA8,201907,MCD,223,30.60986547,0.511210762,1.070807175,$15.67 ,$0.00 ,$1.83 ,$9.98 ,$3.87 ,$0.00 ,0,0,4,1,13,21,0,0,281455,3300.636162,121095,105317,6175,17123,20715,52758,50492,9045,86881,7329,9630,3482,4557,16435
CA,CA9,201907,MCD,255,26.64313726,0.611764706,0.907639216,$268.23 ,$158.35 ,$44.66 ,$63.92 ,$1.30 ,$0.00 ,1,0,8,0,2,24,0,0,433212,3281.719108,141155,126052,10475,78816,46650,55515,114125,75432,301974,14534,6567,17221,5984,17741
CA,CA1,201908,MCD,188656,29.93874035,0.540958146,1.84427037,$396.16 ,$147.70 ,$73.29 ,$116.36 ,$58.81 ,$0.00 ,838,48,6143,1523,41,33408,80,73,3302833,4208.762531,1204884,1118980,106962,286008,279602,439595,726344,216965,1787453,255366,42081,75015,61486,89451
CA,CA10,201908,MCD,299,24.80936455,0.548494983,1.294214047,$90.73 ,$13.22 ,$28.22 ,$37.37 ,$11.93 ,$0.00 ,0,0,10,2,9,26,0,0,460477,4824.376542,147791,136106,18321,81345,44779,50391,143528,61208,326860,6561,10023,13317,8274,5426
CA,CA11,201908,MCD,96,22.73958333,0.489583333,1.396489583,$36.43 ,$0.00 ,$7.15 ,$17.24 ,$12.04 ,$0.00 ,0,0,3,1,1,12,0,0,150075,1390.308446,45792,42735,4855,24270,10946,14567,40935,13829,101017,2919,1938,3483,2730,14912
CA,CA12,201908,MCD,565,26.82654867,0.534513274,1.160987611,$146.67 ,$61.61 ,$37.58 ,$43.09 ,$4.38 ,$0.00 ,4,0,15,0,20,48,0,0,978130,5958.095977,328577,304624,41276,147389,92035,114438,279979,108140,686675,23756,12508,28262,25805,16750
CA,CA13,201908,MCD,307,28.29967427,0.508143323,1.280732899,$154.71 ,$39.58 ,$63.96 ,$43.68 ,$7.49 ,$0.00 ,2,0,16,0,5,38,0,0,342954,21389.49918,163854,119622,10594,41422,24903,67475,74845,21273,143965,5802,14241,5844,5879,17935
CA,CA14,201908,MCD,95675,32.30554481,0.519864123,1.213557377,$207.42 ,$59.68 ,$87.88 ,$59.81 ,$0.04 ,$0.00 ,427,11,2752,24,89,15489,29,55,2255381,3124.860076,789873,749021,60919,189668,113096,295103,502048,188257,1461149,154299,25948,59669,38303,48904
CA,CA15,201908,MCD,596,22.55872483,0.508389262,0.909025168,$332.73 ,$201.40 ,$65.44 ,$63.29 ,$2.59 ,$0.00 ,1,1,26,1,5,86,0,0,269075,1935.645521,84795,79606,14912,48433,23145,29320,80062,34066,193067,3236,5216,7611,5801,5926
CA,CA16,201908,MCD,1998,32.81981982,0.548548549,1.148612613,$171.13 ,$44.84 ,$61.82 ,$58.37 ,$6.09 ,$0.00 ,6,1,65,7,12,263,1,0,4673221,2470.336258,1796567,1692047,128698,373438,232541,689629,936866,360315,2804353,396804,19220,110888,205390,80356
CA,CA17,201908,MCD,619,22.08077544,0.513731826,0.775563813,$105.51 ,$34.67 ,$25.36 ,$42.31 ,$3.17 ,$0.00 ,3,0,19,1,1,70,0,0,539301,1496.015066,181213,172682,26130,73664,35012,67770,146907,48530,309505,12059,7723,11489,11100,5269
CA,CA18,201908,MCD,919,28.07616975,0.54624592,1.356131665,$363.20 ,$122.60 ,$161.77 ,$70.11 ,$8.72 ,$0.00 ,6,0,28,0,7,136,1,2,732212,1392.385418,241055,226727,28989,96905,53972,89461,201506,62038,494325,20238,8143,16525,14450,15994
CA,CA19,201908,MCD,42110,31.03210639,0.499145096,1.379407101,$293.96 ,$105.61 ,$65.98 ,$96.33 ,$26.03 ,$0.00 ,175,1,1806,701,21,5458,16,60,2291738,5095.099057,896341,819372,75758,168734,134416,335498,532415,114749,1083594,101802,25772,34828,51388,38576
CA,CA2,201908,MCD,11465,30.27963367,0.53126908,1.708829394,$269.98 ,$43.43 ,$89.35 ,$91.38 ,$45.82 ,$0.00 ,27,3,429,19,2,1710,4,38,180216,4176.578436,57468,44057,10782,33928,15883,22446,51676,34263,160443,3448,6076,4616,3242,9708
CA,CA20,201908,MCD,202,30.42574257,0.579207921,1.449792079,$311.87 ,$52.30 ,$137.83 ,$92.76 ,$28.98 ,$0.00 ,2,0,9,1,1,29,0,0,438530,821.7515515,156896,149067,15346,36031,23696,64390,98813,20223,269660,13520,4468,7695,7541,10444
CA,CA21,201908,MCD,185,31.54594595,0.524324324,1.263081081,$107.74 ,$27.96 ,$20.53 ,$47.23 ,$12.03 ,$0.00 ,0,0,11,1,2,22,0,0,641847,2324.181643,263188,238371,17271,57501,43401,116457,130712,38050,249451,23427,13544,12933,11677,12597
CA,CA22,201908,MCD,243,24.3744856,0.576131687,1.117930041,$169.29 ,$25.97 ,$17.85 ,$89.95 ,$35.52 ,$0.00 ,1,0,12,1,3,23,0,0,171365,1234.545845,62685,58539,6792,22175,14964,23303,45990,13426,84511,4555,4913,3992,3786,2411
CA,CA23,201908,MCD,98,32.36734694,0.56122449,1.419061225,$185.31 ,$108.09 ,$7.09 ,$43.45 ,$26.68 ,$0.00 ,1,0,5,1,4,8,0,1,151906,9005.172163,84579,59685,4117,9269,9764,35175,25619,1701,28770,2723,7154,1011,2769,11716
CA,CA24,201908,MCD,295,25.77966102,0.545762712,1.267542373,$68.04 ,$0.00 ,$8.83 ,$54.22 ,$4.98 ,$0.00 ,0,0,8,3,2,36,1,0,428006,8864.022501,193696,163983,16804,39396,35478,79271,91192,17615,138500,10651,26639,6204,11021,9809
CA,CA25,201908,MCD,397,33.23677582,0.521410579,1.467838791,$141.31 ,$6.49 ,$21.10 ,$74.82 ,$38.90 ,$0.00 ,0,0,20,1,9,47,0,0,470990,24672.40534,218386,187277,15591,36021,38019,90963,98766,8104,114440,8163,28551,6986,13481,12724
CA,CA3,201908,MCD,121028,30.406187,0.522755065,1.289017608,$255.93 ,$91.41 ,$60.52 ,$78.21 ,$25.78 ,$0.00 ,339,22,3370,1725,84,14795,29,108,4518699,27266.44488,1549773,1348982,180356,553160,432652,561952,1186660,340581,3038969,129608,113905,106066,62893,91930
CA,CA4,201908,MCD,90737,27.30336026,0.52657681,1.168080122,$283.87 ,$158.64 ,$33.17 ,$66.34 ,$25.72 ,$0.00 ,273,14,2399,618,230,10958,35,97,13262234,4850.972611,4615697,4338482,441609,1781058,1352330,1739765,2957709,1601964,9307146,1149887,86507,469799,343744,220875
CA,CA5,201908,MCD,161771,28.04021116,0.537179099,1.440952241,$0.88 ,$0.58 ,$0.16 ,$0.11 ,$0.03 ,$0.00 ,575,82,5247,1157,18107,7534,76,112,848112,1842.466511,287498,271226,25853,88185,78474,123435,199599,77382,459811,31090,10988,17892,11400,12601
CA,CA6,201908,MCD,662,26.54984894,0.548338369,1.212234139,$57.12 ,$0.00 ,$3.10 ,$10.38 ,$43.65 ,$0.00 ,3,0,27,4,46,39,2,0,443738,2735.137621,156210,144962,13861,52042,46478,64775,99117,45552,244382,21169,6950,15410,8052,19863
CA,CA7,201908,MCD,1597,23.30244208,0.524733876,1.145455229,$39.80 ,$2.93 ,$9.56 ,$19.92 ,$7.38 ,$0.00 ,3,0,52,16,75,100,1,0,883053,8132.256436,295756,267913,39056,139584,77216,92005,257750,84735,576023,15490,21557,24792,18281,31126
CA,CA8,201908,MCD,222,30.7027027,0.513513514,1.06740991,$44.66 ,$13.78 ,$6.60 ,$22.95 ,$1.34 ,$0.00 ,0,0,7,1,17,22,0,0,281455,3300.636162,121095,105317,6175,17123,20715,52758,50492,9045,86881,7329,9630,3482,4557,16435
CA,CA9,201908,MCD,253,26.70355731,0.612648221,0.905395257,$179.78 ,$85.22 ,$51.74 ,$42.18 ,$0.64 ,$0.00 ,0,0,9,1,2,26,0,0,433212,3281.719108,141155,126052,10475,78816,46650,55515,114125,75432,301974,14534,6567,17221,5984,17741
CA,CA1,201909,MCD,188515,30.03684587,0.54096491,1.843773864,$389.01 ,$149.92 ,$70.73 ,$111.06 ,$57.31 ,$0.00 ,818,34,6494,1266,47,33221,76,66,3302833,4208.762531,1204884,1118980,106962,286008,279602,439595,726344,216965,1787453,255366,42081,75015,61486,89451
CA,CA10,201909,MCD,301,24.95348837,0.548172758,1.290850498,$165.77 ,$96.72 ,$19.76 ,$37.41 ,$11.88 ,$0.00 ,2,0,10,2,9,19,0,0,460477,4824.376542,147791,136106,18321,81345,44779,50391,143528,61208,326860,6561,10023,13317,8274,5426
CA,CA11,201909,MCD,96,22.83333333,0.489583333,1.396489583,$231.92 ,$186.78 ,$1.13 ,$39.10 ,$4.91 ,$0.00 ,0,0,0,2,4,13,0,0,150075,1390.308446,45792,42735,4855,24270,10946,14567,40935,13829,101017,2919,1938,3483,2730,14912
CA,CA12,201909,MCD,568,26.91549296,0.533450704,1.160487676,$98.18 ,$21.97 ,$31.67 ,$39.05 ,$5.49 ,$0.00 ,2,0,23,1,17,63,0,0,978130,5958.095977,328577,304624,41276,147389,92035,114438,279979,108140,686675,23756,12508,28262,25805,16750
CA,CA13,201909,MCD,306,28.4248366,0.506535948,1.282068628,$444.70 ,$265.20 ,$98.42 ,$72.16 ,$8.93 ,$0.00 ,5,0,17,1,3,32,0,0,342954,21389.49918,163854,119622,10594,41422,24903,67475,74845,21273,143965,5802,14241,5844,5879,17935
CA,CA14,201909,MCD,95634,32.38641069,0.519856955,1.213165558,$212.10 ,$69.64 ,$84.35 ,$58.06 ,$0.05 ,$0.00 ,443,9,2847,27,91,15470,37,55,2255381,3124.860076,789873,749021,60919,189668,113096,295103,502048,188257,1461149,154299,25948,59669,38303,48904
CA,CA15,201909,MCD,596,22.46644295,0.506711409,0.906244966,$113.40 ,$50.86 ,$20.61 ,$40.36 ,$1.57 ,$0.00 ,3,0,25,0,4,67,1,0,269075,1935.645521,84795,79606,14912,48433,23145,29320,80062,34066,193067,3236,5216,7611,5801,5926
CA,CA16,201909,MCD,1998,32.9009009,0.549049049,1.151451452,$207.80 ,$79.74 ,$51.77 ,$66.69 ,$9.59 ,$0.00 ,7,0,72,9,8,240,3,0,4673221,2470.336258,1796567,1692047,128698,373438,232541,689629,936866,360315,2804353,396804,19220,110888,205390,80356
CA,CA17,201909,MCD,614,22.37133551,0.517915309,0.793529316,$100.20 ,$12.45 ,$25.40 ,$61.50 ,$0.85 ,$0.00 ,1,0,24,1,5,66,0,0,539301,1496.015066,181213,172682,26130,73664,35012,67770,146907,48530,309505,12059,7723,11489,11100,5269
CA,CA18,201909,MCD,922,28.06073753,0.546637744,1.350355748,$370.31 ,$95.29 ,$179.41 ,$90.10 ,$5.51 ,$0.00 ,4,1,36,3,10,125,0,1,732212,1392.385418,241055,226727,28989,96905,53972,89461,201506,62038,494325,20238,8143,16525,14450,15994
CA,CA19,201909,MCD,42097,31.11630282,0.499299238,1.3794311,$296.38 ,$121.50 ,$60.31 ,$87.07 ,$27.50 ,$0.00 ,164,3,1869,762,14,5162,13,54,2291738,5095.099057,896341,819372,75758,168734,134416,335498,532415,114749,1083594,101802,25772,34828,51388,38576
CA,CA2,201909,MCD,11473,30.36886603,0.531595921,1.70675961,$292.68 ,$70.14 ,$88.36 ,$91.02 ,$43.16 ,$0.00 ,30,5,464,44,2,1654,3,31,180216,4176.578436,57468,44057,10782,33928,15883,22446,51676,34263,160443,3448,6076,4616,3242,9708
CA,CA20,201909,MCD,201,30.26368159,0.582089552,1.43421393,$321.50 ,$91.19 ,$131.11 ,$80.43 ,$18.78 ,$0.00 ,2,0,11,2,0,16,0,0,438530,821.7515515,156896,149067,15346,36031,23696,64390,98813,20223,269660,13520,4468,7695,7541,10444
CA,CA21,201909,MCD,186,31.58064516,0.52688172,1.258456989,$90.21 ,$0.00 ,$16.17 ,$58.60 ,$15.43 ,$0.00 ,0,0,6,0,3,16,0,0,641847,2324.181643,263188,238371,17271,57501,43401,116457,130712,38050,249451,23427,13544,12933,11677,12597
CA,CA22,201909,MCD,241,24.53526971,0.576763486,1.124825726,$211.72 ,$77.38 ,$7.23 ,$89.31 ,$37.80 ,$0.00 ,0,0,7,4,1,29,0,0,171365,1234.545845,62685,58539,6792,22175,14964,23303,45990,13426,84511,4555,4913,3992,3786,2411
CA,CA23,201909,MCD,98,32.41836735,0.56122449,1.419061225,$98.77 ,$0.00 ,$21.94 ,$51.38 ,$25.45 ,$0.00 ,0,0,3,1,3,13,0,1,151906,9005.172163,84579,59685,4117,9269,9764,35175,25619,1701,28770,2723,7154,1011,2769,11716
CA,CA24,201909,MCD,296,25.81418919,0.543918919,1.268766892,$362.27 ,$258.99 ,$36.76 ,$54.09 ,$12.43 ,$0.00 ,1,0,16,4,2,30,0,0,428006,8864.022501,193696,163983,16804,39396,35478,79271,91192,17615,138500,10651,26639,6204,11021,9809
CA,CA25,201909,MCD,397,33.32493703,0.521410579,1.467838791,$609.87 ,$452.47 ,$29.98 ,$93.37 ,$34.05 ,$0.00 ,2,0,19,6,10,42,0,0,470990,24672.40534,218386,187277,15591,36021,38019,90963,98766,8104,114440,8163,28551,6986,13481,12724
CA,CA3,201909,MCD,120968,30.49427948,0.522964751,1.288890029,$248.04 ,$98.95 ,$54.21 ,$68.35 ,$26.53 ,$0.00 ,315,21,3357,1758,79,13915,26,95,4518699,27266.44488,1549773,1348982,180356,553160,432652,561952,1186660,340581,3038969,129608,113905,106066,62893,91930
CA,CA4,201909,MCD,90793,27.38366394,0.526450277,1.167043704,$250.16 ,$125.52 ,$35.65 ,$63.49 ,$25.49 ,$0.00 ,325,18,2546,732,221,11692,29,95,13262234,4850.972611,4615697,4338482,441609,1781058,1352330,1739765,2957709,1601964,9307146,1149887,86507,469799,343744,220875
CA,CA5,201909,MCD,161653,28.13032236,0.537162935,1.441338119,$0.46 ,$0.20 ,$0.10 ,$0.13 ,$0.03 ,$0.00 ,626,82,5536,1405,18143,6968,67,90,848112,1842.466511,287498,271226,25853,88185,78474,123435,199599,77382,459811,31090,10988,17892,11400,12601
CA,CA6,201909,MCD,661,26.62329803,0.552193646,1.214449319,$72.41 ,$10.01 ,$6.35 ,$14.46 ,$41.60 ,$0.00 ,0,0,29,7,55,40,0,0,443738,2735.137621,156210,144962,13861,52042,46478,64775,99117,45552,244382,21169,6950,15410,8052,19863
CA,CA7,201909,MCD,1589,23.44178729,0.526117055,1.144485211,$87.97 ,$34.73 ,$18.85 ,$24.65 ,$9.73 ,$0.00 ,5,1,75,14,102,93,0,2,883053,8132.256436,295756,267913,39056,139584,77216,92005,257750,84735,576023,15490,21557,24792,18281,31126
CA,CA8,201909,MCD,222,30.80630631,0.513513514,1.063617117,$107.80 ,$35.05 ,$33.89 ,$37.57 ,$1.30 ,$0.00 ,3,0,8,0,10,22,0,0,281455,3300.636162,121095,105317,6175,17123,20715,52758,50492,9045,86881,7329,9630,3482,4557,16435
CA,CA9,201909,MCD,254,26.79527559,0.614173228,0.907472441,$94.15 ,$16.51 ,$29.40 ,$47.16 ,$1.08 ,$0.00 ,1,0,9,0,0,24,0,0,433212,3281.719108,141155,126052,10475,78816,46650,55515,114125,75432,301974,14534,6567,17221,5984,17741
CA,CA1,201910,MCD,188428,30.12194048,0.5409281,1.843737666,$405.42 ,$150.74 ,$73.69 ,$123.05 ,$57.95 ,$0.00 ,851,46,6102,1224,58,36830,116,72,3302833,4208.762531,1204884,1118980,106962,286008,279602,439595,726344,216965,1787453,255366,42081,75015,61486,89451
CA,CA10,201910,MCD,298,25.20805369,0.546979866,1.301815436,$299.43 ,$188.86 ,$36.44 ,$60.76 ,$13.38 ,$0.00 ,4,0,12,0,25,23,1,0,460477,4824.376542,147791,136106,18321,81345,44779,50391,143528,61208,326860,6561,10023,13317,8274,5426
CA,CA11,201910,MCD,96,22.90625,0.489583333,1.396489583,$30.23 ,$0.00 ,$1.40 ,$14.65 ,$14.18 ,$0.00 ,0,0,1,1,2,7,0,1,150075,1390.308446,45792,42735,4855,24270,10946,14567,40935,13829,101017,2919,1938,3483,2730,14912
CA,CA12,201910,MCD,569,27.04393673,0.53602812,1.163768014,$118.92 ,$18.98 ,$47.13 ,$34.02 ,$18.80 ,$0.00 ,2,0,16,3,16,50,0,0,978130,5958.095977,328577,304624,41276,147389,92035,114438,279979,108140,686675,23756,12508,28262,25805,16750
CA,CA13,201910,MCD,304,28.56907895,0.503289474,1.289450658,$171.94 ,$23.53 ,$77.13 ,$63.39 ,$7.88 ,$0.00 ,1,0,20,1,4,40,0,0,342954,21389.49918,163854,119622,10594,41422,24903,67475,74845,21273,143965,5802,14241,5844,5879,17935
CA,CA14,201910,MCD,95584,32.4800385,0.51990919,1.214443118,$240.79 ,$85.56 ,$92.87 ,$62.31 ,$0.05 ,$0.00 ,429,11,2850,22,104,15938,32,60,2255381,3124.860076,789873,749021,60919,189668,113096,295103,502048,188257,1461149,154299,25948,59669,38303,48904
CA,CA15,201910,MCD,592,22.64358108,0.508445946,0.909672297,$157.87 ,$64.25 ,$49.44 ,$42.36 ,$1.82 ,$0.00 ,0,0,27,2,4,75,1,0,269075,1935.645521,84795,79606,14912,48433,23145,29320,80062,34066,193067,3236,5216,7611,5801,5926
CA,CA16,201910,MCD,1992,33.02259036,0.548694779,1.152977912,$176.19 ,$41.25 ,$62.12 ,$65.80 ,$7.02 ,$0.00 ,7,0,77,8,11,296,0,0,4673221,2470.336258,1796567,1692047,128698,373438,232541,689629,936866,360315,2804353,396804,19220,110888,205390,80356
CA,CA17,201910,MCD,620,22.33548387,0.514516129,0.784870968,$72.85 ,$4.35 ,$24.51 ,$42.08 ,$1.91 ,$0.00 ,0,0,21,1,3,77,0,0,539301,1496.015066,181213,172682,26130,73664,35012,67770,146907,48530,309505,12059,7723,11489,11100,5269
CA,CA18,201910,MCD,922,28.19197397,0.544468547,1.353530369,$449.44 ,$39.73 ,$340.48 ,$63.35 ,$5.88 ,$0.00 ,4,0,39,1,5,147,1,1,732212,1392.385418,241055,226727,28989,96905,53972,89461,201506,62038,494325,20238,8143,16525,14450,15994
CA,CA19,201910,MCD,42060,31.21609605,0.499096529,1.379213505,$301.48 ,$121.86 ,$65.19 ,$86.21 ,$28.22 ,$0.00 ,184,1,1813,748,16,5494,21,55,2291738,5095.099057,896341,819372,75758,168734,134416,335498,532415,114749,1083594,101802,25772,34828,51388,38576
CA,CA2,201910,MCD,11469,30.46499259,0.531868515,1.706287471,$354.14 ,$86.11 ,$109.95 ,$106.44 ,$51.63 ,$0.00 ,38,5,462,35,1,1855,3,38,180216,4176.578436,57468,44057,10782,33928,15883,22446,51676,34263,160443,3448,6076,4616,3242,9708
CA,CA20,201910,MCD,198,30.15656566,0.580808081,1.411550505,$272.35 ,$23.92 ,$147.27 ,$76.42 ,$24.74 ,$0.00 ,1,0,3,0,1,21,0,0,438530,821.7515515,156896,149067,15346,36031,23696,64390,98813,20223,269660,13520,4468,7695,7541,10444
CA,CA21,201910,MCD,185,31.55135135,0.524324324,1.253816216,$49.44 ,$0.00 ,$6.73 ,$28.79 ,$13.91 ,$0.00 ,0,0,7,0,4,24,0,0,641847,2324.181643,263188,238371,17271,57501,43401,116457,130712,38050,249451,23427,13544,12933,11677,12597
CA,CA22,201910,MCD,243,24.55144033,0.576131687,1.117930041,$179.92 ,$43.63 ,$13.17 ,$81.32 ,$41.79 ,$0.00 ,1,0,10,4,0,24,0,0,171365,1234.545845,62685,58539,6792,22175,14964,23303,45990,13426,84511,4555,4913,3992,3786,2411
CA,CA23,201910,MCD,97,32.07216495,0.556701031,1.325896907,$170.26 ,$57.49 ,$23.66 ,$63.34 ,$25.77 ,$0.00 ,1,0,3,0,2,12,0,1,151906,9005.172163,84579,59685,4117,9269,9764,35175,25619,1701,28770,2723,7154,1011,2769,11716
CA,CA24,201910,MCD,292,25.96232877,0.544520548,1.280465753,$205.65 ,$66.97 ,$59.94 ,$71.67 ,$7.06 ,$0.00 ,1,0,13,3,2,26,0,0,428006,8864.022501,193696,163983,16804,39396,35478,79271,91192,17615,138500,10651,26639,6204,11021,9809
CA,CA25,201910,MCD,397,33.41561713,0.521410579,1.467838791,$154.39 ,$0.00 ,$33.20 ,$55.42 ,$65.77 ,$0.00 ,1,0,24,2,11,47,0,0,470990,24672.40534,218386,187277,15591,36021,38019,90963,98766,8104,114440,8163,28551,6986,13481,12724
CA,CA3,201910,MCD,120937,30.58681793,0.522958235,1.289707732,$270.41 ,$95.92 ,$64.83 ,$81.30 ,$28.35 ,$0.00 ,370,25,3456,1703,73,15177,35,89,4518699,27266.44488,1549773,1348982,180356,553160,432652,561952,1186660,340581,3038969,129608,113905,106066,62893,91930
CA,CA4,201910,MCD,90736,27.48221213,0.526406278,1.167492241,$272.28 ,$130.48 ,$42.74 ,$71.63 ,$27.42 ,$0.00 ,302,8,2592,759,240,12473,33,93,13262234,4850.972611,4615697,4338482,441609,1781058,1352330,1739765,2957709,1601964,9307146,1149887,86507,469799,343744,220875
CA,CA5,201910,MCD,161667,28.22334181,0.537036006,1.441965664,$0.24 ,$0.04 ,$0.06 ,$0.09 ,$0.05 ,$0.00 ,619,91,5377,1355,19811,7543,57,106,848112,1842.466511,287498,271226,25853,88185,78474,123435,199599,77382,459811,31090,10988,17892,11400,12601
CA,CA6,201910,MCD,660,26.59090909,0.554545455,1.209274242,$33.74 ,$6.01 ,$8.55 ,$14.42 ,$4.77 ,$0.00 ,3,1,26,4,51,41,0,0,443738,2735.137621,156210,144962,13861,52042,46478,64775,99117,45552,244382,21169,6950,15410,8052,19863
CA,CA7,201910,MCD,1600,23.506875,0.52375,1.140235,$54.74 ,$10.86 ,$12.10 ,$24.71 ,$7.07 ,$0.00 ,13,1,82,13,86,90,0,2,883053,8132.256436,295756,267913,39056,139584,77216,92005,257750,84735,576023,15490,21557,24792,18281,31126
CA,CA8,201910,MCD,221,30.73755656,0.515837104,1.062556561,$48.24 ,$12.97 ,$1.62 ,$30.26 ,$3.39 ,$0.00 ,1,0,10,1,15,28,0,0,281455,3300.636162,121095,105317,6175,17123,20715,52758,50492,9045,86881,7329,9630,3482,4557,16435
CA,CA9,201910,MCD,248,27.09677419,0.616935484,0.899520161,$119.37 ,$44.12 ,$25.14 ,$47.71 ,$2.41 ,$0.00 ,1,0,5,0,2,24,0,0,433212,3281.719108,141155,126052,10475,78816,46650,55515,114125,75432,301974,14534,6567,17221,5984,17741
CA,CA1,201911,MCD,184463,30.21199373,0.541387704,1.853710912,$387.22 ,$152.90 ,$69.72 ,$109.89 ,$54.71 ,$0.00 ,820,32,5765,1234,60,31243,62,74,3302833,4208.762531,1204884,1118980,106962,286008,279602,439595,726344,216965,1787453,255366,42081,75015,61486,89451
CA,CA10,201911,MCD,282,24.9822695,0.542553192,1.274205674,$83.72 ,$32.45 ,$16.61 ,$25.54 ,$9.12 ,$0.00 ,1,0,11,2,16,27,0,0,460477,4824.376542,147791,136106,18321,81345,44779,50391,143528,61208,326860,6561,10023,13317,8274,5426
CA,CA11,201911,MCD,94,23.11702128,0.478723404,1.291159575,$29.53 ,$0.01 ,$1.06 ,$17.05 ,$11.42 ,$0.00 ,2,0,3,0,2,9,0,0,150075,1390.308446,45792,42735,4855,24270,10946,14567,40935,13829,101017,2919,1938,3483,2730,14912
CA,CA12,201911,MCD,552,26.91666667,0.53442029,1.17825,$74.83 ,$12.23 ,$32.12 ,$26.07 ,$4.41 ,$0.00 ,0,2,22,3,12,62,0,0,978130,5958.095977,328577,304624,41276,147389,92035,114438,279979,108140,686675,23756,12508,28262,25805,16750
CA,CA13,201911,MCD,300,28.11,0.513333333,1.294593333,$163.42 ,$45.33 ,$52.15 ,$58.67 ,$7.27 ,$0.00 ,2,0,10,1,5,37,0,0,342954,21389.49918,163854,119622,10594,41422,24903,67475,74845,21273,143965,5802,14241,5844,5879,17935
CA,CA14,201911,MCD,93458,32.58686255,0.520297888,1.22049511,$217.65 ,$78.07 ,$82.56 ,$56.99 ,$0.03 ,$0.00 ,454,3,2800,24,74,14503,30,57,2255381,3124.860076,789873,749021,60919,189668,113096,295103,502048,188257,1461149,154299,25948,59669,38303,48904
CA,CA15,201911,MCD,571,22.99649737,0.509632224,0.899112084,$133.93 ,$56.73 ,$33.01 ,$41.73 ,$2.48 ,$0.00 ,4,0,25,1,3,73,0,0,269075,1935.645521,84795,79606,14912,48433,23145,29320,80062,34066,193067,3236,5216,7611,5801,5926
CA,CA16,201911,MCD,1918,33.20072993,0.547445256,1.159022941,$228.99 ,$38.74 ,$91.98 ,$92.42 ,$5.85 ,$0.00 ,9,0,67,7,11,226,1,0,4673221,2470.336258,1796567,1692047,128698,373438,232541,689629,936866,360315,2804353,396804,19220,110888,205390,80356
CA,CA17,201911,MCD,598,22.44648829,0.506688963,0.774827759,$55.48 ,$0.00 ,$22.93 ,$31.92 ,$0.64 ,$0.00 ,1,0,24,1,1,61,0,0,539301,1496.015066,181213,172682,26130,73664,35012,67770,146907,48530,309505,12059,7723,11489,11100,5269
CA,CA18,201911,MCD,901,28.11209767,0.550499445,1.371874584,$257.34 ,$83.21 ,$115.51 ,$51.41 ,$7.20 ,$0.00 ,6,0,39,3,6,104,0,1,732212,1392.385418,241055,226727,28989,96905,53972,89461,201506,62038,494325,20238,8143,16525,14450,15994
CA,CA19,201911,MCD,41068,31.30661342,0.498806857,1.37817773,$252.74 ,$103.64 ,$58.14 ,$66.37 ,$24.59 ,$0.00 ,164,1,1712,749,17,4722,10,59,2291738,5095.099057,896341,819372,75758,168734,134416,335498,532415,114749,1083594,101802,25772,34828,51388,38576
CA,CA2,201911,MCD,11243,30.50600374,0.53277595,1.709733345,$258.74 ,$43.26 ,$92.38 ,$80.19 ,$42.91 ,$0.00 ,28,2,463,41,2,1646,9,40,180216,4176.578436,57468,44057,10782,33928,15883,22446,51676,34263,160443,3448,6076,4616,3242,9708
CA,CA20,201911,MCD,193,30.55958549,0.580310881,1.490958549,$396.10 ,$142.31 ,$135.12 ,$84.47 ,$34.20 ,$0.00 ,3,0,8,0,0,29,0,0,438530,821.7515515,156896,149067,15346,36031,23696,64390,98813,20223,269660,13520,4468,7695,7541,10444
CA,CA21,201911,MCD,176,31.58522727,0.517045455,1.302369318,$123.15 ,$21.00 ,$43.29 ,$45.12 ,$13.74 ,$0.00 ,0,0,7,1,3,22,0,0,641847,2324.181643,263188,238371,17271,57501,43401,116457,130712,38050,249451,23427,13544,12933,11677,12597
CA,CA22,201911,MCD,223,24.21076233,0.565022422,1.174327354,$308.82 ,$191.31 ,$15.59 ,$69.40 ,$32.53 ,$0.00 ,4,0,11,5,1,25,0,0,171365,1234.545845,62685,58539,6792,22175,14964,23303,45990,13426,84511,4555,4913,3992,3786,2411
CA,CA23,201911,MCD,95,32.33684211,0.547368421,1.313431579,$160.52 ,$0.00 ,$67.76 ,$62.50 ,$30.26 ,$0.00 ,0,0,3,0,1,9,0,1,151906,9005.172163,84579,59685,4117,9269,9764,35175,25619,1701,28770,2723,7154,1011,2769,11716
CA,CA24,201911,MCD,284,25.76408451,0.535211268,1.24190493,$192.70 ,$90.07 ,$27.87 ,$66.73 ,$8.02 ,$0.00 ,0,0,15,3,9,27,0,0,428006,8864.022501,193696,163983,16804,39396,35478,79271,91192,17615,138500,10651,26639,6204,11021,9809
CA,CA25,201911,MCD,381,33.60104987,0.524934383,1.47939895,$303.85 ,$155.40 ,$59.00 ,$81.04 ,$8.40 ,$0.00 ,1,0,21,4,9,35,0,0,470990,24672.40534,218386,187277,15591,36021,38019,90963,98766,8104,114440,8163,28551,6986,13481,12724
CA,CA3,201911,MCD,117472,30.74840813,0.523222555,1.292091,$275.91 ,$108.56 ,$69.02 ,$74.03 ,$24.30 ,$0.00 ,358,20,3247,1759,70,13030,33,111,4518699,27266.44488,1549773,1348982,180356,553160,432652,561952,1186660,340581,3038969,129608,113905,106066,62893,91930
CA,CA4,201911,MCD,88858,27.55524545,0.525827725,1.168960139,$323.39 ,$193.70 ,$39.28 ,$65.93 ,$24.47 ,$0.00 ,343,11,2587,684,196,10530,20,99,13262234,4850.972611,4615697,4338482,441609,1781058,1352330,1739765,2957709,1601964,9307146,1149887,86507,469799,343744,220875
CA,CA5,201911,MCD,159280,28.29160598,0.537179809,1.445543307,$0.40 ,$0.00 ,$0.26 ,$0.10 ,$0.03 ,$0.00 ,587,74,5217,1303,16986,6490,59,106,848112,1842.466511,287498,271226,25853,88185,78474,123435,199599,77382,459811,31090,10988,17892,11400,12601
CA,CA6,201911,MCD,626,26.60223642,0.552715655,1.207618211,$14.45 ,$0.00 ,$1.74 ,$5.82 ,$6.89 ,$0.00 ,1,0,18,6,52,28,0,0,443738,2735.137621,156210,144962,13861,52042,46478,64775,99117,45552,244382,21169,6950,15410,8052,19863
CA,CA7,201911,MCD,1518,23.50527009,0.522397892,1.157708827,$46.48 ,$11.02 ,$4.16 ,$27.40 ,$3.90 ,$0.00 ,5,0,63,16,71,94,1,2,883053,8132.256436,295756,267913,39056,139584,77216,92005,257750,84735,576023,15490,21557,24792,18281,31126
CA,CA8,201911,MCD,212,31.02358491,0.504716981,1.100919811,$92.88 ,$68.98 ,$6.29 ,$16.00 ,$1.62 ,$0.00 ,2,0,11,1,13,14,0,0,281455,3300.636162,121095,105317,6175,17123,20715,52758,50492,9045,86881,7329,9630,3482,4557,16435
CA,CA9,201911,MCD,239,27.41841004,0.610878661,0.864351464,$104.77 ,$11.30 ,$47.45 ,$43.24 ,$2.78 ,$0.00 ,1,0,9,0,1,17,0,0,433212,3281.719108,141155,126052,10475,78816,46650,55515,114125,75432,301974,14534,6567,17221,5984,17741
CA,CA1,201912,MCD,180141,30.31100638,0.541742302,1.864508924,$397.79 ,$157.99 ,$70.02 ,$108.15 ,$61.63 ,$0.00 ,929,27,6012,1289,50,30311,73,73,3302833,4208.762531,1204884,1118980,106962,286008,279602,439595,726344,216965,1787453,255366,42081,75015,61486,89451
CA,CA10,201912,MCD,269,24.71747212,0.527881041,1.131334573,$82.71 ,$0.00 ,$38.01 ,$37.89 ,$6.81 ,$0.00 ,0,0,13,1,11,18,0,0,460477,4824.376542,147791,136106,18321,81345,44779,50391,143528,61208,326860,6561,10023,13317,8274,5426
CA,CA11,201912,MCD,91,22.3956044,0.472527473,1.309648352,$67.89 ,$0.00 ,$26.87 ,$23.18 ,$17.84 ,$0.00 ,0,0,7,0,3,8,0,1,150075,1390.308446,45792,42735,4855,24270,10946,14567,40935,13829,101017,2919,1938,3483,2730,14912
CA,CA12,201912,MCD,527,26.82922201,0.535104364,1.192273245,$312.30 ,$198.48 ,$53.98 ,$39.01 ,$20.83 ,$0.00 ,2,1,20,8,12,56,0,0,978130,5958.095977,328577,304624,41276,147389,92035,114438,279979,108140,686675,23756,12508,28262,25805,16750
CA,CA13,201912,MCD,287,28.20905923,0.512195122,1.261954704,$247.91 ,$47.81 ,$56.26 ,$137.85 ,$6.00 ,$0.00 ,4,0,9,4,5,30,0,0,342954,21389.49918,163854,119622,10594,41422,24903,67475,74845,21273,143965,5802,14241,5844,5879,17935
CA,CA14,201912,MCD,91388,32.65961614,0.520495032,1.222834037,$228.50 ,$80.57 ,$88.22 ,$59.67 ,$0.04 ,$0.00 ,480,0,3006,25,89,14702,20,52,2255381,3124.860076,789873,749021,60919,189668,113096,295103,502048,188257,1461149,154299,25948,59669,38303,48904
CA,CA15,201912,MCD,546,23.06959707,0.512820513,0.907498169,$198.76 ,$126.21 ,$23.40 ,$48.58 ,$0.58 ,$0.00 ,2,0,19,1,6,66,0,0,269075,1935.645521,84795,79606,14912,48433,23145,29320,80062,34066,193067,3236,5216,7611,5801,5926
CA,CA16,201912,MCD,1827,33.37438424,0.545155993,1.182428571,$164.41 ,$22.79 ,$63.18 ,$68.94 ,$9.49 ,$0.00 ,3,0,74,7,4,229,0,0,4673221,2470.336258,1796567,1692047,128698,373438,232541,689629,936866,360315,2804353,396804,19220,110888,205390,80356
CA,CA17,201912,MCD,579,22.81692573,0.511226252,0.784690846,$99.06 ,$28.44 ,$28.65 ,$40.87 ,$1.10 ,$0.00 ,3,0,22,1,5,71,0,0,539301,1496.015066,181213,172682,26130,73664,35012,67770,146907,48530,309505,12059,7723,11489,11100,5269
CA,CA18,201912,MCD,865,27.93872832,0.546820809,1.386443931,$287.72 ,$110.30 ,$112.00 ,$58.59 ,$6.82 ,$0.00 ,3,0,36,5,5,128,0,0,732212,1392.385418,241055,226727,28989,96905,53972,89461,201506,62038,494325,20238,8143,16525,14450,15994
CA,CA19,201912,MCD,40087,31.39521541,0.498964752,1.374094519,$319.64 ,$163.70 ,$66.35 ,$62.41 ,$27.18 ,$0.00 ,197,1,1727,506,12,3975,10,49,2291738,5095.099057,896341,819372,75758,168734,134416,335498,532415,114749,1083594,101802,25772,34828,51388,38576
CA,CA2,201912,MCD,11049,30.58403475,0.532174858,1.711705041,$273.10 ,$51.21 ,$93.46 ,$79.52 ,$48.91 ,$0.00 ,36,2,432,77,2,1508,3,34,180216,4176.578436,57468,44057,10782,33928,15883,22446,51676,34263,160443,3448,6076,4616,3242,9708
CA,CA20,201912,MCD,180,31.18333333,0.572222222,1.458094444,$349.25 ,$48.22 ,$172.28 ,$98.06 ,$30.68 ,$0.00 ,1,1,9,2,0,20,0,0,438530,821.7515515,156896,149067,15346,36031,23696,64390,98813,20223,269660,13520,4468,7695,7541,10444
CA,CA21,201912,MCD,170,32.09411765,0.511764706,1.334017647,$278.52 ,$172.49 ,$30.98 ,$59.54 ,$15.52 ,$0.00 ,0,0,8,0,1,22,0,0,641847,2324.181643,263188,238371,17271,57501,43401,116457,130712,38050,249451,23427,13544,12933,11677,12597
CA,CA22,201912,MCD,220,24.11818182,0.572727273,1.082363636,$112.25 ,$40.68 ,$9.85 ,$32.23 ,$29.49 ,$0.00 ,1,0,7,4,2,13,0,0,171365,1234.545845,62685,58539,6792,22175,14964,23303,45990,13426,84511,4555,4913,3992,3786,2411
CA,CA23,201912,MCD,91,32.08791209,0.54945055,1.473175824,$246.20 ,$0.00 ,$74.18 ,$63.66 ,$108.36 ,$0.00 ,0,0,6,0,1,18,0,0,151906,9005.172163,84579,59685,4117,9269,9764,35175,25619,1701,28770,2723,7154,1011,2769,11716
CA,CA24,201912,MCD,279,25.69175627,0.534050179,1.207670251,$222.01 ,$129.29 ,$26.25 ,$53.98 ,$12.49 ,$0.00 ,3,0,11,5,7,31,1,0,428006,8864.022501,193696,163983,16804,39396,35478,79271,91192,17615,138500,10651,26639,6204,11021,9809
CA,CA25,201912,MCD,362,33.79005525,0.522099448,1.481110497,$149.01 ,$24.95 ,$31.04 ,$80.63 ,$12.39 ,$0.00 ,1,0,27,5,10,42,0,0,470990,24672.40534,218386,187277,15591,36021,38019,90963,98766,8104,114440,8163,28551,6986,13481,12724
CA,CA3,201912,MCD,114539,30.88156872,0.523743005,1.292120902,$297.75 ,$128.35 ,$64.21 ,$77.40 ,$27.78 ,$0.00 ,387,14,3408,2065,56,12940,23,108,4518699,27266.44488,1549773,1348982,180356,553160,432652,561952,1186660,340581,3038969,129608,113905,106066,62893,91930
CA,CA4,201912,MCD,86982,27.60635534,0.525453542,1.169604274,$285.49 ,$150.81 ,$42.07 ,$65.61 ,$27.00 ,$0.00 ,296,10,2940,746,200,10457,16,92,13262234,4850.972611,4615697,4338482,441609,1781058,1352330,1739765,2957709,1601964,9307146,1149887,86507,469799,343744,220875
CA,CA5,201912,MCD,156850,28.36582085,0.537634683,1.448939554,$0.35 ,$0.05 ,$0.15 ,$0.10 ,$0.05 ,$0.00 ,646,72,5509,1560,16793,6102,56,100,848112,1842.466511,287498,271226,25853,88185,78474,123435,199599,77382,459811,31090,10988,17892,11400,12601
CA,CA6,201912,MCD,598,26.96153846,0.556856187,1.23591806,$37.16 ,$0.00 ,$20.41 ,$8.28 ,$8.47 ,$0.00 ,2,0,24,4,47,27,0,0,443738,2735.137621,156210,144962,13861,52042,46478,64775,99117,45552,244382,21169,6950,15410,8052,19863
CA,CA7,201912,MCD,1453,23.45767378,0.526496903,1.172892636,$53.91 ,$2.83 ,$9.04 ,$35.07 ,$6.97 ,$0.00 ,4,0,76,16,69,85,1,3,883053,8132.256436,295756,267913,39056,139584,77216,92005,257750,84735,576023,15490,21557,24792,18281,31126
CA,CA8,201912,MCD,205,30.8097561,0.502439024,1.062092683,$217.01 ,$170.72 ,$1.73 ,$43.16 ,$1.40 ,$0.00 ,0,0,4,1,7,13,0,0,281455,3300.636162,121095,105317,6175,17123,20715,52758,50492,9045,86881,7329,9630,3482,4557,16435
CA,CA9,201912,MCD,233,27.51502146,0.626609442,0.901587983,$184.42 ,$111.88 ,$37.29 ,$34.57 ,$0.68 ,$0.00 ,1,0,12,1,1,19,0,0,433212,3281.719108,141155,126052,10475,78816,46650,55515,114125,75432,301974,14534,6567,17221,5984,17741